Orthogroup	Candidatus_Atelocyanobacterium_thalassa_isolate_ALOHA_GCF_000025125.1_protein	cyanobacterium_endosymbiont_of_Epithemia_turgida_isolate_EtSB_Lake_Yunoko_ETSB_Lake_Yunoko_GCF_000829235.1_protein
OG0000002	WP_012954598.1	WP_044107455.1
OG0000002	WP_012953902.1	WP_044107086.1
OG0000002	WP_012954277.1	WP_044105586.1
OG0000004	WP_012953566.1	WP_044107682.1
OG0000004	WP_012953905.1	WP_171816450.1
OG0000005	WP_012953853.1	WP_044106509.1
OG0000005	WP_236608132.1	WP_044107588.1
OG0000005	WP_012953908.1	WP_044105651.1
OG0000006	WP_012954347.1	WP_044106285.1
OG0000006	WP_236608133.1	WP_195910197.1
OG0000006	WP_012954085.1	WP_044106813.1
OG0000009	WP_236608145.1	WP_232509908.1
OG0000009	WP_012954549.1	WP_044107246.1
OG0000009	WP_012954099.1	WP_044106882.1
OG0000010	WP_148207764.1	WP_171816378.1, WP_044105555.1, WP_052470609.1, WP_044106279.1
OG0000011	WP_012953813.1	WP_044106088.1
OG0000011	WP_012953814.1	WP_044106087.1
OG0000012	WP_012953833.1	WP_044105968.1, WP_044105796.1, WP_044105915.1
OG0000013	WP_012954435.1, WP_012954458.1	WP_044105701.1
OG0000016	WP_012954196.1	WP_044106471.1
OG0000016	WP_012953920.1	WP_171816456.1
OG0000017	WP_012954021.1	WP_044106804.1
OG0000018	WP_012954371.1	WP_044105505.1
OG0000018	WP_041487851.1	WP_084220214.1
OG0000019	WP_012954511.1	WP_044106759.1
OG0000019	WP_012954465.1	WP_044105906.1
OG0000020	WP_012954493.1	WP_044106868.1
OG0000020	WP_012954617.1	WP_044106105.1
OG0000023	WP_012953903.1	WP_044106752.1
OG0000023	WP_012953663.1	WP_044106195.1
OG0000024	WP_012953822.1	WP_044106831.1
OG0000024	WP_012954203.1	WP_044107440.1
OG0000025	WP_012954605.1	WP_044106482.1
OG0000025	WP_012954012.1	WP_232509920.1
OG0000026	WP_012954492.1	WP_044106869.1
OG0000026	WP_012954473.1	WP_044107610.1
OG0000027	WP_012954599.1	WP_044106434.1, WP_044106355.1, WP_044105464.1
OG0000029	WP_012953989.1	WP_044106819.1
OG0000029	WP_012953539.1	WP_044106393.1
OG0000030	WP_012953557.1	WP_084220174.1
OG0000030	WP_012954379.1	WP_044106349.1
OG0000031	WP_012953575.1	WP_044106866.1
OG0000031	WP_012953713.1	WP_044106353.1
OG0000032	WP_012954150.1	WP_232509865.1
OG0000032	WP_012953697.1	WP_044106634.1
OG0000033	WP_012953707.1	WP_044106073.1
OG0000033	WP_012953739.1	WP_044107314.1
OG0000034	WP_012953804.1	WP_044106690.1
OG0000034	WP_012954134.1	WP_044107155.1
OG0000035	WP_236608143.1	WP_171816400.1, WP_052470624.1
OG0000035	WP_012953848.1	WP_044106970.1
OG0000036	WP_012954303.1	WP_044105840.1
OG0000036	WP_012953897.1	WP_044107593.1
OG0000037	WP_012954143.1	WP_012596483.1
OG0000037	WP_012953946.1	WP_044106680.1
OG0000038	WP_012954152.1	WP_044106151.1
OG0000038	WP_012954490.1	WP_044106330.1
OG0000039	WP_041487756.1	WP_044107707.1
OG0000042	WP_012953591.1	WP_044107488.1
OG0000043	WP_012953735.1	WP_044106218.1
OG0000044	WP_012954151.1	WP_044107036.1, WP_044107433.1
OG0000045	WP_041487776.1	WP_171816403.1
OG0000045	WP_012954240.1	WP_044107656.1
OG0000046	WP_012954346.1	WP_044106148.1
OG0000047	WP_012954451.1	WP_232509866.1, WP_044106383.1
OG0000048	WP_012954563.1	WP_044107351.1
OG0000048	WP_012954519.1	WP_044106080.1
OG0000059	WP_012954288.1	WP_232509915.1
OG0000061	WP_012953763.1	WP_044107080.1
OG0000062	WP_012954326.1	WP_044106103.1, WP_044105515.1
OG0000063	WP_041487853.1	WP_044105722.1, WP_044106673.1
OG0000064	WP_148207785.1	WP_044106748.1, WP_044105622.1
OG0000070	WP_012953446.1	WP_044105531.1
OG0000071	WP_012953550.1	WP_044105992.1
OG0000072	WP_012953641.1	WP_171816376.1
OG0000073	WP_012953881.1	WP_044106761.1
OG0000074	WP_012953945.1	WP_044107238.1
OG0000075	WP_012954131.1	WP_044105525.1
OG0000076	WP_012954166.1	WP_044105599.1
OG0000078	WP_012954199.1	WP_044106473.1, WP_044106475.1
OG0000079	WP_012954251.1	WP_044107249.1
OG0000081	WP_236608128.1	WP_044105623.1
OG0000082	WP_236608146.1	WP_044106137.1
OG0000094	WP_012953567.1	WP_044107173.1
OG0000095	WP_012953632.1	WP_044107534.1
OG0000096	WP_012953805.1	WP_044106710.1
OG0000097	WP_012953824.1	WP_044106411.1
OG0000098	WP_012953857.1	WP_044105757.1
OG0000099	WP_012953879.1	WP_044106161.1
OG0000100	WP_012953948.1	WP_044107613.1
OG0000101	WP_012953951.1	WP_044106542.1
OG0000102	WP_012954016.1	WP_044107007.1
OG0000103	WP_012954081.1	WP_044106544.1
OG0000105	WP_012954239.1	WP_044105642.1
OG0000106	WP_012954273.1	WP_044106136.1
OG0000107	WP_012954461.1	WP_044106477.1
OG0000108	WP_201763759.1	WP_044105626.1
OG0000126	WP_012953467.1	WP_044106596.1
OG0000127	WP_012953486.1	WP_044106974.1
OG0000128	WP_012953487.1	WP_044105811.1
OG0000129	WP_012953538.1	WP_044105678.1
OG0000130	WP_012953540.1	WP_044106395.1
OG0000131	WP_012953542.1	WP_044106738.1
OG0000132	WP_012953547.1	WP_044105502.1
OG0000133	WP_012953549.1	WP_044105993.1
OG0000134	WP_012953554.1	WP_044105988.1
OG0000135	WP_012953568.1	WP_052470611.1, WP_171816381.1
OG0000136	WP_012953618.1	WP_044106713.1
OG0000137	WP_012953643.1	WP_044106646.1
OG0000138	WP_012953653.1	WP_044107701.1
OG0000139	WP_012953656.1	WP_044107262.1
OG0000140	WP_012953675.1	WP_044105569.1
OG0000141	WP_012953704.1	WP_232509862.1
OG0000142	WP_012953721.1	WP_044107062.1
OG0000143	WP_012953759.1	WP_044105826.1
OG0000144	WP_012953800.1	WP_044107240.1
OG0000145	WP_012953802.1	WP_044105833.1
OG0000146	WP_012953816.1	WP_044106085.1
OG0000147	WP_012953839.1	WP_044106247.1
OG0000149	WP_012953877.1	WP_044107116.1
OG0000150	WP_012953880.1	WP_044106163.1
OG0000151	WP_012953898.1	WP_044106603.1
OG0000153	WP_012953964.1	WP_044106282.1
OG0000154	WP_012954001.1	WP_232509875.1
OG0000155	WP_012954049.1	WP_044105876.1
OG0000156	WP_012954068.1	WP_044106793.1
OG0000157	WP_012954077.1	WP_044106944.1
OG0000158	WP_012954084.1	WP_044105725.1
OG0000159	WP_012954089.1	WP_044105592.1
OG0000160	WP_012954180.1	WP_044105733.1
OG0000161	WP_012954195.1	WP_044106466.1
OG0000163	WP_012954275.1	WP_044106768.1
OG0000164	WP_012954295.1	WP_044106755.1
OG0000165	WP_012954365.1	WP_044107085.1
OG0000166	WP_012954421.1	WP_044106669.1
OG0000167	WP_012954429.1	WP_044106525.1
OG0000170	WP_012954477.1	WP_044106513.1
OG0000171	WP_012954512.1	WP_044105470.1
OG0000172	WP_012954517.1	WP_044105861.1
OG0000173	WP_012954528.1	WP_044107296.1
OG0000174	WP_012954538.1	WP_232509834.1
OG0000175	WP_012954626.1	WP_044106185.1
OG0000176	WP_041487708.1	WP_044105987.1
OG0000177	WP_041487725.1	WP_044106551.1
OG0000178	WP_041487734.1	WP_044106694.1
OG0000179	WP_041487762.1	WP_044105806.1
OG0000180	WP_041487770.1	WP_044106116.1
OG0000181	WP_041487801.1	WP_044106854.1
OG0000182	WP_041487895.1	WP_044106409.1
OG0000183	WP_071813723.1	WP_232509928.1
OG0000184	WP_081440571.1	WP_232509858.1
OG0000185	WP_148207777.1	WP_044107489.1
OG0000186	WP_201763753.1	WP_044107006.1
OG0000187	WP_236608127.1	WP_044107263.1
OG0000188	WP_236608137.1	WP_232509823.1
OG0000204	WP_012953434.1	WP_044107090.1
OG0000205	WP_012953435.1	WP_232509903.1
OG0000206	WP_012953436.1	WP_084220183.1
OG0000207	WP_012953437.1	WP_044106886.1
OG0000208	WP_012953438.1	WP_044106888.1
OG0000209	WP_012953439.1	WP_044106889.1
OG0000210	WP_012953440.1	WP_044106063.1
OG0000211	WP_012953442.1	WP_044106427.1
OG0000212	WP_012953444.1	WP_044106439.1
OG0000213	WP_012953445.1	WP_044106413.1
OG0000214	WP_012953447.1	WP_044106141.1
OG0000215	WP_012953448.1	WP_044105908.1
OG0000216	WP_012953449.1	WP_044105595.1
OG0000217	WP_012953452.1	WP_044107431.1
OG0000218	WP_012953454.1	WP_044106236.1
OG0000219	WP_012953455.1	WP_044106238.1
OG0000220	WP_012953456.1	WP_044107371.1
OG0000221	WP_012953459.1	WP_044106505.1
OG0000222	WP_012953460.1	WP_044107108.1
OG0000223	WP_012953462.1	WP_044106735.1
OG0000224	WP_012953463.1	WP_044107053.1
OG0000225	WP_012953466.1	WP_044106343.1
OG0000226	WP_012953468.1	WP_044106179.1
OG0000227	WP_012953470.1	WP_044107137.1
OG0000228	WP_012953472.1	WP_044105660.1
OG0000229	WP_012953474.1	WP_044107004.1
OG0000230	WP_012953475.1	WP_044107003.1
OG0000231	WP_012953476.1	WP_044107393.1
OG0000232	WP_012953477.1	WP_044106918.1
OG0000233	WP_012953478.1	WP_232509821.1
OG0000234	WP_012953480.1	WP_044105766.1
OG0000235	WP_012953481.1	WP_044106449.1
OG0000236	WP_012953482.1	WP_044106533.1
OG0000237	WP_012953484.1	WP_044107373.1
OG0000239	WP_012953488.1	WP_044105812.1
OG0000240	WP_012953489.1	WP_044105673.1
OG0000241	WP_012953490.1	WP_044106703.1
OG0000242	WP_012953491.1	WP_044106699.1
OG0000243	WP_012953492.1	WP_044107205.1
OG0000244	WP_012953494.1	WP_070104604.1
OG0000245	WP_012953497.1	WP_044107144.1
OG0000246	WP_012953499.1	WP_044106291.1
OG0000247	WP_012953500.1	WP_044107324.1
OG0000248	WP_012953501.1	WP_044107550.1
OG0000249	WP_012953504.1	WP_044106455.1
OG0000250	WP_012953505.1	WP_052470606.1
OG0000251	WP_012953506.1	WP_044106828.1
OG0000252	WP_012953507.1	WP_044106225.1
OG0000253	WP_012953508.1	WP_044106223.1
OG0000254	WP_012953509.1	WP_044106219.1
OG0000255	WP_012953510.1	WP_044106079.1
OG0000256	WP_012953511.1	WP_044105847.1
OG0000257	WP_012953515.1	WP_044107147.1
OG0000258	WP_012953516.1	WP_044107149.1
OG0000259	WP_012953517.1	WP_044106617.1
OG0000260	WP_012953518.1	WP_044106618.1
OG0000261	WP_012953521.1	WP_044106101.1
OG0000262	WP_012953522.1	WP_044106098.1
OG0000263	WP_012953523.1	WP_044107001.1
OG0000264	WP_012953524.1	WP_070104603.1
OG0000265	WP_012953525.1	WP_044106256.1
OG0000266	WP_012953527.1	WP_044106258.1
OG0000267	WP_012953529.1	WP_044106874.1
OG0000268	WP_012953530.1	WP_084220189.1
OG0000269	WP_012953531.1	WP_044106856.1
OG0000270	WP_012953534.1	WP_044106852.1
OG0000271	WP_012953535.1	WP_044106076.1
OG0000272	WP_012953537.1	WP_044107398.1
OG0000273	WP_012953543.1	WP_044107410.1
OG0000274	WP_012953544.1	WP_044106068.1
OG0000275	WP_012953551.1	WP_044105991.1
OG0000276	WP_012953552.1	WP_044105990.1
OG0000277	WP_012953553.1	WP_044105989.1
OG0000278	WP_012953556.1	WP_232509905.1
OG0000279	WP_012953559.1	WP_044106013.1
OG0000280	WP_012953561.1	WP_044107072.1
OG0000281	WP_012953562.1	WP_044107073.1
OG0000282	WP_012953563.1	WP_044105927.1
OG0000283	WP_012953564.1	WP_044105744.1
OG0000284	WP_012953565.1	WP_171816455.1
OG0000285	WP_012953570.1	WP_044107199.1
OG0000286	WP_012953571.1	WP_044106347.1
OG0000287	WP_012953573.1	WP_044107087.1
OG0000288	WP_012953574.1	WP_232509892.1
OG0000289	WP_012953576.1	WP_044105627.1
OG0000290	WP_012953577.1	WP_044105628.1
OG0000291	WP_012953578.1	WP_044105630.1
OG0000292	WP_012953579.1	WP_044106447.1
OG0000293	WP_012953581.1	WP_044107651.1
OG0000294	WP_012953582.1	WP_044106863.1
OG0000295	WP_012953585.1	WP_044106295.1
OG0000296	WP_012953587.1	WP_044106590.1
OG0000297	WP_012953589.1	WP_044106058.1
OG0000298	WP_012953592.1	WP_044105965.1
OG0000299	WP_012953595.1	WP_044106178.1
OG0000300	WP_012953597.1	WP_044107315.1
OG0000301	WP_012953598.1	WP_044106913.1
OG0000302	WP_012953599.1	WP_232509872.1
OG0000303	WP_012953600.1	WP_044105853.1
OG0000304	WP_012953601.1	WP_171816451.1
OG0000305	WP_012953602.1	WP_044106786.1
OG0000306	WP_012953603.1	WP_044106529.1
OG0000307	WP_012953605.1	WP_044106146.1
OG0000308	WP_012953607.1	WP_044106576.1
OG0000309	WP_012953608.1	WP_044107574.1
OG0000310	WP_012953610.1	WP_070104597.1
OG0000311	WP_012953611.1	WP_044106289.1
OG0000312	WP_012953612.1	WP_044106290.1
OG0000313	WP_012953613.1	WP_044105868.1
OG0000314	WP_012953616.1	WP_044106506.1
OG0000315	WP_012953619.1	WP_044106711.1
OG0000316	WP_012953620.1	WP_044107208.1
OG0000317	WP_012953621.1	WP_145972266.1
OG0000318	WP_012953622.1	WP_044105801.1
OG0000319	WP_012953623.1	WP_044106305.1
OG0000320	WP_012953624.1	WP_044106304.1
OG0000321	WP_012953626.1	WP_044106821.1
OG0000322	WP_012953627.1	WP_044106160.1
OG0000323	WP_012953628.1	WP_232509849.1
OG0000324	WP_012953629.1	WP_044106199.1
OG0000325	WP_012953630.1	WP_044107382.1
OG0000326	WP_012953631.1	WP_044106877.1
OG0000327	WP_012953633.1	WP_044105947.1
OG0000328	WP_012953634.1	WP_044106322.1
OG0000329	WP_012953635.1	WP_044106323.1
OG0000330	WP_012953636.1	WP_044106326.1
OG0000331	WP_012953638.1	WP_044106056.1
OG0000332	WP_012953639.1	WP_044105959.1
OG0000333	WP_012953640.1	WP_044105958.1
OG0000334	WP_012953642.1	WP_044107462.1
OG0000335	WP_012953644.1	WP_044106143.1
OG0000336	WP_012953645.1	WP_044106980.1
OG0000337	WP_012953646.1	WP_044106598.1
OG0000338	WP_012953647.1	WP_044105518.1
OG0000339	WP_012953648.1	WP_044106865.1
OG0000340	WP_012953649.1	WP_044105979.1
OG0000341	WP_012953650.1	WP_044106884.1
OG0000342	WP_012953651.1	WP_044106004.1
OG0000343	WP_012953652.1	WP_044107327.1
OG0000344	WP_012953655.1	WP_044106168.1
OG0000345	WP_012953658.1	WP_044107258.1
OG0000346	WP_012953659.1	WP_044107256.1
OG0000347	WP_012953660.1	WP_044107255.1
OG0000348	WP_012953661.1	WP_232509926.1
OG0000349	WP_012953662.1	WP_044107521.1
OG0000350	WP_012953665.1	WP_044106210.1
OG0000351	WP_012953666.1	WP_044106727.1
OG0000352	WP_012953667.1	WP_044107640.1
OG0000353	WP_012953668.1	WP_044105834.1
OG0000354	WP_012953672.1	WP_044107094.1
OG0000355	WP_012953673.1	WP_044105732.1
OG0000356	WP_012953674.1	WP_044105567.1
OG0000357	WP_012953676.1	WP_044107670.1
OG0000358	WP_012953677.1	WP_044107054.1
OG0000359	WP_012953678.1	WP_044105512.1
OG0000360	WP_012953680.1	WP_232509896.1
OG0000361	WP_012953681.1	WP_084220236.1
OG0000362	WP_012953683.1	WP_044106493.1
OG0000363	WP_012953686.1	WP_044107282.1
OG0000364	WP_012953687.1	WP_044105638.1
OG0000365	WP_012953689.1	WP_044107446.1
OG0000366	WP_012953692.1	WP_044107323.1
OG0000367	WP_012953693.1	WP_044106728.1
OG0000368	WP_012953694.1	WP_044106850.1
OG0000369	WP_012953698.1	WP_044107348.1
OG0000370	WP_012953700.1	WP_044107346.1
OG0000371	WP_012953702.1	WP_044107216.1
OG0000372	WP_012953703.1	WP_145972291.1
OG0000373	WP_012953706.1	WP_044105985.1
OG0000374	WP_012953710.1	WP_044105609.1
OG0000375	WP_012953711.1	WP_044105615.1
OG0000376	WP_012953714.1	WP_044105621.1
OG0000377	WP_012953715.1	WP_044106583.1
OG0000378	WP_012953716.1	WP_044106582.1
OG0000379	WP_012953718.1	WP_044106896.1
OG0000380	WP_012953719.1	WP_044106897.1
OG0000381	WP_012953720.1	WP_044106898.1
OG0000382	WP_012953722.1	WP_044107060.1
OG0000383	WP_012953723.1	WP_044107059.1
OG0000384	WP_012953724.1	WP_044106908.1
OG0000385	WP_012953726.1	WP_044105658.1
OG0000386	WP_012953727.1	WP_171816434.1
OG0000387	WP_012953728.1	WP_044106851.1
OG0000388	WP_012953734.1	WP_044106337.1
OG0000389	WP_012953736.1	WP_044106339.1
OG0000390	WP_012953737.1	WP_044105783.1
OG0000391	WP_012953741.1	WP_044106644.1
OG0000392	WP_012953742.1	WP_044106818.1
OG0000393	WP_012953743.1	WP_044106817.1
OG0000394	WP_012953744.1	WP_044107447.1
OG0000395	WP_012953746.1	WP_044107448.1
OG0000396	WP_012953747.1	WP_044106803.1
OG0000397	WP_012953748.1	WP_044105849.1
OG0000398	WP_012953749.1	WP_171816458.1
OG0000400	WP_012953751.1	WP_044105648.1
OG0000401	WP_012953754.1	WP_044107283.1
OG0000402	WP_012953755.1	WP_044107284.1
OG0000403	WP_012953756.1	WP_044106514.1
OG0000404	WP_012953758.1	WP_044105824.1
OG0000405	WP_012953760.1	WP_044107365.1
OG0000406	WP_012953761.1	WP_084220222.1
OG0000407	WP_012953764.1	WP_044107698.1
OG0000408	WP_012953765.1	WP_145972257.1
OG0000409	WP_012953766.1	WP_044107404.1
OG0000410	WP_012953767.1	WP_044107253.1
OG0000411	WP_012953769.1	WP_044106822.1
OG0000412	WP_012953770.1	WP_044107367.1
OG0000413	WP_012953774.1	WP_044106841.1
OG0000414	WP_012953777.1	WP_044107069.1
OG0000415	WP_012953778.1	WP_044106107.1
OG0000416	WP_012953779.1	WP_044105751.1
OG0000417	WP_012953781.1	WP_044106390.1
OG0000418	WP_012953782.1	WP_044107604.1
OG0000419	WP_012953783.1	WP_044106826.1
OG0000420	WP_012953784.1	WP_044106827.1
OG0000421	WP_012953786.1	WP_044107665.1
OG0000422	WP_012953787.1	WP_044106423.1
OG0000423	WP_012953788.1	WP_044107051.1
OG0000424	WP_012953789.1	WP_044107364.1
OG0000425	WP_012953791.1	WP_044106139.1
OG0000426	WP_012953793.1	WP_044107140.1
OG0000427	WP_012953794.1	WP_044107142.1
OG0000428	WP_012953796.1	WP_044107436.1
OG0000429	WP_012953797.1	WP_044107223.1
OG0000430	WP_012953798.1	WP_044107597.1
OG0000431	WP_012953801.1	WP_145972280.1
OG0000432	WP_012953803.1	WP_044106689.1
OG0000433	WP_012953806.1	WP_044107047.1
OG0000434	WP_012953807.1	WP_044107046.1
OG0000435	WP_012953808.1	WP_044107045.1
OG0000436	WP_012953809.1	WP_044106706.1
OG0000437	WP_012953810.1	WP_044106663.1
OG0000438	WP_012953811.1	WP_044106131.1
OG0000439	WP_012953812.1	WP_044105934.1
OG0000440	WP_012953815.1	WP_044106086.1
OG0000441	WP_012953820.1	WP_044106920.1
OG0000442	WP_012953825.1	WP_044105952.1
OG0000443	WP_012953826.1	WP_044105954.1
OG0000444	WP_012953829.1	WP_044105974.1
OG0000445	WP_012953830.1	WP_044105973.1
OG0000446	WP_012953832.1	WP_044105963.1
OG0000447	WP_012953834.1	WP_044106978.1
OG0000448	WP_012953835.1	WP_044106461.1
OG0000449	WP_012953836.1	WP_044106464.1
OG0000450	WP_012953837.1	WP_044107379.1
OG0000451	WP_012953838.1	WP_044107377.1
OG0000452	WP_012953840.1	WP_044105850.1
OG0000453	WP_012953841.1	WP_044107074.1
OG0000454	WP_012953845.1	WP_171816445.1
OG0000455	WP_012953846.1	WP_044107449.1
OG0000456	WP_012953849.1	WP_044105776.1
OG0000457	WP_012953850.1	WP_145972287.1
OG0000458	WP_012953851.1	WP_044107608.1
OG0000459	WP_012953856.1	WP_044105755.1
OG0000460	WP_012953860.1	WP_044106906.1
OG0000461	WP_012953861.1	WP_044107290.1
OG0000462	WP_012953863.1	WP_044106549.1
OG0000463	WP_012953864.1	WP_044105899.1
OG0000464	WP_012953866.1	WP_171816454.1
OG0000465	WP_012953868.1	WP_232509900.1
OG0000466	WP_012953870.1	WP_044106198.1
OG0000467	WP_012953872.1	WP_044105497.1
OG0000468	WP_012953873.1	WP_044107212.1
OG0000469	WP_012953875.1	WP_044105851.1
OG0000470	WP_012953876.1	WP_044105852.1
OG0000471	WP_012953878.1	WP_044106133.1
OG0000472	WP_012953882.1	WP_044105625.1
OG0000473	WP_012953883.1	WP_232509870.1
OG0000474	WP_012953884.1	WP_044106356.1
OG0000475	WP_012953885.1	WP_044106846.1
OG0000476	WP_012953886.1	WP_044106845.1
OG0000477	WP_012953887.1	WP_044105953.1
OG0000478	WP_012953888.1	WP_044106078.1
OG0000479	WP_012953889.1	WP_044107544.1
OG0000480	WP_012953890.1	WP_232509856.1
OG0000481	WP_012953891.1	WP_044106288.1
OG0000482	WP_012953892.1	WP_044106999.1
OG0000483	WP_012953893.1	WP_232509921.1
OG0000484	WP_012953894.1	WP_044107485.1
OG0000485	WP_012953895.1	WP_044107486.1
OG0000486	WP_012953896.1	WP_044107487.1
OG0000487	WP_012953899.1	WP_044107188.1
OG0000488	WP_012953900.1	WP_044106990.1
OG0000489	WP_012953901.1	WP_044106438.1
OG0000490	WP_012953904.1	WP_232509922.1
OG0000491	WP_012953906.1	WP_044105753.1
OG0000492	WP_012953907.1	WP_044107168.1
OG0000493	WP_012953910.1	WP_232509894.1
OG0000494	WP_012953911.1	WP_044107499.1
OG0000495	WP_012953912.1	WP_044107390.1
OG0000496	WP_012953913.1	WP_044107095.1
OG0000497	WP_012953915.1	WP_044106950.1
OG0000498	WP_012953916.1	WP_044107281.1
OG0000499	WP_012953919.1	WP_044106403.1
OG0000500	WP_012953921.1	WP_145972253.1
OG0000501	WP_012953922.1	WP_044106750.1
OG0000502	WP_012953923.1	WP_044105972.1
OG0000503	WP_012953924.1	WP_044107320.1
OG0000504	WP_012953925.1	WP_044107319.1
OG0000505	WP_012953926.1	WP_044107328.1
OG0000506	WP_012953927.1	WP_044107329.1
OG0000507	WP_012953930.1	WP_044107278.1
OG0000508	WP_012953931.1	WP_232509815.1
OG0000509	WP_012953932.1	WP_171816427.1
OG0000510	WP_012953933.1	WP_044107672.1
OG0000511	WP_012953934.1	WP_232509912.1
OG0000512	WP_012953935.1	WP_044106945.1
OG0000513	WP_012953937.1	WP_044106591.1
OG0000514	WP_012953938.1	WP_044107537.1
OG0000515	WP_012953943.1	WP_044107321.1
OG0000516	WP_012953944.1	WP_044107237.1
OG0000517	WP_012953950.1	WP_044106242.1
OG0000518	WP_012953952.1	WP_044106651.1
OG0000519	WP_012953953.1	WP_044107342.1
OG0000520	WP_012953954.1	WP_044107695.1
OG0000521	WP_012953955.1	WP_044106156.1
OG0000522	WP_012953956.1	WP_044105823.1
OG0000523	WP_012953960.1	WP_044106154.1
OG0000524	WP_012953961.1	WP_044106153.1
OG0000525	WP_012953966.1	WP_044107575.1
OG0000526	WP_012953968.1	WP_044105738.1
OG0000527	WP_012953969.1	WP_044106422.1
OG0000528	WP_012953970.1	WP_044106421.1
OG0000529	WP_012953971.1	WP_044106536.1
OG0000530	WP_012953972.1	WP_044106152.1
OG0000531	WP_012953973.1	WP_044107578.1
OG0000532	WP_012953974.1	WP_044106009.1
OG0000533	WP_012953975.1	WP_044105938.1
OG0000534	WP_012953976.1	WP_044105940.1
OG0000535	WP_012953977.1	WP_044105941.1
OG0000536	WP_012953978.1	WP_044107497.1
OG0000537	WP_012953980.1	WP_044107511.1
OG0000538	WP_012953983.1	WP_044105978.1
OG0000539	WP_012953984.1	WP_044106870.1
OG0000540	WP_012953986.1	WP_044106599.1
OG0000541	WP_012953987.1	WP_044105645.1
OG0000542	WP_012953990.1	WP_044105945.1
OG0000543	WP_012953991.1	WP_044107680.1
OG0000544	WP_012953993.1	WP_044107044.1
OG0000545	WP_012953994.1	WP_044107041.1
OG0000546	WP_012953995.1	WP_044107040.1
OG0000547	WP_012953996.1	WP_044107039.1
OG0000548	WP_012953997.1	WP_044107038.1
OG0000549	WP_012953999.1	WP_044107035.1
OG0000550	WP_012954000.1	WP_044107034.1
OG0000551	WP_012954002.1	WP_044107033.1
OG0000552	WP_012954003.1	WP_044107032.1
OG0000553	WP_012954004.1	WP_044107031.1
OG0000554	WP_012954005.1	WP_044107030.1
OG0000555	WP_012954007.1	WP_044107028.1
OG0000556	WP_012954010.1	WP_044107023.1
OG0000557	WP_012954011.1	WP_044107022.1
OG0000558	WP_012954014.1	WP_044107011.1
OG0000559	WP_012954015.1	WP_044107010.1
OG0000560	WP_012954017.1	WP_044107350.1
OG0000561	WP_012954018.1	WP_044106969.1
OG0000562	WP_012954019.1	WP_044106825.1
OG0000563	WP_012954022.1	WP_044107336.1
OG0000564	WP_012954023.1	WP_044105787.1
OG0000565	WP_012954024.1	WP_044107159.1
OG0000566	WP_012954025.1	WP_044106283.1
OG0000567	WP_012954027.1	WP_044106171.1
OG0000568	WP_012954028.1	WP_044105634.1
OG0000569	WP_012954029.1	WP_044107660.1
OG0000570	WP_012954031.1	WP_044106942.1
OG0000571	WP_012954032.1	WP_044106595.1
OG0000572	WP_012954033.1	WP_044107194.1
OG0000573	WP_012954034.1	WP_044107193.1
OG0000574	WP_012954035.1	WP_044105902.1
OG0000575	WP_012954036.1	WP_044107362.1
OG0000576	WP_012954037.1	WP_044107360.1
OG0000577	WP_012954038.1	WP_044105690.1
OG0000578	WP_012954039.1	WP_044106164.1
OG0000579	WP_012954040.1	WP_044105976.1
OG0000580	WP_012954041.1	WP_044106930.1
OG0000581	WP_012954042.1	WP_232509906.1
OG0000582	WP_012954044.1	WP_044107271.1
OG0000583	WP_012954045.1	WP_044107269.1
OG0000584	WP_012954048.1	WP_044105682.1
OG0000585	WP_012954050.1	WP_044107092.1
OG0000586	WP_012954051.1	WP_171816448.1
OG0000587	WP_012954052.1	WP_145972242.1
OG0000588	WP_012954054.1	WP_044107207.1
OG0000589	WP_012954055.1	WP_044105589.1
OG0000590	WP_012954056.1	WP_044107308.1
OG0000591	WP_012954057.1	WP_044107309.1
OG0000592	WP_012954058.1	WP_044107310.1
OG0000593	WP_012954059.1	WP_044106587.1
OG0000594	WP_012954061.1	WP_044105574.1
OG0000595	WP_012954062.1	WP_044106753.1
OG0000596	WP_012954065.1	WP_044105937.1
OG0000597	WP_012954067.1	WP_044106984.1
OG0000598	WP_012954071.1	WP_044107546.1
OG0000599	WP_012954072.1	WP_044106894.1
OG0000600	WP_012954074.1	WP_084220190.1
OG0000601	WP_012954076.1	WP_044105770.1
OG0000602	WP_012954078.1	WP_044105886.1
OG0000603	WP_012954080.1	WP_044105550.1
OG0000604	WP_012954082.1	WP_044107478.1
OG0000605	WP_012954083.1	WP_044105488.1
OG0000606	WP_012954087.1	WP_044106956.1
OG0000607	WP_012954091.1	WP_044105475.1
OG0000608	WP_012954092.1	WP_044105478.1
OG0000609	WP_012954093.1	WP_044107131.1
OG0000610	WP_012954100.1	WP_044106883.1
OG0000611	WP_012954103.1	WP_044106491.1
OG0000612	WP_012954105.1	WP_044105922.1
OG0000613	WP_012954106.1	WP_044105921.1
OG0000614	WP_012954107.1	WP_044105920.1
OG0000615	WP_012954108.1	WP_044106479.1
OG0000616	WP_012954109.1	WP_044105763.1
OG0000617	WP_012954111.1	WP_044107217.1
OG0000618	WP_012954112.1	WP_044105798.1
OG0000619	WP_012954114.1	WP_044105799.1
OG0000620	WP_012954116.1	WP_044107633.1
OG0000621	WP_012954118.1	WP_044107298.1
OG0000622	WP_012954119.1	WP_044107299.1
OG0000623	WP_012954120.1	WP_044107302.1
OG0000624	WP_012954121.1	WP_044107692.1
OG0000625	WP_012954122.1	WP_044105685.1
OG0000626	WP_012954123.1	WP_044106832.1
OG0000627	WP_012954125.1	WP_044106835.1
OG0000628	WP_012954126.1	WP_044106672.1
OG0000629	WP_012954128.1	WP_171816457.1
OG0000630	WP_012954129.1	WP_044107531.1
OG0000631	WP_012954133.1	WP_044107154.1
OG0000632	WP_012954135.1	WP_044105888.1
OG0000633	WP_012954139.1	WP_044107472.1
OG0000634	WP_012954141.1	WP_044107473.1
OG0000635	WP_012954144.1	WP_044106014.1
OG0000636	WP_012954145.1	WP_044107560.1
OG0000637	WP_012954148.1	WP_232509836.1
OG0000638	WP_012954149.1	WP_044105723.1
OG0000639	WP_012954153.1	WP_044106809.1
OG0000640	WP_012954155.1	WP_044107066.1
OG0000641	WP_012954157.1	WP_044105828.1
OG0000642	WP_012954158.1	WP_044105893.1
OG0000643	WP_012954163.1	WP_044105605.1
OG0000644	WP_012954167.1	WP_044106293.1
OG0000645	WP_012954168.1	WP_044107596.1
OG0000646	WP_012954169.1	WP_044106394.1
OG0000647	WP_012954171.1	WP_044106130.1
OG0000648	WP_012954172.1	WP_044105807.1
OG0000649	WP_012954173.1	WP_044106112.1
OG0000650	WP_012954175.1	WP_044106799.1
OG0000651	WP_012954176.1	WP_044106798.1
OG0000652	WP_012954177.1	WP_044105816.1
OG0000653	WP_012954181.1	WP_052470614.1
OG0000654	WP_012954182.1	WP_084220198.1
OG0000655	WP_012954184.1	WP_044105926.1
OG0000656	WP_012954185.1	WP_044107293.1
OG0000657	WP_012954186.1	WP_044105461.1
OG0000658	WP_012954187.1	WP_044105666.1
OG0000659	WP_012954189.1	WP_044106064.1
OG0000660	WP_012954190.1	WP_044105499.1
OG0000661	WP_012954191.1	WP_044107220.1
OG0000662	WP_012954192.1	WP_044107219.1
OG0000663	WP_012954194.1	WP_044105632.1
OG0000664	WP_012954198.1	WP_044106472.1
OG0000665	WP_012954200.1	WP_044106314.1
OG0000666	WP_012954201.1	WP_044107437.1
OG0000667	WP_012954202.1	WP_044107439.1
OG0000668	WP_012954204.1	WP_044107442.1
OG0000669	WP_012954205.1	WP_044107444.1
OG0000670	WP_012954207.1	WP_044107049.1
OG0000671	WP_012954209.1	WP_044107286.1
OG0000672	WP_012954210.1	WP_171816464.1
OG0000673	WP_012954211.1	WP_044106685.1
OG0000674	WP_012954212.1	WP_044106414.1
OG0000675	WP_012954213.1	WP_044106968.1
OG0000676	WP_012954214.1	WP_044106967.1
OG0000677	WP_012954215.1	WP_044106965.1
OG0000678	WP_012954216.1	WP_044106964.1
OG0000679	WP_012954217.1	WP_044106963.1
OG0000680	WP_012954218.1	WP_044106369.1
OG0000681	WP_012954220.1	WP_044106365.1
OG0000682	WP_012954221.1	WP_044106363.1
OG0000683	WP_012954222.1	WP_044106362.1
OG0000684	WP_012954223.1	WP_044106360.1
OG0000685	WP_012954224.1	WP_044105903.1
OG0000686	WP_012954225.1	WP_044107312.1
OG0000687	WP_012954226.1	WP_044106878.1
OG0000688	WP_012954227.1	WP_044105969.1
OG0000689	WP_012954228.1	WP_171816467.1
OG0000690	WP_012954230.1	WP_044106265.1
OG0000691	WP_012954232.1	WP_044106206.1
OG0000692	WP_012954233.1	WP_044107204.1
OG0000693	WP_012954234.1	WP_044105994.1
OG0000694	WP_012954236.1	WP_044106157.1
OG0000695	WP_012954237.1	WP_044107579.1
OG0000696	WP_012954238.1	WP_232509848.1
OG0000697	WP_012954242.1	WP_084220180.1
OG0000698	WP_012954243.1	WP_232509863.1
OG0000699	WP_012954244.1	WP_044107065.1
OG0000700	WP_012954245.1	WP_171816388.1
OG0000701	WP_012954246.1	WP_044106215.1
OG0000702	WP_012954247.1	WP_044106216.1
OG0000703	WP_012954249.1	WP_044107630.1
OG0000704	WP_012954253.1	WP_044106948.1
OG0000705	WP_012954254.1	WP_044107114.1
OG0000706	WP_012954255.1	WP_044105758.1
OG0000707	WP_012954256.1	WP_145972222.1
OG0000708	WP_012954258.1	WP_044105877.1
OG0000709	WP_012954259.1	WP_044106914.1
OG0000711	WP_012954264.1	WP_044107415.1
OG0000712	WP_012954266.1	WP_044107418.1
OG0000713	WP_012954269.1	WP_171816387.1
OG0000714	WP_012954270.1	WP_044107668.1
OG0000715	WP_012954272.1	WP_044106936.1
OG0000716	WP_012954274.1	WP_044105942.1
OG0000717	WP_012954276.1	WP_044107435.1
OG0000718	WP_012954278.1	WP_052470652.1
OG0000719	WP_012954282.1	WP_044106577.1
OG0000720	WP_012954283.1	WP_044106578.1
OG0000721	WP_012954284.1	WP_044107145.1
OG0000722	WP_012954285.1	WP_044106744.1
OG0000723	WP_012954287.1	WP_044106677.1
OG0000724	WP_012954289.1	WP_044105892.1
OG0000725	WP_012954290.1	WP_044105620.1
OG0000726	WP_012954291.1	WP_044106357.1
OG0000727	WP_012954294.1	WP_044107279.1
OG0000728	WP_012954296.1	WP_044107195.1
OG0000729	WP_012954299.1	WP_044106096.1
OG0000730	WP_012954300.1	WP_044106095.1
OG0000731	WP_012954301.1	WP_044105837.1
OG0000732	WP_012954302.1	WP_044105838.1
OG0000733	WP_012954304.1	WP_044106836.1
OG0000734	WP_012954305.1	WP_044107624.1
OG0000735	WP_012954307.1	WP_044106742.1
OG0000736	WP_012954308.1	WP_044105890.1
OG0000737	WP_012954309.1	WP_044105583.1
OG0000738	WP_012954311.1	WP_044107063.1
OG0000739	WP_012954314.1	WP_044106927.1
OG0000740	WP_012954315.1	WP_044106926.1
OG0000741	WP_012954316.1	WP_044106924.1
OG0000742	WP_012954317.1	WP_044106923.1
OG0000743	WP_012954318.1	WP_044106921.1
OG0000744	WP_012954319.1	WP_044106983.1
OG0000745	WP_012954320.1	WP_145972286.1
OG0000746	WP_012954325.1	WP_044105873.1
OG0000747	WP_012954327.1	WP_044106065.1
OG0000748	WP_012954330.1	WP_044106717.1
OG0000749	WP_012954332.1	WP_044106516.1
OG0000750	WP_012954333.1	WP_044106518.1
OG0000751	WP_012954334.1	WP_044107123.1
OG0000752	WP_012954335.1	WP_044107121.1
OG0000753	WP_012954336.1	WP_044106197.1
OG0000754	WP_012954337.1	WP_044107058.1
OG0000755	WP_012954338.1	WP_052470642.1
OG0000756	WP_012954339.1	WP_044105982.1
OG0000757	WP_012954340.1	WP_044105980.1
OG0000758	WP_012954341.1	WP_044106300.1
OG0000759	WP_012954342.1	WP_044107222.1
OG0000760	WP_012954343.1	WP_044105856.1
OG0000761	WP_012954345.1	WP_044106907.1
OG0000762	WP_012954348.1	WP_044106062.1
OG0000763	WP_012954349.1	WP_044105631.1
OG0000764	WP_012954350.1	WP_044105473.1
OG0000765	WP_012954352.1	WP_044105472.1
OG0000766	WP_012954353.1	WP_044106871.1
OG0000767	WP_012954354.1	WP_044106296.1
OG0000768	WP_012954356.1	WP_044105553.1
OG0000769	WP_012954357.1	WP_084220219.1
OG0000770	WP_012954360.1	WP_044106586.1
OG0000771	WP_012954362.1	WP_070104606.1
OG0000772	WP_012954363.1	WP_044107203.1
OG0000773	WP_012954364.1	WP_044107673.1
OG0000774	WP_012954366.1	WP_044106374.1
OG0000775	WP_012954367.1	WP_044105842.1
OG0000776	WP_012954368.1	WP_044107201.1
OG0000777	WP_012954369.1	WP_044107070.1
OG0000778	WP_012954370.1	WP_171816426.1
OG0000779	WP_012954372.1	WP_171816361.1
OG0000780	WP_012954373.1	WP_044106891.1
OG0000781	WP_012954377.1	WP_044107554.1
OG0000782	WP_012954380.1	WP_044106348.1
OG0000783	WP_012954381.1	WP_232509861.1
OG0000784	WP_012954387.1	WP_044106572.1
OG0000785	WP_012954389.1	WP_044106020.1
OG0000786	WP_012954390.1	WP_044106021.1
OG0000787	WP_012954391.1	WP_044106022.1
OG0000788	WP_012954392.1	WP_044106023.1
OG0000789	WP_012954393.1	WP_044106025.1
OG0000790	WP_012954394.1	WP_044106026.1
OG0000791	WP_012954395.1	WP_044106027.1
OG0000792	WP_012954396.1	WP_044106028.1
OG0000793	WP_012954397.1	WP_044106029.1
OG0000794	WP_012954399.1	WP_044106032.1
OG0000795	WP_012954400.1	WP_044106033.1
OG0000796	WP_012954401.1	WP_044106034.1
OG0000797	WP_012954402.1	WP_044106036.1
OG0000798	WP_012954403.1	WP_044106037.1
OG0000799	WP_012954404.1	WP_044106038.1
OG0000800	WP_012954405.1	WP_044106039.1
OG0000801	WP_012954406.1	WP_044106040.1
OG0000802	WP_012954407.1	WP_044106041.1
OG0000803	WP_012954408.1	WP_044106042.1
OG0000804	WP_012954409.1	WP_044107563.1
OG0000805	WP_012954410.1	WP_044106043.1
OG0000806	WP_012954411.1	WP_044106045.1
OG0000807	WP_012954412.1	WP_044107565.1
OG0000808	WP_012954413.1	WP_044106046.1
OG0000809	WP_012954414.1	WP_044106047.1
OG0000810	WP_012954415.1	WP_044106049.1
OG0000811	WP_012954418.1	WP_044106054.1
OG0000812	WP_012954420.1	WP_044107468.1
OG0000813	WP_012954422.1	WP_044106524.1
OG0000814	WP_012954423.1	WP_044106522.1
OG0000815	WP_012954424.1	WP_044106239.1
OG0000816	WP_012954426.1	WP_044105983.1
OG0000817	WP_012954430.1	WP_044107226.1
OG0000818	WP_012954431.1	WP_044106991.1
OG0000819	WP_012954436.1	WP_171816368.1
OG0000820	WP_012954437.1	WP_171816367.1
OG0000821	WP_012954439.1	WP_044106132.1
OG0000822	WP_012954440.1	WP_044107573.1
OG0000823	WP_012954443.1	WP_044106902.1
OG0000824	WP_012954444.1	WP_044106608.1
OG0000825	WP_012954449.1	WP_044106379.1
OG0000826	WP_012954450.1	WP_044107561.1
OG0000827	WP_012954452.1	WP_084220196.1
OG0000828	WP_012954454.1	WP_044107375.1
OG0000829	WP_012954456.1	WP_044107184.1
OG0000830	WP_012954457.1	WP_044107185.1
OG0000831	WP_012954459.1	WP_044107609.1
OG0000832	WP_012954462.1	WP_044107667.1
OG0000833	WP_012954464.1	WP_044107129.1
OG0000834	WP_012954466.1	WP_044106214.1
OG0000835	WP_012954467.1	WP_044106382.1
OG0000836	WP_012954468.1	WP_044105719.1
OG0000837	WP_012954469.1	WP_044107229.1
OG0000838	WP_012954470.1	WP_044106496.1
OG0000839	WP_012954472.1	WP_044106675.1
OG0000840	WP_012954474.1	WP_044105577.1
OG0000841	WP_012954476.1	WP_044105580.1
OG0000842	WP_012954480.1	WP_044106802.1
OG0000843	WP_012954481.1	WP_044106607.1
OG0000845	WP_012954483.1	WP_044106346.1
OG0000846	WP_012954484.1	WP_044107396.1
OG0000847	WP_012954487.1	WP_044106129.1
OG0000848	WP_012954488.1	WP_044106124.1
OG0000849	WP_012954491.1	WP_145972225.1
OG0000850	WP_012954496.1	WP_044105714.1
OG0000851	WP_012954497.1	WP_044105712.1
OG0000852	WP_012954498.1	WP_044107461.1
OG0000853	WP_012954500.1	WP_044107458.1
OG0000854	WP_012954502.1	WP_044107389.1
OG0000855	WP_012954504.1	WP_044106977.1
OG0000856	WP_012954508.1	WP_044106678.1
OG0000857	WP_012954510.1	WP_052470612.1
OG0000858	WP_012954513.1	WP_044105468.1
OG0000859	WP_012954514.1	WP_044106910.1
OG0000860	WP_012954515.1	WP_044106585.1
OG0000861	WP_012954516.1	WP_044107467.1
OG0000862	WP_012954518.1	WP_044107209.1
OG0000863	WP_012954522.1	WP_044105960.1
OG0000864	WP_012954523.1	WP_044106138.1
OG0000865	WP_012954524.1	WP_044106928.1
OG0000866	WP_012954525.1	WP_044107197.1
OG0000867	WP_012954526.1	WP_044107196.1
OG0000868	WP_012954527.1	WP_044107295.1
OG0000869	WP_012954529.1	WP_044106729.1
OG0000870	WP_012954530.1	WP_044107326.1
OG0000871	WP_012954532.1	WP_044106231.1
OG0000872	WP_012954533.1	WP_044106232.1
OG0000873	WP_012954534.1	WP_044106134.1
OG0000874	WP_012954535.1	WP_044105696.1
OG0000875	WP_012954539.1	WP_044106946.1
OG0000876	WP_012954541.1	WP_044105910.1
OG0000877	WP_012954542.1	WP_044105909.1
OG0000878	WP_012954543.1	WP_044106654.1
OG0000879	WP_012954544.1	WP_044107214.1
OG0000880	WP_012954545.1	WP_052470645.1
OG0000881	WP_012954546.1	WP_044105896.1
OG0000882	WP_012954552.1	WP_044106660.1
OG0000883	WP_012954553.1	WP_044107333.1
OG0000884	WP_012954554.1	WP_044107334.1
OG0000885	WP_012954555.1	WP_044106662.1
OG0000886	WP_012954556.1	WP_044107274.1
OG0000887	WP_012954557.1	WP_044105814.1
OG0000888	WP_012954558.1	WP_044106301.1
OG0000889	WP_012954562.1	WP_044106487.1
OG0000890	WP_012954564.1	WP_044105677.1
OG0000891	WP_012954566.1	WP_044106653.1
OG0000892	WP_012954567.1	WP_044106707.1
OG0000893	WP_012954570.1	WP_044105491.1
OG0000894	WP_012954571.1	WP_044106600.1
OG0000895	WP_012954572.1	WP_044106601.1
OG0000896	WP_012954573.1	WP_044106602.1
OG0000897	WP_012954575.1	WP_044105727.1
OG0000898	WP_012954576.1	WP_044107079.1
OG0000899	WP_012954577.1	WP_044107515.1
OG0000900	WP_012954578.1	WP_044105670.1
OG0000901	WP_012954580.1	WP_044106987.1
OG0000902	WP_012954581.1	WP_044106988.1
OG0000903	WP_012954583.1	WP_044107163.1
OG0000904	WP_012954584.1	WP_044107165.1
OG0000905	WP_012954587.1	WP_044107494.1
OG0000906	WP_012954588.1	WP_044107492.1
OG0000907	WP_012954589.1	WP_171816452.1
OG0000908	WP_012954590.1	WP_044106623.1
OG0000909	WP_012954591.1	WP_044107151.1
OG0000910	WP_012954592.1	WP_044106392.1
OG0000911	WP_012954593.1	WP_044107169.1
OG0000912	WP_012954597.1	WP_044106008.1
OG0000913	WP_012954600.1	WP_044106432.1
OG0000914	WP_012954601.1	WP_044106091.1
OG0000915	WP_012954602.1	WP_044106389.1
OG0000916	WP_012954603.1	WP_044106483.1
OG0000917	WP_012954606.1	WP_044105777.1
OG0000918	WP_012954608.1	WP_044106417.1
OG0000919	WP_012954609.1	WP_044106859.1
OG0000920	WP_012954610.1	WP_145972272.1
OG0000921	WP_012954612.1	WP_044107243.1
OG0000922	WP_012954613.1	WP_044107101.1
OG0000923	WP_012954615.1	WP_044107557.1
OG0000924	WP_012954616.1	WP_044107635.1
OG0000925	WP_012954618.1	WP_044106399.1
OG0000926	WP_012954620.1	WP_044106778.1
OG0000927	WP_012954625.1	WP_044106861.1
OG0000928	WP_012954628.1	WP_044106192.1
OG0000929	WP_040055239.1	WP_044107617.1
OG0000930	WP_041487696.1	WP_044107056.1
OG0000931	WP_041487697.1	WP_044106235.1
OG0000932	WP_041487698.1	WP_044107370.1
OG0000933	WP_041487700.1	WP_044105901.1
OG0000934	WP_041487702.1	WP_044107540.1
OG0000935	WP_041487706.1	WP_044106396.1
OG0000936	WP_041487707.1	WP_044106071.1
OG0000937	WP_041487709.1	WP_044107411.1
OG0000938	WP_041487710.1	WP_044106862.1
OG0000939	WP_041487711.1	WP_044105997.1
OG0000940	WP_041487712.1	WP_044107612.1
OG0000941	WP_041487717.1	WP_044106344.1
OG0000942	WP_041487719.1	WP_044105659.1
OG0000943	WP_041487721.1	WP_044106145.1
OG0000944	WP_041487726.1	WP_044106842.1
OG0000945	WP_041487728.1	WP_044107306.1
OG0000946	WP_041487729.1	WP_044107637.1
OG0000947	WP_041487738.1	WP_232509829.1
OG0000948	WP_041487741.1	WP_044107029.1
OG0000949	WP_041487742.1	WP_044107024.1
OG0000950	WP_041487744.1	WP_044106579.1
OG0000951	WP_041487749.1	WP_044105797.1
OG0000952	WP_041487750.1	WP_044107475.1
OG0000953	WP_041487752.1	WP_044107187.1
OG0000954	WP_041487757.1	WP_044107048.1
OG0000955	WP_041487761.1	WP_044105704.1
OG0000956	WP_041487763.1	WP_044107000.1
OG0000957	WP_041487764.1	WP_232509832.1
OG0000958	WP_041487765.1	WP_232509885.1
OG0000959	WP_041487768.1	WP_044106955.1
OG0000960	WP_041487771.1	WP_044107244.1
OG0000961	WP_041487774.1	WP_044106051.1
OG0000962	WP_041487777.1	WP_044105742.1
OG0000964	WP_041487783.1	WP_044106901.1
OG0000965	WP_041487785.1	WP_044107325.1
OG0000966	WP_041487787.1	WP_044107162.1
OG0000967	WP_041487788.1	WP_044107166.1
OG0000968	WP_041487790.1	WP_044107103.1
OG0000969	WP_041487792.1	WP_044106737.1
OG0000970	WP_041487795.1	WP_044106708.1
OG0000971	WP_041487798.1	WP_044107143.1
OG0000972	WP_041487810.1	WP_044106880.1
OG0000973	WP_041487812.1	WP_044106166.1
OG0000974	WP_041487813.1	WP_044107260.1
OG0000975	WP_041487814.1	WP_044106589.1
OG0000976	WP_041487815.1	WP_044106193.1
OG0000977	WP_041487816.1	WP_232509917.1
OG0000978	WP_041487819.1	WP_044105683.1
OG0000979	WP_041487838.1	WP_044106266.1
OG0000980	WP_041487839.1	WP_044105774.1
OG0000981	WP_041487840.1	WP_044106169.1
OG0000982	WP_041487841.1	WP_044107156.1
OG0000983	WP_041487842.1	WP_044107025.1
OG0000984	WP_041487843.1	WP_044107391.1
OG0000985	WP_041487847.1	WP_044107264.1
OG0000986	WP_041487854.1	WP_044106834.1
OG0000987	WP_041487858.1	WP_044106397.1
OG0000988	WP_041487868.1	WP_044107344.1
OG0000989	WP_041487871.1	WP_044106303.1
OG0000990	WP_041487892.1	WP_044105671.1
OG0000991	WP_049765565.1	WP_044106070.1
OG0000992	WP_049765567.1	WP_044106401.1
OG0000993	WP_049765568.1	WP_044106559.1
OG0000994	WP_049765577.1	WP_044106855.1
OG0000995	WP_049765579.1	WP_044107347.1
OG0000996	WP_049765580.1	WP_044105639.1
OG0000997	WP_049765584.1	WP_044107605.1
OG0000998	WP_071813726.1	WP_084220182.1
OG0000999	WP_071813729.1	WP_084220192.1
OG0001000	WP_071813731.1	WP_044107471.1
OG0001001	WP_071813734.1	WP_232509893.1
OG0001002	WP_081440575.1	WP_044106188.1
OG0001003	WP_148207765.1	WP_044105810.1
OG0001004	WP_148207769.1	WP_145972231.1
OG0001005	WP_148207771.1	WP_044105740.1
OG0001006	WP_167884949.1	WP_044106072.1
OG0001007	WP_167884950.1	WP_232509824.1
OG0001008	WP_201763746.1	WP_044106780.1
OG0001009	WP_201763747.1	WP_044106060.1
OG0001010	WP_201763749.1	WP_044107322.1
OG0001011	WP_201763751.1	WP_044107691.1
OG0001012	WP_201763752.1	WP_044107703.1
OG0001013	WP_201763757.1	WP_044106647.1
OG0001014	WP_201763758.1	WP_044105864.1
OG0001015	WP_236608123.1	WP_232509839.1
OG0001016	WP_236608124.1	WP_044105830.1
OG0001017	WP_236608125.1	WP_232509909.1
OG0001018	WP_236608126.1	WP_044106367.1
OG0001019	WP_236608129.1	WP_171816435.1
OG0001020	WP_236608130.1	WP_232509864.1
OG0001021	WP_236608131.1	WP_044105735.1
OG0001022	WP_236608134.1	WP_044106570.1
OG0001023	WP_236608138.1	WP_044107425.1
OG0001024	WP_236608139.1	WP_044107005.1
OG0001025	WP_236608140.1	WP_084220228.1
OG0001026	WP_236608141.1	WP_044105561.1
OG0001027	WP_236608142.1	WP_044105966.1
OG0001028	WP_236608144.1	WP_232509888.1, WP_171816438.1
OG0001029	WP_236608147.1	WP_044107272.1
OG0001030	WP_236608148.1	WP_232509916.1
OG0001031	WP_236608150.1	WP_232509898.1
OG0001032	WP_236608151.1	WP_044107417.1
OG0001033	WP_236608152.1	WP_044107567.1
OG0001034	WP_236608153.1	WP_044105716.1
OG0001035	WP_236608154.1	WP_044106478.1
OG0001036	WP_236608155.1	WP_171816459.1
OG0001073	WP_012953461.1	WP_171816431.1
OG0001074	WP_012953464.1	WP_044105995.1
OG0001079	WP_012953596.1	WP_044105949.1
OG0001086	WP_012953785.1	WP_044106917.1
OG0001089	WP_012953858.1	WP_044105793.1
OG0001090	WP_012953865.1	WP_044106203.1
OG0001093	WP_012953928.1	WP_232509881.1
OG0001096	WP_012953957.1	WP_044107082.1
OG0001097	WP_012953958.1	WP_044105855.1
OG0001098	WP_012953962.1	WP_084220217.1
OG0001099	WP_012953965.1	WP_044106381.1
OG0001100	WP_012953979.1	WP_145972238.1
OG0001101	WP_012954069.1	WP_044105636.1
OG0001111	WP_012954165.1	WP_044105602.1
OG0001114	WP_012954188.1	WP_044105664.1
OG0001118	WP_012954292.1	WP_044107130.1
OG0001120	WP_012954355.1	WP_044106497.1
OG0001123	WP_012954386.1	WP_044105522.1
OG0001124	WP_012954417.1	WP_044106052.1
OG0001128	WP_012954486.1	WP_145972232.1
OG0001130	WP_012954495.1	WP_145972240.1
OG0001131	WP_012954499.1	WP_084220225.1
OG0001133	WP_012954559.1	WP_145972235.1
OG0001137	WP_012954574.1	WP_044105930.1
OG0001142	WP_040054926.1	WP_145972282.1
OG0001146	WP_041487891.1	WP_044107363.1
OG0001147	WP_071813730.1	WP_084220176.1
OG0001283	WP_012953732.1	WP_044107506.1
OG0001304	WP_012954375.1	WP_044107558.1
OG0001305	WP_012954376.1	WP_044106010.1
