Orthogroup	Candidatus_Atelocyanobacterium_thalassa_isolate_ALOHA_GCF_000025125.1_protein	Rippkaea_orientalis_PCC_8801_GCF_000021805.1_protein
OG0000002	WP_012954598.1	WP_012594306.1
OG0000002	WP_012953902.1	WP_012593393.1
OG0000002	WP_012954277.1	WP_012593409.1, WP_012594749.1
OG0000004	WP_012953566.1	WP_012594919.1
OG0000004	WP_012953905.1	WP_203427746.1
OG0000005	WP_012953853.1	WP_012594914.1
OG0000005	WP_236608132.1	WP_012593970.1
OG0000005	WP_012953908.1	WP_015957337.1
OG0000006	WP_012954347.1	WP_012593655.1
OG0000006	WP_236608133.1	WP_012595157.1
OG0000006	WP_012954085.1	WP_012593979.1
OG0000009	WP_236608145.1	WP_241392710.1
OG0000009	WP_012954549.1	WP_012596758.1
OG0000009	WP_012954099.1	WP_012594295.1
OG0000010	WP_148207764.1	WP_012596619.1, WP_012595805.1, WP_012596210.1
OG0000011	WP_012953813.1	WP_012596523.1
OG0000011	WP_012953814.1	WP_012596524.1
OG0000012	WP_012953833.1	WP_012596142.1, WP_012594471.1, WP_157861323.1, WP_012796780.1
OG0000013	WP_012954435.1	WP_012594400.1
OG0000013	WP_012954458.1	WP_012593716.1
OG0000016	WP_012954196.1	WP_012593760.1
OG0000016	WP_012953920.1	WP_015957439.1
OG0000017	WP_012954021.1	WP_012594218.1, WP_012595624.1
OG0000018	WP_012954371.1	WP_012594879.1
OG0000018	WP_041487851.1	WP_012596839.1
OG0000019	WP_012954511.1	WP_012595938.1
OG0000019	WP_012954465.1	WP_012596598.1
OG0000020	WP_012954493.1	WP_012594334.1
OG0000020	WP_012954617.1	WP_012593861.1, WP_012597235.1
OG0000023	WP_012953903.1	WP_012594825.1
OG0000023	WP_012953663.1	WP_012594459.1
OG0000024	WP_012953822.1	WP_012594128.1
OG0000024	WP_012954203.1	WP_012594863.1
OG0000025	WP_012954605.1	WP_012594546.1
OG0000025	WP_012954012.1	WP_241392701.1
OG0000026	WP_012954492.1	WP_012594333.1
OG0000026	WP_012954473.1	WP_012596082.1
OG0000027	WP_012954599.1	WP_012596303.1, WP_012595814.1
OG0000029	WP_012953989.1	WP_012594738.1
OG0000029	WP_012953539.1	WP_012595625.1
OG0000030	WP_012953557.1	WP_012593771.1
OG0000030	WP_012954379.1	WP_012597010.1
OG0000031	WP_012953575.1	WP_012594308.1
OG0000031	WP_012953713.1	WP_012596199.1
OG0000032	WP_012954150.1	WP_012596416.1
OG0000032	WP_012953697.1	WP_012597073.1
OG0000033	WP_012953707.1	WP_012594695.1
OG0000033	WP_012953739.1	WP_012593929.1
OG0000034	WP_012953804.1	WP_012594532.1
OG0000034	WP_012954134.1	WP_012596119.1
OG0000035	WP_236608143.1	WP_241392715.1
OG0000035	WP_012953848.1	WP_012593750.1
OG0000036	WP_012954303.1	WP_012595422.1
OG0000036	WP_012953897.1	WP_203427679.1
OG0000037	WP_012954143.1	WP_012596483.1
OG0000037	WP_012953946.1	WP_012594303.1
OG0000038	WP_012954152.1	WP_012593581.1
OG0000038	WP_012954490.1	WP_015785396.1
OG0000039	WP_041487756.1	WP_015785241.1, WP_241392603.1
OG0000042	WP_012954383.1	WP_012594469.1
OG0000042	WP_012953591.1	WP_015785216.1
OG0000043	WP_012953735.1	WP_012594033.1, WP_012594202.1
OG0000044	WP_012954151.1	WP_012595098.1, WP_015785270.1, WP_012594479.1
OG0000045	WP_041487776.1	WP_012594097.1
OG0000045	WP_012954240.1	WP_012594193.1
OG0000046	WP_012954346.1	WP_012595612.1, WP_015785163.1
OG0000047	WP_012954451.1	WP_012595503.1, WP_012593998.1
OG0000048	WP_012954563.1	WP_012595429.1
OG0000048	WP_012954519.1	WP_012594781.1
OG0000059	WP_012954288.1	WP_012595567.1
OG0000060	WP_012954208.1	WP_012593905.1
OG0000060	WP_012953512.1	WP_012596047.1
OG0000061	WP_012953752.1	WP_015957341.1
OG0000061	WP_012953763.1	WP_012594290.1
OG0000062	WP_012954326.1	WP_012595942.1, WP_015957441.1
OG0000063	WP_041487853.1	WP_012597266.1, WP_012595665.1
OG0000064	WP_148207785.1	WP_015785140.1, WP_012595400.1
OG0000070	WP_012953446.1	WP_012595832.1, WP_012595002.1
OG0000071	WP_012953550.1	WP_012596454.1, WP_012596462.1, WP_012595988.1
OG0000072	WP_012953641.1	WP_203427683.1, WP_012597036.1
OG0000073	WP_012953881.1	WP_012596709.1
OG0000074	WP_012953945.1	WP_012594005.1
OG0000075	WP_012954131.1	WP_012595418.1, WP_012595329.1
OG0000076	WP_012954174.1	WP_012596716.1
OG0000076	WP_012954166.1	WP_012594955.1
OG0000077	WP_012954197.1	WP_012593430.1, WP_012593761.1
OG0000078	WP_012954199.1	WP_012593764.1
OG0000079	WP_012954251.1	WP_012594259.1, WP_012593427.1, WP_015957296.1
OG0000080	WP_012954536.1	WP_012596919.1
OG0000080	WP_012954252.1	WP_012595549.1
OG0000081	WP_236608128.1	WP_012594445.1
OG0000082	WP_236608146.1	WP_012594042.1, WP_012593415.1
OG0000094	WP_012953567.1	WP_012594920.1, WP_041229691.1
OG0000095	WP_012953632.1	WP_012593703.1
OG0000096	WP_012953805.1	WP_015957414.1, WP_012597268.1
OG0000097	WP_012953824.1	WP_015957364.1
OG0000098	WP_012953857.1	WP_012594114.1
OG0000099	WP_012953879.1	WP_012595319.1, WP_012593637.1, WP_241392626.1
OG0000100	WP_012953948.1	WP_015785162.1
OG0000101	WP_012953951.1	WP_012595482.1
OG0000102	WP_012954016.1	WP_012593820.1, WP_041229573.1, WP_012594581.1
OG0000103	WP_012954081.1	WP_012595522.1, WP_012594660.1
OG0000104	WP_012954094.1	WP_015785086.1
OG0000104	WP_012954095.1	WP_015785087.1
OG0000105	WP_012954239.1	WP_012596179.1, WP_012596178.1
OG0000106	WP_012954273.1	WP_012596108.1, WP_012596398.1
OG0000107	WP_012954461.1	WP_012596485.1, WP_012596486.1
OG0000108	WP_201763759.1	WP_012596917.1
OG0000126	WP_012953467.1	WP_015957418.1, WP_012593865.1
OG0000127	WP_012953486.1	WP_015957401.1, WP_012595439.1
OG0000128	WP_012953487.1	WP_012594763.1
OG0000129	WP_012953538.1	WP_041229730.1, WP_012594805.1
OG0000130	WP_012953540.1	WP_012594988.1
OG0000131	WP_012953542.1	WP_015957321.1, WP_012594691.1
OG0000132	WP_012953547.1	WP_012594366.1
OG0000133	WP_012953549.1	WP_012595989.1
OG0000134	WP_012953554.1	WP_012595984.1
OG0000135	WP_012953568.1	WP_012595644.1
OG0000136	WP_012953618.1	WP_012595479.1
OG0000137	WP_012953643.1	WP_012594337.1, WP_012595640.1
OG0000138	WP_012953653.1	WP_012596073.1, WP_012593588.1
OG0000139	WP_012953656.1	WP_012595057.1
OG0000140	WP_012953675.1	WP_012596877.1
OG0000141	WP_012953704.1	WP_012594416.1
OG0000142	WP_012953721.1	WP_012593511.1
OG0000143	WP_012953759.1	WP_012594949.1
OG0000144	WP_012953800.1	WP_012594160.1
OG0000145	WP_012953802.1	WP_012596664.1
OG0000146	WP_012953816.1	WP_012596526.1
OG0000147	WP_012953839.1	WP_015785160.1
OG0000148	WP_012953867.1	WP_015957424.1, WP_012593424.1
OG0000149	WP_012953877.1	WP_012593847.1, WP_015957423.1
OG0000150	WP_012953880.1	WP_012593636.1
OG0000151	WP_012953898.1	WP_012594201.1
OG0000152	WP_012953936.1	WP_012593569.1
OG0000153	WP_012953964.1	WP_012595642.1
OG0000154	WP_012954001.1	WP_012595103.1, WP_012595438.1
OG0000155	WP_012954049.1	WP_012596725.1
OG0000156	WP_012954068.1	WP_012595010.1
OG0000157	WP_012954077.1	WP_012596253.1, WP_012595147.1
OG0000158	WP_012954084.1	WP_012594198.1
OG0000159	WP_012954089.1	WP_015957304.1
OG0000160	WP_012954180.1	WP_012597253.1
OG0000161	WP_012954195.1	WP_012596564.1, WP_012595658.1
OG0000162	WP_012954261.1	WP_012594272.1, WP_012594787.1
OG0000163	WP_012954275.1	WP_012595130.1
OG0000164	WP_012954295.1	WP_012596408.1, WP_012594769.1
OG0000165	WP_012954365.1	WP_012596278.1, WP_012593645.1
OG0000166	WP_012954421.1	WP_012596831.1
OG0000167	WP_012954429.1	WP_012595347.1
OG0000168	WP_012954447.1	WP_012595040.1, WP_012595915.1
OG0000169	WP_012954453.1	WP_015957306.1, WP_041229613.1
OG0000170	WP_012954477.1	WP_012595415.1
OG0000171	WP_012954512.1	WP_012596566.1, WP_012594960.1
OG0000172	WP_012954517.1	WP_012595847.1
OG0000173	WP_012954528.1	WP_203427710.1, WP_012596482.1
OG0000174	WP_012954538.1	WP_041229611.1
OG0000175	WP_012954626.1	WP_203427739.1
OG0000176	WP_041487708.1	WP_012595983.1
OG0000177	WP_041487725.1	WP_012593812.1
OG0000178	WP_041487734.1	WP_015957285.1
OG0000179	WP_041487762.1	WP_012593831.1
OG0000180	WP_041487770.1	WP_012594966.1
OG0000181	WP_041487801.1	WP_012595123.1
OG0000182	WP_041487895.1	WP_041229695.1
OG0000183	WP_071813723.1	WP_012595945.1, WP_012596143.1
OG0000184	WP_081440571.1	WP_012595374.1
OG0000185	WP_148207777.1	WP_015785214.1
OG0000186	WP_201763753.1	WP_012595365.1, WP_012595446.1
OG0000187	WP_236608127.1	WP_012596644.1
OG0000188	WP_236608137.1	WP_012594741.1, WP_015957416.1
OG0000204	WP_012953434.1	WP_012597054.1
OG0000205	WP_012953435.1	WP_012595772.1, WP_012596969.1
OG0000206	WP_012953436.1	WP_012593773.1
OG0000207	WP_012953437.1	WP_012596604.1
OG0000208	WP_012953438.1	WP_012596606.1
OG0000209	WP_012953439.1	WP_041229666.1
OG0000210	WP_012953440.1	WP_241392578.1
OG0000211	WP_012953442.1	WP_012595966.1
OG0000212	WP_012953444.1	WP_012596410.1
OG0000213	WP_012953445.1	WP_012597286.1
OG0000214	WP_012953447.1	WP_015785332.1
OG0000215	WP_012953448.1	WP_012596472.1
OG0000216	WP_012953449.1	WP_012594625.1
OG0000217	WP_012953452.1	WP_015785184.1, WP_012596517.1
OG0000218	WP_012953454.1	WP_012596189.1
OG0000219	WP_012953455.1	WP_012596188.1
OG0000220	WP_012953456.1	WP_012593915.1
OG0000221	WP_012953459.1	WP_012594414.1
OG0000222	WP_012953460.1	WP_012595449.1
OG0000223	WP_012953462.1	WP_241392706.1
OG0000224	WP_012953463.1	WP_012595975.1
OG0000225	WP_012953466.1	WP_012595221.1
OG0000226	WP_012953468.1	WP_012596165.1
OG0000227	WP_012953470.1	WP_012595802.1
OG0000228	WP_012953472.1	WP_015957373.1
OG0000229	WP_012953474.1	WP_012594390.1
OG0000230	WP_012953475.1	WP_012594391.1
OG0000231	WP_012953476.1	WP_012593739.1
OG0000232	WP_012953477.1	WP_012596038.1
OG0000233	WP_012953478.1	WP_012596401.1
OG0000234	WP_012953480.1	WP_012596164.1
OG0000235	WP_012953481.1	WP_012593780.1
OG0000236	WP_012953482.1	WP_012596405.1
OG0000237	WP_012953484.1	WP_012593914.1
OG0000238	WP_012953485.1	WP_012594192.1, WP_012596770.1
OG0000239	WP_012953488.1	WP_012594762.1
OG0000240	WP_012953489.1	WP_015783767.1
OG0000241	WP_012953490.1	WP_012596449.1
OG0000242	WP_012953491.1	WP_012596450.1
OG0000243	WP_012953492.1	WP_015957410.1
OG0000244	WP_012953494.1	WP_203427731.1
OG0000245	WP_012953497.1	WP_012595552.1
OG0000246	WP_012953499.1	WP_015785349.1
OG0000247	WP_012953500.1	WP_012596112.1
OG0000248	WP_012953501.1	WP_012595804.1
OG0000249	WP_012953504.1	WP_012594232.1
OG0000250	WP_012953505.1	WP_012594234.1
OG0000251	WP_012953506.1	WP_041229716.1
OG0000252	WP_012953507.1	WP_012593538.1
OG0000253	WP_012953508.1	WP_012593537.1
OG0000254	WP_012953509.1	WP_012593536.1
OG0000255	WP_012953510.1	WP_012596595.1
OG0000256	WP_012953511.1	WP_012596593.1
OG0000257	WP_012953515.1	WP_012596575.1
OG0000258	WP_012953516.1	WP_012596576.1
OG0000259	WP_012953517.1	WP_012594229.1
OG0000260	WP_012953518.1	WP_012594228.1
OG0000261	WP_012953521.1	WP_012595629.1
OG0000262	WP_012953522.1	WP_012595628.1
OG0000263	WP_012953523.1	WP_012593882.1
OG0000264	WP_012953524.1	WP_012593881.1
OG0000265	WP_012953525.1	WP_012593685.1
OG0000266	WP_012953527.1	WP_012593686.1
OG0000267	WP_012953529.1	WP_012596332.1
OG0000268	WP_012953530.1	WP_012594680.1
OG0000269	WP_012953531.1	WP_012595125.1
OG0000270	WP_012953534.1	WP_012594219.1
OG0000271	WP_012953535.1	WP_012594220.1
OG0000272	WP_012953537.1	WP_012595296.1
OG0000273	WP_012953543.1	WP_012594382.1
OG0000274	WP_012953544.1	WP_015785343.1
OG0000275	WP_012953551.1	WP_012595987.1
OG0000276	WP_012953552.1	WP_012595986.1
OG0000277	WP_012953553.1	WP_012595985.1
OG0000278	WP_012953556.1	WP_203427735.1
OG0000279	WP_012953559.1	WP_012593772.1
OG0000280	WP_012953561.1	WP_041229918.1
OG0000281	WP_012953562.1	WP_015785099.1
OG0000282	WP_012953563.1	WP_241392705.1
OG0000283	WP_012953564.1	WP_012596610.1
OG0000284	WP_012953565.1	WP_203427730.1
OG0000285	WP_012953570.1	WP_012596667.1
OG0000286	WP_012953571.1	WP_015957363.1
OG0000287	WP_012953573.1	WP_012593395.1
OG0000288	WP_012953574.1	WP_012596537.1
OG0000289	WP_012953576.1	WP_012595867.1
OG0000290	WP_012953577.1	WP_012595868.1
OG0000291	WP_012953578.1	WP_012595870.1
OG0000292	WP_012953579.1	WP_012595620.1
OG0000293	WP_012953581.1	WP_012596430.1
OG0000294	WP_012953582.1	WP_012596431.1
OG0000295	WP_012953585.1	WP_015785403.1
OG0000296	WP_012953587.1	WP_012595748.1
OG0000297	WP_012953589.1	WP_012595834.1
OG0000298	WP_012953592.1	WP_012595385.1
OG0000299	WP_012953595.1	WP_012593963.1
OG0000300	WP_012953597.1	WP_012594621.1
OG0000301	WP_012953598.1	WP_012595573.1
OG0000302	WP_012953599.1	WP_241392536.1
OG0000303	WP_012953600.1	WP_015785312.1
OG0000304	WP_012953601.1	WP_015957385.1
OG0000305	WP_012953602.1	WP_012594443.1
OG0000306	WP_012953603.1	WP_012593757.1
OG0000307	WP_012953605.1	WP_012595526.1
OG0000308	WP_012953607.1	WP_012594943.1
OG0000309	WP_012953608.1	WP_012594142.1
OG0000310	WP_012953610.1	WP_012595076.1
OG0000311	WP_012953611.1	WP_012593708.1
OG0000312	WP_012953612.1	WP_012593707.1
OG0000313	WP_012953613.1	WP_012596093.1
OG0000314	WP_012953616.1	WP_012595776.1
OG0000315	WP_012953619.1	WP_012595249.1
OG0000316	WP_012953620.1	WP_012596869.1
OG0000317	WP_012953621.1	WP_012594558.1
OG0000318	WP_012953622.1	WP_012594557.1
OG0000319	WP_012953623.1	WP_012596661.1
OG0000320	WP_012953624.1	WP_012596660.1
OG0000321	WP_012953626.1	WP_012593866.1
OG0000322	WP_012953627.1	WP_012596298.1
OG0000323	WP_012953628.1	WP_012594276.1
OG0000324	WP_012953629.1	WP_012594277.1
OG0000325	WP_012953630.1	WP_012593668.1
OG0000326	WP_012953631.1	WP_012593988.1
OG0000327	WP_012953633.1	WP_012596163.1
OG0000328	WP_012953634.1	WP_012595794.1
OG0000329	WP_012953635.1	WP_012595793.1
OG0000330	WP_012953636.1	WP_012595792.1
OG0000331	WP_012953638.1	WP_012595706.1
OG0000332	WP_012953639.1	WP_012593749.1
OG0000333	WP_012953640.1	WP_012593953.1
OG0000334	WP_012953642.1	WP_012596006.1
OG0000335	WP_012953644.1	WP_012595533.1
OG0000336	WP_012953645.1	WP_015785178.1
OG0000337	WP_012953646.1	WP_012594885.1
OG0000338	WP_012953647.1	WP_012594507.1
OG0000339	WP_012953648.1	WP_012593456.1
OG0000340	WP_012953649.1	WP_012595611.1
OG0000341	WP_012953650.1	WP_012597105.1
OG0000342	WP_012953651.1	WP_012593807.1
OG0000343	WP_012953652.1	WP_012593806.1
OG0000344	WP_012953655.1	WP_012593903.1
OG0000345	WP_012953658.1	WP_012595059.1
OG0000346	WP_012953659.1	WP_012595060.1
OG0000347	WP_012953660.1	WP_012595061.1
OG0000348	WP_012953661.1	WP_012595062.1
OG0000349	WP_012953662.1	WP_203427725.1
OG0000350	WP_012953665.1	WP_012594616.1
OG0000351	WP_012953666.1	WP_041229900.1
OG0000352	WP_012953667.1	WP_012597102.1
OG0000353	WP_012953668.1	WP_015785330.1
OG0000354	WP_012953672.1	WP_012593664.1
OG0000355	WP_012953673.1	WP_012597254.1
OG0000356	WP_012953674.1	WP_012596876.1
OG0000357	WP_012953676.1	WP_012595972.1
OG0000358	WP_012953677.1	WP_012596351.1
OG0000359	WP_012953678.1	WP_012594019.1
OG0000360	WP_012953680.1	WP_012594560.1
OG0000361	WP_012953681.1	WP_012594340.1
OG0000362	WP_012953683.1	WP_012596654.1
OG0000363	WP_012953686.1	WP_012593938.1
OG0000364	WP_012953687.1	WP_012596333.1
OG0000365	WP_012953689.1	WP_012597041.1
OG0000366	WP_012953692.1	WP_012596657.1
OG0000367	WP_012953693.1	WP_012597097.1
OG0000368	WP_012953694.1	WP_012593407.1
OG0000369	WP_012953698.1	WP_012595861.1
OG0000370	WP_012953700.1	WP_012595859.1
OG0000371	WP_012953702.1	WP_012595048.1
OG0000372	WP_012953703.1	WP_241392679.1
OG0000373	WP_012953706.1	WP_012593515.1
OG0000374	WP_012953710.1	WP_012595692.1
OG0000375	WP_012953711.1	WP_012593702.1
OG0000376	WP_012953714.1	WP_012593844.1
OG0000377	WP_012953715.1	WP_012594850.1
OG0000378	WP_012953716.1	WP_012594851.1
OG0000379	WP_012953718.1	WP_012597249.1
OG0000380	WP_012953719.1	WP_012597251.1
OG0000381	WP_012953720.1	WP_071819093.1
OG0000382	WP_012953722.1	WP_012593510.1
OG0000383	WP_012953723.1	WP_012593509.1
OG0000384	WP_012953724.1	WP_012596314.1
OG0000385	WP_012953726.1	WP_012594015.1
OG0000386	WP_012953727.1	WP_012596342.1
OG0000387	WP_012953728.1	WP_015785333.1
OG0000388	WP_012953734.1	WP_012594032.1
OG0000389	WP_012953736.1	WP_012594036.1
OG0000390	WP_012953737.1	WP_012594947.1
OG0000391	WP_012953741.1	WP_012595156.1
OG0000392	WP_012953742.1	WP_012595432.1
OG0000393	WP_012953743.1	WP_012596247.1
OG0000394	WP_012953744.1	WP_041229585.1
OG0000395	WP_012953746.1	WP_012593815.1
OG0000396	WP_012953747.1	WP_012595621.1
OG0000397	WP_012953748.1	WP_012594139.1
OG0000398	WP_012953749.1	WP_012594522.1
OG0000399	WP_012953750.1	WP_015785146.1
OG0000400	WP_012953751.1	WP_012593698.1
OG0000401	WP_012953754.1	WP_012596579.1
OG0000402	WP_012953755.1	WP_012596580.1
OG0000403	WP_012953756.1	WP_012593778.1
OG0000404	WP_012953758.1	WP_012593909.1
OG0000405	WP_012953760.1	WP_012596092.1
OG0000406	WP_012953761.1	WP_012596091.1
OG0000407	WP_012953764.1	WP_015957326.1
OG0000408	WP_012953765.1	WP_015957328.1
OG0000409	WP_012953766.1	WP_015785220.1
OG0000410	WP_012953767.1	WP_012595063.1
OG0000411	WP_012953769.1	WP_012597143.1
OG0000412	WP_012953770.1	WP_012596086.1
OG0000413	WP_012953774.1	WP_012593728.1
OG0000414	WP_012953777.1	WP_012595398.1
OG0000415	WP_012953778.1	WP_012596371.1
OG0000416	WP_012953779.1	WP_012595646.1
OG0000417	WP_012953781.1	WP_012596931.1
OG0000418	WP_012953782.1	WP_012594600.1
OG0000419	WP_012953783.1	WP_012596049.1
OG0000420	WP_012953784.1	WP_012596050.1
OG0000421	WP_012953786.1	WP_015957400.1
OG0000422	WP_012953787.1	WP_012597051.1
OG0000423	WP_012953788.1	WP_012594429.1
OG0000424	WP_012953789.1	WP_012594318.1
OG0000425	WP_012953791.1	WP_012593471.1
OG0000426	WP_012953793.1	WP_012595345.1
OG0000427	WP_012953794.1	WP_012595346.1
OG0000428	WP_012953796.1	WP_012596104.1
OG0000429	WP_012953797.1	WP_012596989.1
OG0000430	WP_012953798.1	WP_012596150.1
OG0000431	WP_012953801.1	WP_012594157.1
OG0000432	WP_012953803.1	WP_012594821.1
OG0000433	WP_012953806.1	WP_015957413.1
OG0000434	WP_012953807.1	WP_015785357.1
OG0000435	WP_012953808.1	WP_015957412.1
OG0000436	WP_012953809.1	WP_015957431.1
OG0000437	WP_012953810.1	WP_012596710.1
OG0000438	WP_012953811.1	WP_012594844.1
OG0000439	WP_012953812.1	WP_012594503.1
OG0000440	WP_012953815.1	WP_012596525.1
OG0000441	WP_012953820.1	WP_012596037.1
OG0000442	WP_012953825.1	WP_012596691.1
OG0000443	WP_012953826.1	WP_012597120.1
OG0000444	WP_012953829.1	WP_012594591.1
OG0000445	WP_012953830.1	WP_012594592.1
OG0000446	WP_012953832.1	WP_012593889.1
OG0000447	WP_012953834.1	WP_012595907.1
OG0000448	WP_012953835.1	WP_012593784.1
OG0000449	WP_012953836.1	WP_012593785.1
OG0000450	WP_012953837.1	WP_012596331.1
OG0000451	WP_012953838.1	WP_012596192.1
OG0000452	WP_012953840.1	WP_012594137.1
OG0000453	WP_012953841.1	WP_015785100.1
OG0000454	WP_012953845.1	WP_012596354.1
OG0000455	WP_012953846.1	WP_012596353.1
OG0000456	WP_012953849.1	WP_012596636.1
OG0000457	WP_012953850.1	WP_012596137.1
OG0000458	WP_012953851.1	WP_012595213.1
OG0000459	WP_012953856.1	WP_012594113.1
OG0000460	WP_012953860.1	WP_041229914.1
OG0000461	WP_012953861.1	WP_012596172.1
OG0000462	WP_012953863.1	WP_012594756.1
OG0000463	WP_012953864.1	WP_012596947.1
OG0000464	WP_012953866.1	WP_012595490.1
OG0000465	WP_012953868.1	WP_241392640.1
OG0000466	WP_012953870.1	WP_012596779.1
OG0000467	WP_012953872.1	WP_012595311.1
OG0000468	WP_012953873.1	WP_012596465.1
OG0000469	WP_012953875.1	WP_015785310.1
OG0000470	WP_012953876.1	WP_015785311.1
OG0000471	WP_012953878.1	WP_012593850.1
OG0000472	WP_012953882.1	WP_012594267.1
OG0000473	WP_012953883.1	WP_012593401.1
OG0000474	WP_012953884.1	WP_012595267.1
OG0000475	WP_012953885.1	WP_012596765.1
OG0000476	WP_012953886.1	WP_012596764.1
OG0000477	WP_012953887.1	WP_012594897.1
OG0000478	WP_012953888.1	WP_012597233.1
OG0000479	WP_012953889.1	WP_012595765.1
OG0000480	WP_012953890.1	WP_012593711.1
OG0000481	WP_012953891.1	WP_012593710.1
OG0000482	WP_012953892.1	WP_012595610.1
OG0000483	WP_012953893.1	WP_012595550.1
OG0000484	WP_012953894.1	WP_012595853.1
OG0000485	WP_012953895.1	WP_012595852.1
OG0000486	WP_012953896.1	WP_012595851.1
OG0000487	WP_012953899.1	WP_012595379.1
OG0000488	WP_012953900.1	WP_012596832.1
OG0000489	WP_012953901.1	WP_012596412.1
OG0000490	WP_012953904.1	WP_241392697.1
OG0000491	WP_012953906.1	WP_012595535.1
OG0000492	WP_012953907.1	WP_012594513.1
OG0000493	WP_012953910.1	WP_015785230.1
OG0000494	WP_012953911.1	WP_012594283.1
OG0000495	WP_012953912.1	WP_012593993.1
OG0000496	WP_012953913.1	WP_012593504.1
OG0000497	WP_012953915.1	WP_012593474.1
OG0000498	WP_012953916.1	WP_203427747.1
OG0000499	WP_012953919.1	WP_012594567.1
OG0000500	WP_012953921.1	WP_012595833.1
OG0000501	WP_012953922.1	WP_012597278.1
OG0000502	WP_012953923.1	WP_041229606.1
OG0000503	WP_012953924.1	WP_012593633.1
OG0000504	WP_012953925.1	WP_012593634.1
OG0000505	WP_012953926.1	WP_012593893.1
OG0000506	WP_012953927.1	WP_012595946.1
OG0000507	WP_012953930.1	WP_012595027.1
OG0000508	WP_012953931.1	WP_012594624.1
OG0000509	WP_012953932.1	WP_041229671.1
OG0000510	WP_012953933.1	WP_012595635.1
OG0000511	WP_012953934.1	WP_012597048.1
OG0000512	WP_012953935.1	WP_012597047.1
OG0000513	WP_012953937.1	WP_012595384.1
OG0000514	WP_012953938.1	WP_012596882.1
OG0000515	WP_012953943.1	WP_012595546.1
OG0000516	WP_012953944.1	WP_012594006.1
OG0000517	WP_012953950.1	WP_012596185.1
OG0000518	WP_012953952.1	WP_012595541.1
OG0000519	WP_012953953.1	WP_012594783.1
OG0000520	WP_012953954.1	WP_012594782.1
OG0000521	WP_012953955.1	WP_012596257.1
OG0000522	WP_012953956.1	WP_012594109.1
OG0000523	WP_012953960.1	WP_012595247.1
OG0000524	WP_012953961.1	WP_012595246.1
OG0000525	WP_012953966.1	WP_012596061.1
OG0000526	WP_012953968.1	WP_012594225.1
OG0000527	WP_012953969.1	WP_012593828.1
OG0000528	WP_012953970.1	WP_012594360.1
OG0000529	WP_012953971.1	WP_012595461.1
OG0000530	WP_012953972.1	WP_012593801.1
OG0000531	WP_012953973.1	WP_012593800.1
OG0000532	WP_012953974.1	WP_012593496.1
OG0000533	WP_012953975.1	WP_012595073.1
OG0000534	WP_012953976.1	WP_012595071.1
OG0000535	WP_012953977.1	WP_012595070.1
OG0000536	WP_012953978.1	WP_012594282.1
OG0000537	WP_012953980.1	WP_012595691.1
OG0000538	WP_012953983.1	WP_012594608.1
OG0000539	WP_012953984.1	WP_012595881.1
OG0000540	WP_012953986.1	WP_012594883.1
OG0000541	WP_012953987.1	WP_012594742.1
OG0000542	WP_012953990.1	WP_012596007.1
OG0000543	WP_012953991.1	WP_012596796.1
OG0000544	WP_012953993.1	WP_012595091.1
OG0000545	WP_012953994.1	WP_012595093.1
OG0000546	WP_012953995.1	WP_012595094.1
OG0000547	WP_012953996.1	WP_012595095.1
OG0000548	WP_012953997.1	WP_012595096.1
OG0000549	WP_012953999.1	WP_012595099.1
OG0000550	WP_012954000.1	WP_012595102.1
OG0000551	WP_012954002.1	WP_012595104.1
OG0000552	WP_012954003.1	WP_012595105.1
OG0000553	WP_012954004.1	WP_012595106.1
OG0000554	WP_012954005.1	WP_012595107.1
OG0000555	WP_012954007.1	WP_012595109.1
OG0000556	WP_012954010.1	WP_012595113.1
OG0000557	WP_012954011.1	WP_012595114.1
OG0000558	WP_012954014.1	WP_012595464.1
OG0000559	WP_012954015.1	WP_012595121.1
OG0000560	WP_012954017.1	WP_012595430.1
OG0000561	WP_012954018.1	WP_015785409.1
OG0000562	WP_012954019.1	WP_015785115.1
OG0000563	WP_012954022.1	WP_012594666.1
OG0000564	WP_012954023.1	WP_012594477.1
OG0000565	WP_012954024.1	WP_012596365.1
OG0000566	WP_012954025.1	WP_012595211.1
OG0000567	WP_012954027.1	WP_012594039.1
OG0000568	WP_012954028.1	WP_012594828.1
OG0000569	WP_012954029.1	WP_012594171.1
OG0000570	WP_012954031.1	WP_012594172.1
OG0000571	WP_012954032.1	WP_012594461.1
OG0000572	WP_012954033.1	WP_015957350.1
OG0000573	WP_012954034.1	WP_015785253.1
OG0000574	WP_012954035.1	WP_012595475.1
OG0000575	WP_012954036.1	WP_012595563.1
OG0000576	WP_012954037.1	WP_012595561.1
OG0000577	WP_012954038.1	WP_012595998.1
OG0000579	WP_012954040.1	WP_012594487.1
OG0000580	WP_012954041.1	WP_012595880.1
OG0000581	WP_012954042.1	WP_012595023.1
OG0000582	WP_012954044.1	WP_012594263.1
OG0000583	WP_012954045.1	WP_012594262.1
OG0000584	WP_012954048.1	WP_012597217.1
OG0000585	WP_012954050.1	WP_012594642.1
OG0000586	WP_012954051.1	WP_012596875.1
OG0000587	WP_012954052.1	WP_012595757.1
OG0000588	WP_012954054.1	WP_012595279.1
OG0000589	WP_012954055.1	WP_012594748.1
OG0000590	WP_012954056.1	WP_012596147.1
OG0000591	WP_012954057.1	WP_012596148.1
OG0000592	WP_012954058.1	WP_012596149.1
OG0000593	WP_012954059.1	WP_012596631.1
OG0000594	WP_012954061.1	WP_012596898.1
OG0000595	WP_012954062.1	WP_012594826.1
OG0000596	WP_012954065.1	WP_012596064.1
OG0000597	WP_012954067.1	WP_012596076.1
OG0000598	WP_012954071.1	WP_203427701.1
OG0000599	WP_012954072.1	WP_012597052.1
OG0000600	WP_012954074.1	WP_012593526.1
OG0000601	WP_012954076.1	WP_012595351.1
OG0000602	WP_012954078.1	WP_015957302.1
OG0000603	WP_012954080.1	WP_012595547.1
OG0000604	WP_012954082.1	WP_012595256.1
OG0000605	WP_012954083.1	WP_012594456.1
OG0000606	WP_012954087.1	WP_012594482.1
OG0000607	WP_012954091.1	WP_012595723.1
OG0000608	WP_012954092.1	WP_012595722.1
OG0000609	WP_012954093.1	WP_012593404.1
OG0000610	WP_012954100.1	WP_012594294.1
OG0000611	WP_012954103.1	WP_012593870.1
OG0000612	WP_012954105.1	WP_012595980.1
OG0000613	WP_012954106.1	WP_012595979.1
OG0000614	WP_012954107.1	WP_012595978.1
OG0000615	WP_012954108.1	WP_012596489.1
OG0000616	WP_012954109.1	WP_012595901.1
OG0000617	WP_012954111.1	WP_012596952.1
OG0000618	WP_012954112.1	WP_012593577.1
OG0000619	WP_012954114.1	WP_012594772.1
OG0000620	WP_012954116.1	WP_012595671.1
OG0000621	WP_012954118.1	WP_012593792.1
OG0000622	WP_012954119.1	WP_012593791.1
OG0000623	WP_012954120.1	WP_012593790.1
OG0000624	WP_012954121.1	WP_012593789.1
OG0000625	WP_012954122.1	WP_012594426.1
OG0000626	WP_012954123.1	WP_012597185.1
OG0000627	WP_012954125.1	WP_012597183.1
OG0000628	WP_012954126.1	WP_012596128.1
OG0000629	WP_012954128.1	WP_015785265.1
OG0000630	WP_012954129.1	WP_012594205.1
OG0000631	WP_012954133.1	WP_012596120.1
OG0000632	WP_012954135.1	WP_015785209.1
OG0000633	WP_012954139.1	WP_012594453.1
OG0000634	WP_012954141.1	WP_012596915.1
OG0000635	WP_012954144.1	WP_012596484.1
OG0000636	WP_012954145.1	WP_015785134.1
OG0000637	WP_012954148.1	WP_012594807.1
OG0000638	WP_012954149.1	WP_012597191.1
OG0000639	WP_012954153.1	WP_012594708.1
OG0000640	WP_012954155.1	WP_241392687.1
OG0000641	WP_012954157.1	WP_012595653.1
OG0000642	WP_012954158.1	WP_012593654.1
OG0000643	WP_012954163.1	WP_012594951.1
OG0000644	WP_012954167.1	WP_012594993.1
OG0000645	WP_012954168.1	WP_012594992.1
OG0000646	WP_012954169.1	WP_012597056.1
OG0000647	WP_012954171.1	WP_012594075.1
OG0000648	WP_012954172.1	WP_012594091.1
OG0000649	WP_012954173.1	WP_012596426.1
OG0000650	WP_012954175.1	WP_012597258.1
OG0000651	WP_012954176.1	WP_012597259.1
OG0000652	WP_012954177.1	WP_012593539.1
OG0000653	WP_012954181.1	WP_012596889.1
OG0000654	WP_012954182.1	WP_041229609.1
OG0000655	WP_012954184.1	WP_012593924.1
OG0000656	WP_012954185.1	WP_012593925.1
OG0000657	WP_012954186.1	WP_012596512.1
OG0000658	WP_012954187.1	WP_012595266.1
OG0000659	WP_012954189.1	WP_012596613.1
OG0000660	WP_012954190.1	WP_015785323.1
OG0000661	WP_012954191.1	WP_012595830.1
OG0000662	WP_012954192.1	WP_012595831.1
OG0000663	WP_012954194.1	WP_012595769.1
OG0000664	WP_012954198.1	WP_012593762.1
OG0000665	WP_012954200.1	WP_012595142.1
OG0000666	WP_012954201.1	WP_012594865.1
OG0000667	WP_012954202.1	WP_012594864.1
OG0000668	WP_012954204.1	WP_012594862.1
OG0000669	WP_012954205.1	WP_012594861.1
OG0000670	WP_012954207.1	WP_012593841.1
OG0000671	WP_012954209.1	WP_012596168.1
OG0000672	WP_012954210.1	WP_241392716.1
OG0000673	WP_012954211.1	WP_012594297.1
OG0000674	WP_012954212.1	WP_012596323.1
OG0000675	WP_012954213.1	WP_012595696.1
OG0000676	WP_012954214.1	WP_012594364.1
OG0000677	WP_012954215.1	WP_012594363.1
OG0000678	WP_012954216.1	WP_012594362.1
OG0000679	WP_012954217.1	WP_012594361.1
OG0000680	WP_012954218.1	WP_012595604.1
OG0000681	WP_012954220.1	WP_012595602.1
OG0000682	WP_012954221.1	WP_012595601.1
OG0000683	WP_012954222.1	WP_012595600.1
OG0000684	WP_012954223.1	WP_012595599.1
OG0000685	WP_012954224.1	WP_012594934.1
OG0000686	WP_012954225.1	WP_012596979.1
OG0000687	WP_012954226.1	WP_012593583.1
OG0000688	WP_012954227.1	WP_012593855.1
OG0000689	WP_012954228.1	WP_012593734.1
OG0000690	WP_012954230.1	WP_012595251.1
OG0000691	WP_012954232.1	WP_015957299.1
OG0000692	WP_012954233.1	WP_012593981.1
OG0000693	WP_012954234.1	WP_012596749.1
OG0000694	WP_012954236.1	WP_012596295.1
OG0000695	WP_012954237.1	WP_012596296.1
OG0000696	WP_012954238.1	WP_049769551.1
OG0000697	WP_012954242.1	WP_203427684.1
OG0000698	WP_012954243.1	WP_241392676.1
OG0000699	WP_012954244.1	WP_012594526.1
OG0000700	WP_012954245.1	WP_012596681.1
OG0000701	WP_012954246.1	WP_012596682.1
OG0000702	WP_012954247.1	WP_012596683.1
OG0000703	WP_012954249.1	WP_041229799.1
OG0000704	WP_012954253.1	WP_012595122.1
OG0000705	WP_012954254.1	WP_012595994.1
OG0000706	WP_012954255.1	WP_012594706.1
OG0000707	WP_012954256.1	WP_012593836.1
OG0000708	WP_012954258.1	WP_012596968.1
OG0000709	WP_012954259.1	WP_012595571.1
OG0000710	WP_012954260.1	WP_012595181.1
OG0000711	WP_012954264.1	WP_012595357.1
OG0000712	WP_012954266.1	WP_012595359.1
OG0000713	WP_012954269.1	WP_012594753.1
OG0000714	WP_012954270.1	WP_012596718.1
OG0000715	WP_012954272.1	WP_012596646.1
OG0000716	WP_012954274.1	WP_012595129.1
OG0000717	WP_012954276.1	WP_015785189.1
OG0000718	WP_012954278.1	WP_012595185.1
OG0000719	WP_012954282.1	WP_012594971.1
OG0000720	WP_012954283.1	WP_012594970.1
OG0000721	WP_012954284.1	WP_012594489.1
OG0000722	WP_012954285.1	WP_012596107.1
OG0000723	WP_012954287.1	WP_012595568.1
OG0000724	WP_012954289.1	WP_012596132.1
OG0000725	WP_012954290.1	WP_012596129.1
OG0000726	WP_012954291.1	WP_012595595.1
OG0000727	WP_012954294.1	WP_012595026.1
OG0000728	WP_012954296.1	WP_012596337.1
OG0000729	WP_012954299.1	WP_012595589.1
OG0000730	WP_012954300.1	WP_012595590.1
OG0000731	WP_012954301.1	WP_012595420.1
OG0000732	WP_012954302.1	WP_012595421.1
OG0000733	WP_012954304.1	WP_203427726.1
OG0000734	WP_012954305.1	WP_012596865.1
OG0000735	WP_012954307.1	WP_012593490.1
OG0000736	WP_012954308.1	WP_012594613.1
OG0000737	WP_012954309.1	WP_012593944.1
OG0000738	WP_012954311.1	WP_012593512.1
OG0000739	WP_012954314.1	WP_012595176.1
OG0000740	WP_012954315.1	WP_012595177.1
OG0000741	WP_012954316.1	WP_012595178.1
OG0000742	WP_012954317.1	WP_012595179.1
OG0000743	WP_012954318.1	WP_012595180.1
OG0000744	WP_012954319.1	WP_012593420.1
OG0000745	WP_012954320.1	WP_012595306.1
OG0000746	WP_012954325.1	WP_015785366.1
OG0000747	WP_012954327.1	WP_012596612.1
OG0000748	WP_012954330.1	WP_012597203.1
OG0000749	WP_012954332.1	WP_012595705.1
OG0000750	WP_012954333.1	WP_012595704.1
OG0000751	WP_012954334.1	WP_012596761.1
OG0000752	WP_012954335.1	WP_012596760.1
OG0000753	WP_012954336.1	WP_012594378.1
OG0000754	WP_012954337.1	WP_012593507.1
OG0000755	WP_012954338.1	WP_012594564.1
OG0000756	WP_012954339.1	WP_015785239.1
OG0000757	WP_012954340.1	WP_015785240.1
OG0000758	WP_012954341.1	WP_012595314.1
OG0000759	WP_012954342.1	WP_012595829.1
OG0000760	WP_012954343.1	WP_012595051.1
OG0000761	WP_012954345.1	WP_012595688.1
OG0000762	WP_012954348.1	WP_012595796.1
OG0000763	WP_012954349.1	WP_012597169.1
OG0000764	WP_012954350.1	WP_012594964.1
OG0000765	WP_012954352.1	WP_012594961.1
OG0000766	WP_012954353.1	WP_012595882.1
OG0000767	WP_012954354.1	WP_012595269.1
OG0000768	WP_012954356.1	WP_012593863.1
OG0000769	WP_012954357.1	WP_241392674.1
OG0000770	WP_012954360.1	WP_012593566.1
OG0000771	WP_012954362.1	WP_012596800.1
OG0000772	WP_012954363.1	WP_012593983.1
OG0000773	WP_012954364.1	WP_012593647.1
OG0000774	WP_012954366.1	WP_015957437.1
OG0000775	WP_012954367.1	WP_012595333.1
OG0000776	WP_012954368.1	WP_012594310.1
OG0000777	WP_012954369.1	WP_012594501.1
OG0000778	WP_012954370.1	WP_012594500.1
OG0000779	WP_012954372.1	WP_012594875.1
OG0000780	WP_012954373.1	WP_012596534.1
OG0000781	WP_012954377.1	WP_012596893.1
OG0000782	WP_012954380.1	WP_012597008.1
OG0000783	WP_012954381.1	WP_012597007.1
OG0000784	WP_012954387.1	WP_203427711.1
OG0000785	WP_012954389.1	WP_012593632.1
OG0000786	WP_012954390.1	WP_012593631.1
OG0000787	WP_012954391.1	WP_012593630.1
OG0000788	WP_012954392.1	WP_012593629.1
OG0000789	WP_012954393.1	WP_012593628.1
OG0000790	WP_012954394.1	WP_012593627.1
OG0000791	WP_012954395.1	WP_012593626.1
OG0000792	WP_012954396.1	WP_012593625.1
OG0000793	WP_012954397.1	WP_012593624.1
OG0000794	WP_012954399.1	WP_012593622.1
OG0000795	WP_012954400.1	WP_012593621.1
OG0000796	WP_012954401.1	WP_012593620.1
OG0000797	WP_012954402.1	WP_012593619.1
OG0000798	WP_012954403.1	WP_012593618.1
OG0000799	WP_012954404.1	WP_012593617.1
OG0000800	WP_012954405.1	WP_012593616.1
OG0000801	WP_012954406.1	WP_012593615.1
OG0000802	WP_012954407.1	WP_012593614.1
OG0000803	WP_012954408.1	WP_012593613.1
OG0000804	WP_012954409.1	WP_012593612.1
OG0000805	WP_012954410.1	WP_012593610.1
OG0000806	WP_012954411.1	WP_012593609.1
OG0000807	WP_012954412.1	WP_041229708.1
OG0000808	WP_012954413.1	WP_012593607.1
OG0000809	WP_012954414.1	WP_012593606.1
OG0000810	WP_012954415.1	WP_012593605.1
OG0000811	WP_012954418.1	WP_012593589.1
OG0000812	WP_012954420.1	WP_012595686.1
OG0000813	WP_012954422.1	WP_012594255.1
OG0000814	WP_012954423.1	WP_012594256.1
OG0000815	WP_012954424.1	WP_012596187.1
OG0000816	WP_012954426.1	WP_041229843.1
OG0000817	WP_012954430.1	WP_012596622.1
OG0000818	WP_012954431.1	WP_012596833.1
OG0000819	WP_012954436.1	WP_012594399.1
OG0000820	WP_012954437.1	WP_012594398.1
OG0000821	WP_012954439.1	WP_012594348.1
OG0000822	WP_012954440.1	WP_012595258.1
OG0000823	WP_012954443.1	WP_012596552.1
OG0000824	WP_012954444.1	WP_012595017.1
OG0000825	WP_012954449.1	WP_012595465.1
OG0000826	WP_012954450.1	WP_012595885.1
OG0000827	WP_012954452.1	WP_012595500.1
OG0000828	WP_012954454.1	WP_012597067.1
OG0000829	WP_012954456.1	WP_012594235.1
OG0000830	WP_012954457.1	WP_012594240.1
OG0000831	WP_012954459.1	WP_012596488.1
OG0000832	WP_012954462.1	WP_012595821.1
OG0000833	WP_012954464.1	WP_012597236.1
OG0000834	WP_012954466.1	WP_012597257.1
OG0000835	WP_012954467.1	WP_012593418.1
OG0000836	WP_012954468.1	WP_012597220.1
OG0000837	WP_012954469.1	WP_012595304.1
OG0000838	WP_012954470.1	WP_012595887.1
OG0000839	WP_012954472.1	WP_012594818.1
OG0000840	WP_012954474.1	WP_012596362.1
OG0000841	WP_012954476.1	WP_012596360.1
OG0000842	WP_012954480.1	WP_012593769.1
OG0000843	WP_012954481.1	WP_012595018.1
OG0000844	WP_012954482.1	WP_012596035.1
OG0000845	WP_012954483.1	WP_012596034.1
OG0000846	WP_012954484.1	WP_012594627.1
OG0000847	WP_012954487.1	WP_012594073.1
OG0000848	WP_012954488.1	WP_012594071.1
OG0000849	WP_012954491.1	WP_012596695.1
OG0000850	WP_012954496.1	WP_012597243.1
OG0000851	WP_012954497.1	WP_012597242.1
OG0000852	WP_012954498.1	WP_012594582.1
OG0000853	WP_012954500.1	WP_012594585.1
OG0000854	WP_012954502.1	WP_012595087.1
OG0000855	WP_012954504.1	WP_012593888.1
OG0000856	WP_012954508.1	WP_012594304.1
OG0000857	WP_012954510.1	WP_012595941.1
OG0000858	WP_012954513.1	WP_012594959.1
OG0000859	WP_012954514.1	WP_012595576.1
OG0000860	WP_012954515.1	WP_012595339.1
OG0000861	WP_012954516.1	WP_203427664.1
OG0000862	WP_012954518.1	WP_012597032.1
OG0000863	WP_012954522.1	WP_012593860.1
OG0000864	WP_012954523.1	WP_012593736.1
OG0000865	WP_012954524.1	WP_012596098.1
OG0000866	WP_012954525.1	WP_012596213.1
OG0000867	WP_012954526.1	WP_012596212.1
OG0000868	WP_012954527.1	WP_012596481.1
OG0000869	WP_012954529.1	WP_012596857.1
OG0000870	WP_012954530.1	WP_012595856.1
OG0000871	WP_012954532.1	WP_012594246.1
OG0000872	WP_012954533.1	WP_012594247.1
OG0000873	WP_012954534.1	WP_012596400.1
OG0000874	WP_012954535.1	WP_012593485.1
OG0000875	WP_012954539.1	WP_012595394.1
OG0000876	WP_012954541.1	WP_012595877.1
OG0000877	WP_012954542.1	WP_012595878.1
OG0000878	WP_012954543.1	WP_012594893.1
OG0000879	WP_012954544.1	WP_012594166.1
OG0000880	WP_012954545.1	WP_241392590.1
OG0000881	WP_012954546.1	WP_012596070.1
OG0000882	WP_012954552.1	WP_012596117.1
OG0000883	WP_012954553.1	WP_012597014.1
OG0000884	WP_012954554.1	WP_012597015.1
OG0000885	WP_012954555.1	WP_012595184.1
OG0000886	WP_012954556.1	WP_012594702.1
OG0000887	WP_012954557.1	WP_041229645.1
OG0000888	WP_012954558.1	WP_012594492.1
OG0000889	WP_012954562.1	WP_041229689.1
OG0000890	WP_012954564.1	WP_012595039.1
OG0000891	WP_012954566.1	WP_012596775.1
OG0000892	WP_012954567.1	WP_015785393.1
OG0000893	WP_012954570.1	WP_012593967.1
OG0000894	WP_012954571.1	WP_012593966.1
OG0000895	WP_012954572.1	WP_012593965.1
OG0000896	WP_012954573.1	WP_012595224.1
OG0000897	WP_012954575.1	WP_012597092.1
OG0000898	WP_012954576.1	WP_203427742.1
OG0000899	WP_012954577.1	WP_012595079.1
OG0000900	WP_012954578.1	WP_012595078.1
OG0000901	WP_012954580.1	WP_012597110.1
OG0000902	WP_012954581.1	WP_012597111.1
OG0000903	WP_012954583.1	WP_012593936.1
OG0000904	WP_012954584.1	WP_012593935.1
OG0000905	WP_012954587.1	WP_012597272.1
OG0000906	WP_012954588.1	WP_012597273.1
OG0000907	WP_012954589.1	WP_012597085.1
OG0000908	WP_012954590.1	WP_012594933.1
OG0000909	WP_012954591.1	WP_015784071.1
OG0000910	WP_012954592.1	WP_015785153.1
OG0000911	WP_012954593.1	WP_012594512.1
OG0000912	WP_012954597.1	WP_012596080.1
OG0000913	WP_012954600.1	WP_012596302.1
OG0000914	WP_012954601.1	WP_012594244.1
OG0000915	WP_012954602.1	WP_041229722.1
OG0000916	WP_012954603.1	WP_012594549.1
OG0000917	WP_012954606.1	WP_012595497.1
OG0000918	WP_012954608.1	WP_012595884.1
OG0000919	WP_012954609.1	WP_012595962.1
OG0000920	WP_012954610.1	WP_012597157.1
OG0000921	WP_012954612.1	WP_012595338.1
OG0000922	WP_012954613.1	WP_012595337.1
OG0000923	WP_012954615.1	WP_012595935.1
OG0000924	WP_012954616.1	WP_012595275.1
OG0000925	WP_012954618.1	WP_012595003.1
OG0000926	WP_012954620.1	WP_012597030.1
OG0000927	WP_012954625.1	WP_012595656.1
OG0000928	WP_012954628.1	WP_012596493.1
OG0000929	WP_040055239.1	WP_041229734.1
OG0000930	WP_041487696.1	WP_012596350.1
OG0000931	WP_041487697.1	WP_012596190.1
OG0000932	WP_041487698.1	WP_012593916.1
OG0000933	WP_041487700.1	WP_015785233.1
OG0000934	WP_041487702.1	WP_012595463.1
OG0000935	WP_041487706.1	WP_012594989.1
OG0000936	WP_041487707.1	WP_015957403.1
OG0000937	WP_041487709.1	WP_012596541.1
OG0000938	WP_041487710.1	WP_012596429.1
OG0000939	WP_041487711.1	WP_012594571.1
OG0000940	WP_041487712.1	WP_203427699.1
OG0000941	WP_041487717.1	WP_012596033.1
OG0000942	WP_041487719.1	WP_012594014.1
OG0000943	WP_041487721.1	WP_012595528.1
OG0000944	WP_041487726.1	WP_012593730.1
OG0000945	WP_041487728.1	WP_012596584.1
OG0000946	WP_041487729.1	WP_012596446.1
OG0000947	WP_041487738.1	WP_012593546.1
OG0000948	WP_041487741.1	WP_012595108.1
OG0000949	WP_041487742.1	WP_012595112.1
OG0000950	WP_041487744.1	WP_012593525.1
OG0000951	WP_041487749.1	WP_012593576.1
OG0000952	WP_041487750.1	WP_012596914.1
OG0000953	WP_041487752.1	WP_012593678.1
OG0000954	WP_041487757.1	WP_012593843.1
OG0000955	WP_041487761.1	WP_012595137.1
OG0000956	WP_041487763.1	WP_012596717.1
OG0000957	WP_041487764.1	WP_012596031.1
OG0000958	WP_041487765.1	WP_012596336.1
OG0000959	WP_041487768.1	WP_012597033.1
OG0000960	WP_041487771.1	WP_012594846.1
OG0000961	WP_041487774.1	WP_012593604.1
OG0000962	WP_041487777.1	WP_012594402.1
OG0000963	WP_041487781.1	WP_012593681.1, WP_012594099.1
OG0000964	WP_041487783.1	WP_012595637.1
OG0000965	WP_041487785.1	WP_012595855.1
OG0000966	WP_041487787.1	WP_012596820.1
OG0000967	WP_041487788.1	WP_012593934.1
OG0000968	WP_041487790.1	WP_012595336.1
OG0000969	WP_041487792.1	WP_012594440.1
OG0000970	WP_041487795.1	WP_012597267.1
OG0000971	WP_041487798.1	WP_012595551.1
OG0000972	WP_041487810.1	WP_012596938.1
OG0000973	WP_041487812.1	WP_012597270.1
OG0000974	WP_041487813.1	WP_012595058.1
OG0000975	WP_041487814.1	WP_012594068.1
OG0000976	WP_041487815.1	WP_012595050.1
OG0000977	WP_041487816.1	WP_241392694.1
OG0000978	WP_041487819.1	WP_012594520.1
OG0000979	WP_041487838.1	WP_012595252.1
OG0000980	WP_041487839.1	WP_012595676.1
OG0000981	WP_041487840.1	WP_012594948.1
OG0000982	WP_041487841.1	WP_012596797.1
OG0000983	WP_041487842.1	WP_012595111.1
OG0000984	WP_041487843.1	WP_012593740.1
OG0000985	WP_041487847.1	WP_012594021.1
OG0000986	WP_041487854.1	WP_041229910.1
OG0000987	WP_041487858.1	WP_012594077.1
OG0000988	WP_041487868.1	WP_012594784.1
OG0000989	WP_041487871.1	WP_012596659.1
OG0000990	WP_041487892.1	WP_012595077.1
OG0000991	WP_049765565.1	WP_015785342.1
OG0000992	WP_049765567.1	WP_012594568.1
OG0000993	WP_049765568.1	WP_012596943.1
OG0000994	WP_049765577.1	WP_241392702.1
OG0000995	WP_049765579.1	WP_012595860.1
OG0000996	WP_049765580.1	WP_012596334.1
OG0000997	WP_049765584.1	WP_241392709.1
OG0000998	WP_071813726.1	WP_012594994.1
OG0000999	WP_071813729.1	WP_015957279.1
OG0001000	WP_071813731.1	WP_012593796.1
OG0001001	WP_071813734.1	WP_012593445.1
OG0001002	WP_081440575.1	WP_012596495.1
OG0001003	WP_148207765.1	WP_012597160.1
OG0001004	WP_148207769.1	WP_012596650.1
OG0001005	WP_148207771.1	WP_012594401.1
OG0001006	WP_167884949.1	WP_012594697.1
OG0001007	WP_167884950.1	WP_015957336.1
OG0001008	WP_201763746.1	WP_012597028.1
OG0001009	WP_201763747.1	WP_203427666.1
OG0001010	WP_201763749.1	WP_012596808.1
OG0001011	WP_201763751.1	WP_203427740.1
OG0001012	WP_201763752.1	WP_012593460.1
OG0001013	WP_201763757.1	WP_012594250.1
OG0001014	WP_201763758.1	WP_012595752.1
OG0001015	WP_236608123.1	WP_241392607.1
OG0001016	WP_236608124.1	WP_012593883.1
OG0001017	WP_236608125.1	WP_012594709.1
OG0001018	WP_236608126.1	WP_012595603.1
OG0001019	WP_236608129.1	WP_012594845.1
OG0001020	WP_236608130.1	WP_012593811.1
OG0001021	WP_236608131.1	WP_012594224.1
OG0001022	WP_236608134.1	WP_012594106.1
OG0001023	WP_236608138.1	WP_012594115.1
OG0001024	WP_236608139.1	WP_012594389.1
OG0001025	WP_236608140.1	WP_241392708.1
OG0001026	WP_236608141.1	WP_012596522.1
OG0001027	WP_236608142.1	WP_012593600.1
OG0001028	WP_236608144.1	WP_012596173.1
OG0001029	WP_236608147.1	WP_012594264.1
OG0001030	WP_236608148.1	WP_241392723.1
OG0001031	WP_236608150.1	WP_012593540.1
OG0001032	WP_236608151.1	WP_012595358.1
OG0001033	WP_236608152.1	WP_012593639.1
OG0001034	WP_236608153.1	WP_015785417.1
OG0001035	WP_236608154.1	WP_012596487.1
OG0001036	WP_236608155.1	WP_203427717.1
OG0001071	WP_012953433.1	WP_012593827.1
OG0001073	WP_012953461.1	WP_012595450.1
OG0001074	WP_012953464.1	WP_012596750.1
OG0001075	WP_012953483.1	WP_015957320.1
OG0001076	WP_012953528.1	WP_012595763.1
OG0001077	WP_012953560.1	WP_012594498.1
OG0001078	WP_012953569.1	WP_012595643.1
OG0001079	WP_012953596.1	WP_012596852.1
OG0001080	WP_012953614.1	WP_241392692.1
OG0001081	WP_012953701.1	WP_012595044.1
OG0001082	WP_012953733.1	WP_015785167.1
OG0001083	WP_012953745.1	WP_012593817.1
OG0001084	WP_012953768.1	WP_012595809.1
OG0001085	WP_012953772.1	WP_015785297.1
OG0001086	WP_012953785.1	WP_012596043.1
OG0001087	WP_012953790.1	WP_012596555.1
OG0001088	WP_012953831.1	WP_012594593.1
OG0001090	WP_012953865.1	WP_012595491.1
OG0001091	WP_012953871.1	WP_012596848.1
OG0001092	WP_012953914.1	WP_012596156.1
OG0001093	WP_012953928.1	WP_012595083.1
OG0001094	WP_012953941.1	WP_012597175.1
OG0001095	WP_012953947.1	WP_012594773.1, WP_203427715.1
OG0001096	WP_012953957.1	WP_012594974.1
OG0001097	WP_012953958.1	WP_012594352.1
OG0001098	WP_012953962.1	WP_012593635.1
OG0001099	WP_012953965.1	WP_012595863.1
OG0001100	WP_012953979.1	WP_012595871.1
OG0001101	WP_012954069.1	WP_012594833.1
OG0001102	WP_012954070.1	WP_012594025.1
OG0001103	WP_012954086.1	WP_012594481.1
OG0001104	WP_012954090.1	WP_012595726.1
OG0001105	WP_012954127.1	WP_012596736.1
OG0001106	WP_012954138.1	WP_012594452.1
OG0001107	WP_012954147.1	WP_012594806.1
OG0001108	WP_012954156.1	WP_015785267.1
OG0001109	WP_012954161.1	WP_012594149.1
OG0001110	WP_012954162.1	WP_012594147.1
OG0001111	WP_012954165.1	WP_012594953.1
OG0001112	WP_012954170.1	WP_012594074.1
OG0001113	WP_012954179.1	WP_015785348.1
OG0001114	WP_012954188.1	WP_012595265.1
OG0001115	WP_012954231.1	WP_012596346.1
OG0001116	WP_012954241.1	WP_012594794.1
OG0001117	WP_012954250.1	WP_041229660.1
OG0001118	WP_012954292.1	WP_012597237.1
OG0001119	WP_012954312.1	WP_015785368.1
OG0001121	WP_012954374.1	WP_012596533.1
OG0001122	WP_012954378.1	WP_012597013.1
OG0001124	WP_012954417.1	WP_012593603.1
OG0001125	WP_012954425.1	WP_012594257.1
OG0001126	WP_012954445.1	WP_012596911.1
OG0001127	WP_012954475.1	WP_012596361.1
OG0001129	WP_012954489.1	WP_012593923.1, WP_241392648.1
OG0001130	WP_012954495.1	WP_012594210.1
OG0001132	WP_012954505.1	WP_012594873.1
OG0001133	WP_012954559.1	WP_012594212.1
OG0001134	WP_012954560.1	WP_008277373.1
OG0001135	WP_012954561.1	WP_012597207.1
OG0001136	WP_012954569.1	WP_015957329.1
OG0001137	WP_012954574.1	WP_041229883.1
OG0001138	WP_012954594.1	WP_012594511.1
OG0001139	WP_012954611.1	WP_012595012.1
OG0001140	WP_012954621.1	WP_012593805.1
OG0001141	WP_012954622.1	WP_012597225.1
OG0001142	WP_040054926.1	WP_012596629.1
OG0001143	WP_041487753.1	WP_012594952.1
OG0001144	WP_041487817.1	WP_012596198.1
OG0001145	WP_041487867.1	WP_012593439.1
OG0001146	WP_041487891.1	WP_012595697.1
OG0001147	WP_071813730.1	WP_012593611.1
OG0001149	WP_201763756.1	WP_012596729.1
OG0001270	WP_012953431.1	WP_012596248.1
OG0001271	WP_012953519.1	WP_012596249.1
OG0001272	WP_012953520.1	WP_012596250.1
OG0001273	WP_012953586.1	WP_012596004.1
OG0001274	WP_012953590.1	WP_012593999.1
OG0001275	WP_012953606.1	WP_012594945.1
OG0001276	WP_012953609.1	WP_012595075.1
OG0001277	WP_012953625.1	WP_012595416.1
OG0001278	WP_012953669.1	WP_012593753.1
OG0001279	WP_012953695.1	WP_012595649.1
OG0001280	WP_012953705.1	WP_012593514.1
OG0001281	WP_012953708.1	WP_015785193.1
OG0001282	WP_012953731.1	WP_012594667.1
OG0001284	WP_012953757.1	WP_012593910.1
OG0001285	WP_012953762.1	WP_012596089.1
OG0001286	WP_012953795.1	WP_012594468.1
OG0001287	WP_012953821.1	WP_012595937.1
OG0001288	WP_012953855.1	WP_012596927.1
OG0001289	WP_012953917.1	WP_012594849.1
OG0001290	WP_012953918.1	WP_012594848.1
OG0001291	WP_012954013.1	WP_241392680.1
OG0001292	WP_012954020.1	WP_012596630.1
OG0001293	WP_012954053.1	WP_012595280.1
OG0001294	WP_012954060.1	WP_012593696.1
OG0001295	WP_012954066.1	WP_012596445.1
OG0001296	WP_012954096.1	WP_012595164.1
OG0001297	WP_012954146.1	WP_012595923.1
OG0001298	WP_012954183.1	WP_015957343.1
OG0001299	WP_012954229.1	WP_012593733.1
OG0001300	WP_012954322.1	WP_012593017.1, WP_012597294.1
OG0001301	WP_012954324.1	WP_203427680.1
OG0001302	WP_012954328.1	WP_012597205.1
OG0001303	WP_012954329.1	WP_012597204.1
OG0001306	WP_012954446.1	WP_012595916.1
OG0001307	WP_012954503.1	WP_012595849.1
OG0001308	WP_012954521.1	WP_012596002.1
OG0001309	WP_012954540.1	WP_012595875.1
OG0001310	WP_012954551.1	WP_012596918.1
OG0001311	WP_012954582.1	WP_012596338.1
OG0001312	WP_012954586.1	WP_015785108.1
OG0001313	WP_012954595.1	WP_012595204.1
OG0001314	WP_012954604.1	WP_012594547.1
OG0001315	WP_041487715.1	WP_012594617.1
OG0001316	WP_041487780.1	WP_012595914.1
OG0001317	WP_041487793.1	WP_012595220.1
OG0001318	WP_041487803.1	WP_012594351.1
OG0001319	WP_071813733.1	WP_012594204.1
OG0001833	WP_012953685.1	WP_012593939.1
OG0001835	WP_012953942.1	WP_203427678.1
