Orthogroup	Crocosphaera_subtropica_ATCC_51142_GCF_000017845.1_protein	Candidatus_Atelocyanobacterium_thalassa_isolate_ALOHA_GCF_000025125.1_protein
OG0000002	WP_009545745.1	WP_012954598.1
OG0000002	WP_009547639.1	WP_012953902.1
OG0000002	WP_009547100.1, WP_009543682.1	WP_012954277.1
OG0000004	WP_009544490.1	WP_012953566.1
OG0000004	WP_243397431.1	WP_012954293.1
OG0000004	WP_009543637.1	WP_012953905.1
OG0000005	WP_009543121.1	WP_012953853.1
OG0000005	WP_009543917.1	WP_236608132.1
OG0000005	WP_009544188.1	WP_012953908.1
OG0000006	WP_009545257.1	WP_012954347.1
OG0000006	WP_182670735.1	WP_236608133.1
OG0000006	WP_009544095.1	WP_012954085.1
OG0000009	WP_024750155.1	WP_236608145.1
OG0000009	WP_009545890.1	WP_012954549.1
OG0000009	WP_009545720.1	WP_012954099.1
OG0000010	WP_009545020.1, WP_009546667.1, WP_009546565.1	WP_148207764.1
OG0000011	WP_009546116.1, WP_009547563.1	WP_012953813.1
OG0000011	WP_009547562.1, WP_009546117.1	WP_012953814.1
OG0000012	WP_009547713.1, WP_009543676.1, WP_024750201.1	WP_012953833.1
OG0000013	WP_009547089.1	WP_012954435.1
OG0000013	WP_009545489.1	WP_012954458.1
OG0000016	WP_009546466.1	WP_012954196.1
OG0000016	WP_009547210.1	WP_012953920.1
OG0000017	WP_009544298.1, WP_009546399.1, WP_009546408.1, WP_009544297.1, WP_009546409.1, WP_009544307.1, WP_009546394.1, WP_009547633.1	WP_012954021.1
OG0000018	WP_009543558.1	WP_012954371.1
OG0000018	WP_009547092.1, WP_009545725.1, WP_009545518.1	WP_041487851.1
OG0000019	WP_009544187.1	WP_012954511.1
OG0000019	WP_009544094.1, WP_009545025.1	WP_012954465.1
OG0000020	WP_009544175.1	WP_012954493.1
OG0000020	WP_009543905.1, WP_009545807.1	WP_012954617.1
OG0000023	WP_009543540.1	WP_012953903.1
OG0000023	WP_009544544.1	WP_012953663.1
OG0000024	WP_009545850.1	WP_012953822.1
OG0000024	WP_009543829.1	WP_012954203.1
OG0000025	WP_009544410.1	WP_012954605.1
OG0000025	WP_243397415.1	WP_012954012.1
OG0000026	WP_009544174.1	WP_012954492.1
OG0000026	WP_009544392.1	WP_012954473.1
OG0000027	WP_009545244.1, WP_009545893.1, WP_009544965.1	WP_012954599.1
OG0000029	WP_009544464.1	WP_012953989.1
OG0000029	WP_009547491.1	WP_012953539.1
OG0000030	WP_182670728.1	WP_012953557.1
OG0000030	WP_009546539.1	WP_012954379.1
OG0000031	WP_009544101.1	WP_012953575.1
OG0000031	WP_008276079.1	WP_012953713.1
OG0000032	WP_009543349.1	WP_012954150.1
OG0000032	WP_009547073.1	WP_012953697.1
OG0000033	WP_009543405.1	WP_012953707.1
OG0000033	WP_009543543.1	WP_012953739.1
OG0000034	WP_009545495.1	WP_012953804.1
OG0000034	WP_009544164.1	WP_012954134.1
OG0000035	WP_009546455.1	WP_236608143.1
OG0000035	WP_009545414.1	WP_012953848.1
OG0000036	WP_009545829.1	WP_012954303.1
OG0000036	WP_049769499.1	WP_012953897.1
OG0000037	WP_007307443.1	WP_012954143.1
OG0000037	WP_009547754.1	WP_012953946.1
OG0000038	WP_009547281.1	WP_012954152.1
OG0000038	WP_009545219.1	WP_012954490.1
OG0000039	WP_009544893.1, WP_009544652.1, WP_009546719.1, WP_009544717.1, WP_009545237.1, WP_009547831.1	WP_041487756.1
OG0000042	WP_009544391.1	WP_012954383.1
OG0000042	WP_009543334.1	WP_012953591.1
OG0000043	WP_009545253.1, WP_009546417.1, WP_009545483.1, WP_008274085.1, WP_009544347.1	WP_012953735.1
OG0000044	WP_009546633.1, WP_009547284.1	WP_012954151.1
OG0000045	WP_009545594.1	WP_041487776.1
OG0000045	WP_009543824.1	WP_012954240.1
OG0000046	WP_009546811.1, WP_041231900.1, WP_009545315.1, WP_009545012.1, WP_009548031.1	WP_012954346.1
OG0000047	WP_009545962.1, WP_009546220.1, WP_009545628.1	WP_012954451.1
OG0000048	WP_009544711.1	WP_012954563.1
OG0000048	WP_156922850.1	WP_012954519.1
OG0000059	WP_243397436.1	WP_012954288.1
OG0000059	WP_009546769.1	WP_012953458.1
OG0000060	WP_009544463.1	WP_012954208.1
OG0000060	WP_009545902.1	WP_012953512.1
OG0000061	WP_009544919.1	WP_012953752.1
OG0000061	WP_009545207.1	WP_012953763.1
OG0000062	WP_009544184.1, WP_009545768.1	WP_012954326.1
OG0000063	WP_009543178.1, WP_009546048.1	WP_041487853.1
OG0000064	WP_009546575.1, WP_009545160.1	WP_148207785.1
OG0000070	WP_009546884.1, WP_009545228.1	WP_012953446.1
OG0000071	WP_009544309.1, WP_009543458.1	WP_012953550.1
OG0000072	WP_024750314.1, WP_009544486.1, WP_009545800.1	WP_012953641.1
OG0000073	WP_009545423.1, WP_009543817.1, WP_024750374.1, WP_009547813.1	WP_012953881.1
OG0000074	WP_009543919.1, WP_009545084.1, WP_009544599.1, WP_009547757.1	WP_012953945.1
OG0000075	WP_009547013.1, WP_009546130.1	WP_012954131.1
OG0000076	WP_009545469.1	WP_012954166.1
OG0000077	WP_009546465.1, WP_243397404.1, WP_009546604.1, WP_009546594.1, WP_009546603.1	WP_012954197.1
OG0000078	WP_009544239.1, WP_009546463.1	WP_012954199.1
OG0000079	WP_009544943.1, WP_009547426.1	WP_012954251.1
OG0000080	WP_009543532.1	WP_012954536.1
OG0000080	WP_009547423.1	WP_012954252.1
OG0000081	WP_009546820.1, WP_009546672.1, WP_009543356.1, WP_009543644.1	WP_236608128.1
OG0000082	WP_009543051.1, WP_009543538.1, WP_009543863.1	WP_236608146.1
OG0000094	WP_009544489.1, WP_009546681.1	WP_012953567.1
OG0000095	WP_009545389.1, WP_009545286.1, WP_009544583.1	WP_012953632.1
OG0000096	WP_009545816.1, WP_009543566.1	WP_012953805.1
OG0000097	WP_024750257.1, WP_035858004.1, WP_243397463.1	WP_012953824.1
OG0000098	WP_009545420.1, WP_009545511.1, WP_009547416.1	WP_012953857.1
OG0000099	WP_009547815.1	WP_012953879.1
OG0000100	WP_009543491.1, WP_009547444.1, WP_009543504.1	WP_012953948.1
OG0000101	WP_009546167.1, WP_012362635.1, WP_009545709.1	WP_012953951.1
OG0000102	WP_009546665.1	WP_012954016.1
OG0000103	WP_243397358.1, WP_009543129.1	WP_012954081.1
OG0000104	WP_009547112.1	WP_012954094.1
OG0000104	WP_009547111.1	WP_012954095.1
OG0000105	WP_009545168.1, WP_009545169.1	WP_012954239.1
OG0000106	WP_243397372.1, WP_009543261.1	WP_012954273.1
OG0000107	WP_009543713.1, WP_009546610.1	WP_012954461.1
OG0000108	WP_009543548.1, WP_009545363.1, WP_009543927.1	WP_201763759.1
OG0000126	WP_009546832.1	WP_012953467.1
OG0000127	WP_024750296.1	WP_012953486.1
OG0000128	WP_009547859.1, WP_009543552.1	WP_012953487.1
OG0000129	WP_009544242.1	WP_012953538.1
OG0000130	WP_009545643.1, WP_009545642.1	WP_012953540.1
OG0000131	WP_009545640.1	WP_012953542.1
OG0000132	WP_009545676.1, WP_009546376.1	WP_012953547.1
OG0000133	WP_009544165.1, WP_009543457.1	WP_012953549.1
OG0000134	WP_007303504.1, WP_008278493.1	WP_012953554.1
OG0000135	WP_009545785.1	WP_012953568.1
OG0000136	WP_009544790.1, WP_009544592.1	WP_012953618.1
OG0000137	WP_009546673.1	WP_012953643.1
OG0000138	WP_009543790.1	WP_012953653.1
OG0000139	WP_009547968.1, WP_009546720.1	WP_012953656.1
OG0000140	WP_009544317.1, WP_009544507.1	WP_012953675.1
OG0000141	WP_009545747.1	WP_012953704.1
OG0000142	WP_009544168.1, WP_009544998.1	WP_012953721.1
OG0000143	WP_009546921.1, WP_009547547.1	WP_012953759.1
OG0000144	WP_009544732.1, WP_009543419.1	WP_012953800.1
OG0000145	WP_009544073.1, WP_009543123.1	WP_012953802.1
OG0000146	WP_009543925.1, WP_182670740.1	WP_012953816.1
OG0000147	WP_009546297.1, WP_009544469.1	WP_012953839.1
OG0000148	WP_009546745.1, WP_009543132.1	WP_012953867.1
OG0000149	WP_009547448.1	WP_012953877.1
OG0000150	WP_009543423.1, WP_009547814.1	WP_012953880.1
OG0000151	WP_009546432.1, WP_009544062.1	WP_012953898.1
OG0000152	WP_009543985.1, WP_009546918.1	WP_012953936.1
OG0000153	WP_009547790.1, WP_024750185.1	WP_012953964.1
OG0000154	WP_009546638.1	WP_012954001.1
OG0000155	WP_009545287.1, WP_009545528.1	WP_012954049.1
OG0000156	WP_009547552.1, WP_009546907.1	WP_012954068.1
OG0000157	WP_009545635.1	WP_012954077.1
OG0000158	WP_009544654.1, WP_009543323.1	WP_012954084.1
OG0000159	WP_198019420.1, WP_009547468.1	WP_012954089.1
OG0000160	WP_009544653.1, WP_009547114.1	WP_012954180.1
OG0000161	WP_009546467.1	WP_012954195.1
OG0000162	WP_009545400.1, WP_009543801.1	WP_012954261.1
OG0000163	WP_024750143.1, WP_009547218.1	WP_012954275.1
OG0000164	WP_009544719.1	WP_012954295.1
OG0000165	WP_009544559.1	WP_012954365.1
OG0000166	WP_009546993.1, WP_009543851.1	WP_012954421.1
OG0000167	WP_156922878.1, WP_009545113.1	WP_012954429.1
OG0000168	WP_024750364.1, WP_009545215.1	WP_012954447.1
OG0000169	WP_009544631.1, WP_009543699.1, WP_009547631.1	WP_012954453.1
OG0000170	WP_024750284.1, WP_009546182.1	WP_012954477.1
OG0000171	WP_009547136.1	WP_012954512.1
OG0000172	WP_243397453.1, WP_009543715.1	WP_012954517.1
OG0000173	WP_009543802.1	WP_012954528.1
OG0000174	WP_009546419.1, WP_009544677.1	WP_012954538.1
OG0000175	WP_009543989.1, WP_024750241.1	WP_012954626.1
OG0000176	WP_009543462.1, WP_009544313.1	WP_041487708.1
OG0000177	WP_009545914.1, WP_009547551.1	WP_041487725.1
OG0000178	WP_009545425.1, WP_009543381.1	WP_041487734.1
OG0000179	WP_009546400.1, WP_009546591.1	WP_041487762.1
OG0000180	WP_009545813.1, WP_009544614.1	WP_041487770.1
OG0000181	WP_009545406.1, WP_009544388.1	WP_041487801.1
OG0000182	WP_009544440.1, WP_009546363.1	WP_041487895.1
OG0000183	WP_243397380.1	WP_071813723.1
OG0000184	WP_009546298.1, WP_009544778.1	WP_081440571.1
OG0000185	WP_009545988.1	WP_148207777.1
OG0000186	WP_009544106.1	WP_201763753.1
OG0000187	WP_009544323.1, WP_009546091.1	WP_236608127.1
OG0000188	WP_009544345.1	WP_236608137.1
OG0000204	WP_009547345.1	WP_012953434.1
OG0000205	WP_024750318.1	WP_012953435.1
OG0000206	WP_009544741.1	WP_012953436.1
OG0000207	WP_009545622.1	WP_012953437.1
OG0000208	WP_009545624.1	WP_012953438.1
OG0000209	WP_009545625.1	WP_012953439.1
OG0000210	WP_009545542.1	WP_012953440.1
OG0000211	WP_009546877.1	WP_012953442.1
OG0000212	WP_009545016.1	WP_012953444.1
OG0000213	WP_009545138.1	WP_012953445.1
OG0000214	WP_009543708.1	WP_012953447.1
OG0000215	WP_009543691.1	WP_012953448.1
OG0000216	WP_009544966.1	WP_012953449.1
OG0000217	WP_009546496.1	WP_012953452.1
OG0000218	WP_009546786.1	WP_012953454.1
OG0000219	WP_009546785.1	WP_012953455.1
OG0000220	WP_009546875.1	WP_012953456.1
OG0000221	WP_009546770.1	WP_012953459.1
OG0000222	WP_009546777.1	WP_012953460.1
OG0000223	WP_009546779.1	WP_012953462.1
OG0000224	WP_012362482.1	WP_012953463.1
OG0000225	WP_009546831.1	WP_012953466.1
OG0000226	WP_009546833.1	WP_012953468.1
OG0000227	WP_009546551.1	WP_012953470.1
OG0000228	WP_009545132.1	WP_012953472.1
OG0000229	WP_009545578.1	WP_012953474.1
OG0000230	WP_008275059.1	WP_012953475.1
OG0000231	WP_009545587.1	WP_012953476.1
OG0000232	WP_009545588.1	WP_012953477.1
OG0000233	WP_009546003.1	WP_012953478.1
OG0000234	WP_009547072.1	WP_012953480.1
OG0000235	WP_009547672.1	WP_012953481.1
OG0000236	WP_009544571.1	WP_012953482.1
OG0000237	WP_009547383.1	WP_012953484.1
OG0000238	WP_009545877.1	WP_012953485.1
OG0000239	WP_009543551.1	WP_012953488.1
OG0000240	WP_009543549.1	WP_012953489.1
OG0000241	WP_009547043.1	WP_012953490.1
OG0000242	WP_009547042.1	WP_012953491.1
OG0000243	WP_009543574.1	WP_012953492.1
OG0000244	WP_009545615.1	WP_012953494.1
OG0000245	WP_009545603.1	WP_012953497.1
OG0000246	WP_009543553.1	WP_012953499.1
OG0000247	WP_009544809.1	WP_012953500.1
OG0000248	WP_009543240.1	WP_012953501.1
OG0000249	WP_009546685.1	WP_012953504.1
OG0000250	WP_012361405.1	WP_012953505.1
OG0000251	WP_009546111.1	WP_012953506.1
OG0000252	WP_009546110.1	WP_012953507.1
OG0000253	WP_009546109.1	WP_012953508.1
OG0000254	WP_009546108.1	WP_012953509.1
OG0000255	WP_009544349.1	WP_012953510.1
OG0000256	WP_009544350.1	WP_012953511.1
OG0000257	WP_009544206.1	WP_012953515.1
OG0000258	WP_009544205.1	WP_012953516.1
OG0000259	WP_009544203.1	WP_012953517.1
OG0000260	WP_009544202.1	WP_012953518.1
OG0000261	WP_009545095.1	WP_012953521.1
OG0000262	WP_009545094.1	WP_012953522.1
OG0000263	WP_009544644.1	WP_012953523.1
OG0000264	WP_243397326.1	WP_012953524.1
OG0000265	WP_009545089.1	WP_012953525.1
OG0000266	WP_009545088.1	WP_012953527.1
OG0000267	WP_009543968.1	WP_012953529.1
OG0000268	WP_008276699.1	WP_012953530.1
OG0000269	WP_009544390.1	WP_012953531.1
OG0000270	WP_009547369.1	WP_012953534.1
OG0000271	WP_009544973.1	WP_012953535.1
OG0000272	WP_009547764.1	WP_012953537.1
OG0000273	WP_009546142.1	WP_012953543.1
OG0000274	WP_009546143.1	WP_012953544.1
OG0000275	WP_009543459.1	WP_012953551.1
OG0000276	WP_009543460.1	WP_012953552.1
OG0000277	WP_009543461.1	WP_012953553.1
OG0000278	WP_009543463.1	WP_012953556.1
OG0000279	WP_009547620.1	WP_012953559.1
OG0000280	WP_009543921.1	WP_012953561.1
OG0000281	WP_009543920.1	WP_012953562.1
OG0000282	WP_009544683.1	WP_012953563.1
OG0000283	WP_009544620.1	WP_012953564.1
OG0000284	WP_182670751.1	WP_012953565.1
OG0000285	WP_009547026.1	WP_012953570.1
OG0000286	WP_009547024.1	WP_012953571.1
OG0000287	WP_009547926.1	WP_012953573.1
OG0000288	WP_243397387.1	WP_012953574.1
OG0000289	WP_009543077.1	WP_012953576.1
OG0000290	WP_009543076.1	WP_012953577.1
OG0000291	WP_009543074.1	WP_012953578.1
OG0000292	WP_009547703.1	WP_012953579.1
OG0000293	WP_009544120.1	WP_012953581.1
OG0000294	WP_009544121.1	WP_012953582.1
OG0000295	WP_009544261.1	WP_012953585.1
OG0000296	WP_009543276.1	WP_012953587.1
OG0000297	WP_008275436.1	WP_012953589.1
OG0000298	WP_009543372.1	WP_012953592.1
OG0000299	WP_009545793.1	WP_012953595.1
OG0000300	WP_009545997.1	WP_012953597.1
OG0000301	WP_009545140.1	WP_012953598.1
OG0000302	WP_156922826.1	WP_012953599.1
OG0000303	WP_009545145.1	WP_012953600.1
OG0000304	WP_009545144.1	WP_012953601.1
OG0000305	WP_009544697.1	WP_012953602.1
OG0000306	WP_009546136.1	WP_012953603.1
OG0000307	WP_009543664.1	WP_012953605.1
OG0000308	WP_009546037.1	WP_012953607.1
OG0000309	WP_024750312.1	WP_012953608.1
OG0000310	WP_009545046.1	WP_012953610.1
OG0000311	WP_009543966.1	WP_012953611.1
OG0000312	WP_009543965.1	WP_012953612.1
OG0000313	WP_009547690.1	WP_012953613.1
OG0000314	WP_009545103.1	WP_012953616.1
OG0000315	WP_009544789.1	WP_012953619.1
OG0000316	WP_009544787.1	WP_012953620.1
OG0000317	WP_243397442.1	WP_012953621.1
OG0000318	WP_009543280.1	WP_012953622.1
OG0000319	WP_009543270.1	WP_012953623.1
OG0000320	WP_009543269.1	WP_012953624.1
OG0000321	WP_009543114.1	WP_012953626.1
OG0000322	WP_009546825.1	WP_012953627.1
OG0000323	WP_024750198.1	WP_012953628.1
OG0000324	WP_009546827.1	WP_012953629.1
OG0000325	WP_009546828.1	WP_012953630.1
OG0000326	WP_009543375.1	WP_012953631.1
OG0000327	WP_009544846.1	WP_012953633.1
OG0000328	WP_009544848.1	WP_012953634.1
OG0000329	WP_009544849.1	WP_012953635.1
OG0000330	WP_009544850.1	WP_012953636.1
OG0000331	WP_009543839.1	WP_012953638.1
OG0000332	WP_009544842.1	WP_012953639.1
OG0000333	WP_009544841.1	WP_012953640.1
OG0000334	WP_009546674.1	WP_012953642.1
OG0000335	WP_009546669.1	WP_012953644.1
OG0000336	WP_009544477.1	WP_012953645.1
OG0000337	WP_009544457.1	WP_012953646.1
OG0000338	WP_009543144.1	WP_012953647.1
OG0000339	WP_009543143.1	WP_012953648.1
OG0000340	WP_009543142.1	WP_012953649.1
OG0000341	WP_009544621.1	WP_012953650.1
OG0000342	WP_009544281.1	WP_012953651.1
OG0000343	WP_009543791.1	WP_012953652.1
OG0000344	WP_009543788.1	WP_012953655.1
OG0000345	WP_009546722.1	WP_012953658.1
OG0000346	WP_009546723.1	WP_012953659.1
OG0000347	WP_008277359.1	WP_012953660.1
OG0000348	WP_008277360.1	WP_012953661.1
OG0000349	WP_008277364.1	WP_012953662.1
OG0000350	WP_009545562.1	WP_012953665.1
OG0000351	WP_009543783.1	WP_012953666.1
OG0000352	WP_009543784.1	WP_012953667.1
OG0000353	WP_009546044.1	WP_012953668.1
OG0000354	WP_009544387.1	WP_012953672.1
OG0000355	WP_009546677.1	WP_012953673.1
OG0000356	WP_009544508.1	WP_012953674.1
OG0000357	WP_009544099.1	WP_012953676.1
OG0000358	WP_009547001.1	WP_012953677.1
OG0000359	WP_009544958.1	WP_012953678.1
OG0000360	WP_009544961.1	WP_012953680.1
OG0000361	WP_009543915.1	WP_012953681.1
OG0000362	WP_009543918.1	WP_012953683.1
OG0000363	WP_009545358.1	WP_012953686.1
OG0000364	WP_009545985.1	WP_012953687.1
OG0000365	WP_024750268.1	WP_012953689.1
OG0000366	WP_009544466.1	WP_012953692.1
OG0000367	WP_009544625.1	WP_012953693.1
OG0000368	WP_009544628.1	WP_012953694.1
OG0000369	WP_009544561.1	WP_012953698.1
OG0000370	WP_009544278.1	WP_012953700.1
OG0000371	WP_009545272.1	WP_012953702.1
OG0000372	WP_009545273.1	WP_012953703.1
OG0000373	WP_009543614.1	WP_012953706.1
OG0000374	WP_009545552.1	WP_012953710.1
OG0000375	WP_009545560.1	WP_012953711.1
OG0000376	WP_009544214.1	WP_012953714.1
OG0000377	WP_024750361.1	WP_012953715.1
OG0000378	WP_009545433.1	WP_012953716.1
OG0000379	WP_009544181.1	WP_012953718.1
OG0000380	WP_012361614.1	WP_012953719.1
OG0000381	WP_007304785.1	WP_012953720.1
OG0000382	WP_049769508.1	WP_012953722.1
OG0000383	WP_009544170.1	WP_012953723.1
OG0000384	WP_009546716.1	WP_012953724.1
OG0000385	WP_009546622.1	WP_012953726.1
OG0000386	WP_009546620.1	WP_012953727.1
OG0000387	WP_009546714.1	WP_012953728.1
OG0000388	WP_009545252.1	WP_012953734.1
OG0000389	WP_009545256.1	WP_012953736.1
OG0000390	WP_009543328.1	WP_012953737.1
OG0000391	WP_009545755.1	WP_012953741.1
OG0000392	WP_009545354.1	WP_012953742.1
OG0000393	WP_009547422.1	WP_012953743.1
OG0000394	WP_009543523.1	WP_012953744.1
OG0000395	WP_009543526.1	WP_012953746.1
OG0000396	WP_009543527.1	WP_012953747.1
OG0000397	WP_009545435.1	WP_012953748.1
OG0000398	WP_009544494.1	WP_012953749.1
OG0000399	WP_009544495.1, WP_009546173.1	WP_012953750.1
OG0000400	WP_009546762.1	WP_012953751.1
OG0000401	WP_009544834.1	WP_012953754.1
OG0000402	WP_009544833.1	WP_012953755.1
OG0000403	WP_009543324.1	WP_012953756.1
OG0000404	WP_009546922.1	WP_012953758.1
OG0000405	WP_009545185.1	WP_012953760.1
OG0000406	WP_009545184.1	WP_012953761.1
OG0000407	WP_024750370.1	WP_012953764.1
OG0000408	WP_009545211.1	WP_012953765.1
OG0000409	WP_009545212.1	WP_012953766.1
OG0000410	WP_009546040.1	WP_012953767.1
OG0000411	WP_009544091.1	WP_012953769.1
OG0000412	WP_009547457.1	WP_012953770.1
OG0000413	WP_009544927.1	WP_012953774.1
OG0000414	WP_009544152.1	WP_012953777.1
OG0000415	WP_009544154.1	WP_012953778.1
OG0000416	WP_009546071.1	WP_012953779.1
OG0000417	WP_009543236.1	WP_012953781.1
OG0000418	WP_009543233.1	WP_012953782.1
OG0000419	WP_243397335.1	WP_012953783.1
OG0000420	WP_009547626.1	WP_012953784.1
OG0000421	WP_009546526.1	WP_012953786.1
OG0000422	WP_024750123.1	WP_012953787.1
OG0000423	WP_009545156.1	WP_012953788.1
OG0000424	WP_009544176.1	WP_012953789.1
OG0000425	WP_009544131.1	WP_012953791.1
OG0000426	WP_009543609.1	WP_012953793.1
OG0000427	WP_009543608.1	WP_012953794.1
OG0000428	WP_009543082.1	WP_012953796.1
OG0000429	WP_009545996.1	WP_012953797.1
OG0000430	WP_009545992.1	WP_012953798.1
OG0000431	WP_009544945.1	WP_012953801.1
OG0000432	WP_009543135.1	WP_012953803.1
OG0000433	WP_009545217.1	WP_012953806.1
OG0000434	WP_009544823.1	WP_012953807.1
OG0000435	WP_009544819.1	WP_012953808.1
OG0000436	WP_009544811.1	WP_012953809.1
OG0000437	WP_009547340.1	WP_012953810.1
OG0000438	WP_009546956.1	WP_012953811.1
OG0000439	WP_009544472.1	WP_012953812.1
OG0000440	WP_009546118.1	WP_012953815.1
OG0000441	WP_024750230.1	WP_012953820.1
OG0000442	WP_009545976.1	WP_012953825.1
OG0000443	WP_009545975.1	WP_012953826.1
OG0000444	WP_009545668.1	WP_012953829.1
OG0000445	WP_009545667.1	WP_012953830.1
OG0000446	WP_009545661.1	WP_012953832.1
OG0000447	WP_009545867.1	WP_012953834.1
OG0000448	WP_008277352.1	WP_012953835.1
OG0000449	WP_009543177.1	WP_012953836.1
OG0000450	WP_009545775.1	WP_012953837.1
OG0000451	WP_009545774.1	WP_012953838.1
OG0000452	WP_009547257.1	WP_012953840.1
OG0000453	WP_009544107.1	WP_012953841.1
OG0000454	WP_009546451.1	WP_012953845.1
OG0000455	WP_009546450.1	WP_012953846.1
OG0000456	WP_009547240.1	WP_012953849.1
OG0000457	WP_156922862.1	WP_012953850.1
OG0000458	WP_024750176.1	WP_012953851.1
OG0000459	WP_009547417.1	WP_012953856.1
OG0000460	WP_009544898.1	WP_012953860.1
OG0000461	WP_009547665.1	WP_012953861.1
OG0000462	WP_009547590.1	WP_012953863.1
OG0000463	WP_009546751.1	WP_012953864.1
OG0000464	WP_009546749.1	WP_012953866.1
OG0000465	WP_009545374.1	WP_012953868.1
OG0000466	WP_009544701.1	WP_012953870.1
OG0000467	WP_009545878.1	WP_012953872.1
OG0000468	WP_009544576.1	WP_012953873.1
OG0000469	WP_009545003.1	WP_012953875.1
OG0000470	WP_009545002.1	WP_012953876.1
OG0000471	WP_009544762.1	WP_012953878.1
OG0000472	WP_009544808.1	WP_012953882.1
OG0000473	WP_009544795.1	WP_012953883.1
OG0000474	WP_009544793.1	WP_012953884.1
OG0000475	WP_024750372.1	WP_012953885.1
OG0000476	WP_009544006.1	WP_012953886.1
OG0000477	WP_009544013.1	WP_012953887.1
OG0000478	WP_009546700.1	WP_012953888.1
OG0000479	WP_009547166.1	WP_012953889.1
OG0000480	WP_009543779.1	WP_012953890.1
OG0000481	WP_009543778.1	WP_012953891.1
OG0000482	WP_009543775.1	WP_012953892.1
OG0000483	WP_009544874.1	WP_012953893.1
OG0000484	WP_009545946.1	WP_012953894.1
OG0000485	WP_009545947.1	WP_012953895.1
OG0000486	WP_009545948.1	WP_012953896.1
OG0000487	WP_009547144.1	WP_012953899.1
OG0000488	WP_024750270.1	WP_012953900.1
OG0000489	WP_009546560.1	WP_012953901.1
OG0000490	WP_009545388.1	WP_012953904.1
OG0000491	WP_009543636.1	WP_012953906.1
OG0000492	WP_009545387.1	WP_012953907.1
OG0000493	WP_009544135.1	WP_012953910.1
OG0000494	WP_009545841.1	WP_012953911.1
OG0000495	WP_009545838.1	WP_012953912.1
OG0000496	WP_009546754.1	WP_012953913.1
OG0000497	WP_009547911.1	WP_012953915.1
OG0000498	WP_009545442.1	WP_012953916.1
OG0000499	WP_009545264.1	WP_012953919.1
OG0000500	WP_009546572.1	WP_012953921.1
OG0000501	WP_009546569.1	WP_012953922.1
OG0000502	WP_009546568.1	WP_012953923.1
OG0000503	WP_009543351.1	WP_012953924.1
OG0000504	WP_009543352.1	WP_012953925.1
OG0000505	WP_009545260.1	WP_012953926.1
OG0000506	WP_009545318.1	WP_012953927.1
OG0000507	WP_009544460.1	WP_012953930.1
OG0000508	WP_009543634.1	WP_012953931.1
OG0000509	WP_009543632.1	WP_012953932.1
OG0000510	WP_024750148.1	WP_012953933.1
OG0000511	WP_009543628.1	WP_012953934.1
OG0000512	WP_009543997.1	WP_012953935.1
OG0000513	WP_009547248.1	WP_012953937.1
OG0000514	WP_243397411.1	WP_012953938.1
OG0000515	WP_009547207.1	WP_012953943.1
OG0000516	WP_009547758.1	WP_012953944.1
OG0000517	WP_009543506.1	WP_012953950.1
OG0000518	WP_009545708.1	WP_012953952.1
OG0000519	WP_009544427.1	WP_012953953.1
OG0000520	WP_009544426.1	WP_012953954.1
OG0000521	WP_009545498.1	WP_012953955.1
OG0000522	WP_009545500.1	WP_012953956.1
OG0000523	WP_009546790.1	WP_012953960.1
OG0000524	WP_008276531.1	WP_012953961.1
OG0000525	WP_009543047.1	WP_012953966.1
OG0000526	WP_009544241.1	WP_012953968.1
OG0000527	WP_009546018.1	WP_012953969.1
OG0000528	WP_009543825.1	WP_012953970.1
OG0000529	WP_009543315.1	WP_012953971.1
OG0000530	WP_009547365.1	WP_012953972.1
OG0000531	WP_009547364.1	WP_012953973.1
OG0000532	WP_009547358.1	WP_012953974.1
OG0000533	WP_012362171.1	WP_012953975.1
OG0000534	WP_009545344.1	WP_012953976.1
OG0000535	WP_009545345.1	WP_012953977.1
OG0000536	WP_009546036.1	WP_012953978.1
OG0000537	WP_009545679.1	WP_012953980.1
OG0000538	WP_009544668.1	WP_012953983.1
OG0000539	WP_009543942.1	WP_012953984.1
OG0000540	WP_009543440.1	WP_012953986.1
OG0000541	WP_009544344.1	WP_012953987.1
OG0000542	WP_243397407.1	WP_012953990.1
OG0000543	WP_009544527.1	WP_012953991.1
OG0000544	WP_009546627.1	WP_012953993.1
OG0000545	WP_008274029.1	WP_012953994.1
OG0000546	WP_009546629.1	WP_012953995.1
OG0000547	WP_009546630.1	WP_012953996.1
OG0000548	WP_009546631.1	WP_012953997.1
OG0000549	WP_009546634.1	WP_012953999.1
OG0000550	WP_009546637.1	WP_012954000.1
OG0000551	WP_009546639.1	WP_012954002.1
OG0000552	WP_009546640.1	WP_012954003.1
OG0000553	WP_009546641.1	WP_012954004.1
OG0000554	WP_009546643.1	WP_012954005.1
OG0000555	WP_009546645.1	WP_012954007.1
OG0000556	WP_009546649.1	WP_012954010.1
OG0000557	WP_009546650.1	WP_012954011.1
OG0000558	WP_009546658.1	WP_012954014.1
OG0000559	WP_009546659.1	WP_012954015.1
OG0000560	WP_009545901.1	WP_012954017.1
OG0000561	WP_009545898.1	WP_012954018.1
OG0000562	WP_009545805.1	WP_012954019.1
OG0000563	WP_009547634.1	WP_012954022.1
OG0000564	WP_009547635.1	WP_012954023.1
OG0000565	WP_009547637.1	WP_012954024.1
OG0000566	WP_009545190.1	WP_012954025.1
OG0000567	WP_009543673.1	WP_012954027.1
OG0000568	WP_009543675.1	WP_012954028.1
OG0000569	WP_009543678.1	WP_012954029.1
OG0000570	WP_009543679.1	WP_012954031.1
OG0000571	WP_009547094.1	WP_012954032.1
OG0000572	WP_009543507.1	WP_012954033.1
OG0000573	WP_009543508.1	WP_012954034.1
OG0000574	WP_009547352.1	WP_012954035.1
OG0000575	WP_009547351.1	WP_012954036.1
OG0000576	WP_009547349.1	WP_012954037.1
OG0000577	WP_009547347.1	WP_012954038.1
OG0000578	WP_009547014.1, WP_009546074.1	WP_012954039.1
OG0000579	WP_009546529.1	WP_012954040.1
OG0000580	WP_009546530.1	WP_012954041.1
OG0000581	WP_009547677.1	WP_012954042.1
OG0000582	WP_009547234.1	WP_012954044.1
OG0000583	WP_009547235.1	WP_012954045.1
OG0000584	WP_009545005.1	WP_012954048.1
OG0000585	WP_009545566.1	WP_012954050.1
OG0000586	WP_009545568.1	WP_012954051.1
OG0000587	WP_009545307.1	WP_012954052.1
OG0000588	WP_009545447.1	WP_012954054.1
OG0000589	WP_009545453.1	WP_012954055.1
OG0000590	WP_009543307.1	WP_012954056.1
OG0000591	WP_009543308.1	WP_012954057.1
OG0000592	WP_009543309.1	WP_012954058.1
OG0000593	WP_009546706.1	WP_012954059.1
OG0000594	WP_009544746.1	WP_012954061.1
OG0000595	WP_009546819.1	WP_012954062.1
OG0000596	WP_009544989.1	WP_012954065.1
OG0000597	WP_009545022.1	WP_012954067.1
OG0000598	WP_009546554.1	WP_012954071.1
OG0000599	WP_009543212.1	WP_012954072.1
OG0000600	WP_243397353.1	WP_012954074.1
OG0000601	WP_009545299.1	WP_012954076.1
OG0000602	WP_009543118.1	WP_012954078.1
OG0000603	WP_009545097.1	WP_012954080.1
OG0000604	WP_009543134.1	WP_012954082.1
OG0000605	WP_009544432.1	WP_012954083.1
OG0000606	WP_009543370.1	WP_012954087.1
OG0000607	WP_009544020.1	WP_012954091.1
OG0000608	WP_009544032.1	WP_012954092.1
OG0000609	WP_009544037.1	WP_012954093.1
OG0000610	WP_009545719.1	WP_012954100.1
OG0000611	WP_009545656.1	WP_012954103.1
OG0000612	WP_009545654.1	WP_012954105.1
OG0000613	WP_009545653.1	WP_012954106.1
OG0000614	WP_009545652.1	WP_012954107.1
OG0000615	WP_009546607.1	WP_012954108.1
OG0000616	WP_009543723.1	WP_012954109.1
OG0000617	WP_009543719.1	WP_012954111.1
OG0000618	WP_008274988.1	WP_012954112.1
OG0000619	WP_009544586.1	WP_012954114.1
OG0000620	WP_009544428.1	WP_012954116.1
OG0000621	WP_009547098.1	WP_012954118.1
OG0000622	WP_009547097.1	WP_012954119.1
OG0000623	WP_009545930.1	WP_012954120.1
OG0000624	WP_009545929.1	WP_012954121.1
OG0000625	WP_009545749.1	WP_012954122.1
OG0000626	WP_009545750.1	WP_012954123.1
OG0000627	WP_009547510.1	WP_012954125.1
OG0000628	WP_009543361.1	WP_012954126.1
OG0000629	WP_009544034.1	WP_012954128.1
OG0000630	WP_012362397.1	WP_012954129.1
OG0000631	WP_008278381.1	WP_012954133.1
OG0000632	WP_009546510.1	WP_012954135.1
OG0000633	WP_009546518.1	WP_012954139.1
OG0000634	WP_009546780.1	WP_012954141.1
OG0000635	WP_009546783.1	WP_012954144.1
OG0000636	WP_009546784.1	WP_012954145.1
OG0000637	WP_009547199.1	WP_012954148.1
OG0000638	WP_009547197.1	WP_012954149.1
OG0000639	WP_009547267.1	WP_012954153.1
OG0000640	WP_009547264.1	WP_012954155.1
OG0000641	WP_009543520.1	WP_012954157.1
OG0000642	WP_009546055.1	WP_012954158.1
OG0000643	WP_009545467.1	WP_012954163.1
OG0000644	WP_009545480.1	WP_012954167.1
OG0000645	WP_009545481.1	WP_012954168.1
OG0000646	WP_009547493.1	WP_012954169.1
OG0000647	WP_009546757.1	WP_012954171.1
OG0000648	WP_009547221.1	WP_012954172.1
OG0000649	WP_009546157.1	WP_012954173.1
OG0000650	WP_009546152.1	WP_012954175.1
OG0000651	WP_009546153.1	WP_012954176.1
OG0000652	WP_009546810.1	WP_012954177.1
OG0000653	WP_009545846.1	WP_012954181.1
OG0000654	WP_009547714.1	WP_012954182.1
OG0000655	WP_009543296.1	WP_012954184.1
OG0000656	WP_009543297.1	WP_012954185.1
OG0000657	WP_012362149.1	WP_012954186.1
OG0000658	WP_009545437.1	WP_012954187.1
OG0000659	WP_009545439.1	WP_012954189.1
OG0000660	WP_009544934.1	WP_012954190.1
OG0000661	WP_009544933.1	WP_012954191.1
OG0000662	WP_009544932.1	WP_012954192.1
OG0000663	WP_009544878.1	WP_012954194.1
OG0000664	WP_009546464.1	WP_012954198.1
OG0000665	WP_024750202.1	WP_012954200.1
OG0000666	WP_007310088.1	WP_012954201.1
OG0000667	WP_008276351.1	WP_012954202.1
OG0000668	WP_009543830.1	WP_012954204.1
OG0000669	WP_007304701.1	WP_012954205.1
OG0000670	WP_009544533.1	WP_012954207.1
OG0000671	WP_009544645.1	WP_012954209.1
OG0000672	WP_012361494.1	WP_012954210.1
OG0000673	WP_009543313.1	WP_012954211.1
OG0000674	WP_009546038.1	WP_012954212.1
OG0000675	WP_009545692.1	WP_012954213.1
OG0000676	WP_198019428.1	WP_012954214.1
OG0000677	WP_009546969.1	WP_012954215.1
OG0000678	WP_009546970.1	WP_012954216.1
OG0000679	WP_009546971.1	WP_012954217.1
OG0000680	WP_009543153.1	WP_012954218.1
OG0000681	WP_009543155.1	WP_012954220.1
OG0000682	WP_009543156.1	WP_012954221.1
OG0000683	WP_009543157.1	WP_012954222.1
OG0000684	WP_009543158.1	WP_012954223.1
OG0000685	WP_009543160.1	WP_012954224.1
OG0000686	WP_009545698.1	WP_012954225.1
OG0000687	WP_009545881.1	WP_012954226.1
OG0000688	WP_009546789.1	WP_012954227.1
OG0000689	WP_009546019.1	WP_012954228.1
OG0000690	WP_009543911.1	WP_012954230.1
OG0000691	WP_009547191.1	WP_012954232.1
OG0000692	WP_009547177.1	WP_012954233.1
OG0000693	WP_009547668.1	WP_012954234.1
OG0000694	WP_009545497.1	WP_012954236.1
OG0000695	WP_008273172.1	WP_012954237.1
OG0000696	WP_012362131.1	WP_012954238.1
OG0000697	WP_024750255.1	WP_012954242.1
OG0000698	WP_243397379.1	WP_012954243.1
OG0000699	WP_009548015.1	WP_012954244.1
OG0000700	WP_009543764.1	WP_012954245.1
OG0000701	WP_009543765.1	WP_012954246.1
OG0000702	WP_009543766.1	WP_012954247.1
OG0000703	WP_009543407.1	WP_012954249.1
OG0000704	WP_024750137.1	WP_012954253.1
OG0000705	WP_009546581.1	WP_012954254.1
OG0000706	WP_009543840.1	WP_012954255.1
OG0000707	WP_009545178.1	WP_012954256.1
OG0000708	WP_009547239.1	WP_012954258.1
OG0000709	WP_009543797.1	WP_012954259.1
OG0000710	WP_009543492.1, WP_009543798.1	WP_012954260.1
OG0000711	WP_009546546.1	WP_012954264.1
OG0000712	WP_009546547.1	WP_012954266.1
OG0000713	WP_009545540.1	WP_012954269.1
OG0000714	WP_009545626.1	WP_012954270.1
OG0000715	WP_009545631.1	WP_012954272.1
OG0000716	WP_009543742.1	WP_012954274.1
OG0000717	WP_009543740.1	WP_012954276.1
OG0000718	WP_009546592.1	WP_012954278.1
OG0000719	WP_009546095.1	WP_012954282.1
OG0000720	WP_009546094.1	WP_012954283.1
OG0000721	WP_009543435.1	WP_012954284.1
OG0000722	WP_009543437.1	WP_012954285.1
OG0000723	WP_009543835.1	WP_012954287.1
OG0000724	WP_009543529.1	WP_012954289.1
OG0000725	WP_009546528.1	WP_012954290.1
OG0000726	WP_009545573.1	WP_012954291.1
OG0000727	WP_009544716.1	WP_012954294.1
OG0000728	WP_009544721.1	WP_012954296.1
OG0000729	WP_009543907.1	WP_012954299.1
OG0000730	WP_009543908.1	WP_012954300.1
OG0000731	WP_009545831.1	WP_012954301.1
OG0000732	WP_009545830.1	WP_012954302.1
OG0000733	WP_009545828.1	WP_012954304.1
OG0000734	WP_009543932.1	WP_012954305.1
OG0000735	WP_009545261.1	WP_012954307.1
OG0000736	WP_009547088.1	WP_012954308.1
OG0000737	WP_009546027.1	WP_012954309.1
OG0000738	WP_243397417.1	WP_012954311.1
OG0000739	WP_009544061.1	WP_012954314.1
OG0000740	WP_009544060.1	WP_012954315.1
OG0000741	WP_009544059.1	WP_012954316.1
OG0000742	WP_008274152.1	WP_012954317.1
OG0000743	WP_009544057.1	WP_012954318.1
OG0000744	WP_009545711.1	WP_012954319.1
OG0000745	WP_009543975.1	WP_012954320.1
OG0000746	WP_009545764.1	WP_012954325.1
OG0000747	WP_009547053.1	WP_012954327.1
OG0000748	WP_009546574.1	WP_012954330.1
OG0000749	WP_009546577.1	WP_012954332.1
OG0000750	WP_009546578.1	WP_012954333.1
OG0000751	WP_009544199.1	WP_012954334.1
OG0000752	WP_008274614.1	WP_012954335.1
OG0000753	WP_009546870.1	WP_012954336.1
OG0000754	WP_009546868.1	WP_012954337.1
OG0000755	WP_024750252.1	WP_012954338.1
OG0000756	WP_009543099.1	WP_012954339.1
OG0000757	WP_009543100.1	WP_012954340.1
OG0000758	WP_024750153.1	WP_012954341.1
OG0000759	WP_009543564.1	WP_012954342.1
OG0000760	WP_009546588.1	WP_012954343.1
OG0000761	WP_009545690.1	WP_012954345.1
OG0000762	WP_009543128.1	WP_012954348.1
OG0000763	WP_009547497.1	WP_012954349.1
OG0000764	WP_009547499.1	WP_012954350.1
OG0000765	WP_009543726.1	WP_012954352.1
OG0000766	WP_024750295.1	WP_012954353.1
OG0000767	WP_009546948.1	WP_012954354.1
OG0000768	WP_009544705.1	WP_012954356.1
OG0000769	WP_009543093.1	WP_012954357.1
OG0000770	WP_009544709.1	WP_012954360.1
OG0000771	WP_009546585.1	WP_012954362.1
OG0000772	WP_009546154.1	WP_012954363.1
OG0000773	WP_009544557.1	WP_012954364.1
OG0000774	WP_009546974.1	WP_012954366.1
OG0000775	WP_009546978.1	WP_012954367.1
OG0000776	WP_009546981.1	WP_012954368.1
OG0000777	WP_008275034.1	WP_012954369.1
OG0000778	WP_012361838.1	WP_012954370.1
OG0000779	WP_009543561.1	WP_012954372.1
OG0000780	WP_009543210.1	WP_012954373.1
OG0000781	WP_009544422.1	WP_012954377.1
OG0000782	WP_009546541.1	WP_012954380.1
OG0000783	WP_009546542.1	WP_012954381.1
OG0000784	WP_009544954.1	WP_012954387.1
OG0000785	WP_009543896.1	WP_012954389.1
OG0000786	WP_009543895.1	WP_012954390.1
OG0000787	WP_009543894.1	WP_012954391.1
OG0000788	WP_009543893.1	WP_012954392.1
OG0000789	WP_009543892.1	WP_012954393.1
OG0000790	WP_009543891.1	WP_012954394.1
OG0000791	WP_009543890.1	WP_012954395.1
OG0000792	WP_009543889.1	WP_012954396.1
OG0000793	WP_009543888.1	WP_012954397.1
OG0000794	WP_008275479.1	WP_012954399.1
OG0000795	WP_009543886.1	WP_012954400.1
OG0000796	WP_009543885.1	WP_012954401.1
OG0000797	WP_009543884.1	WP_012954402.1
OG0000798	WP_009543883.1	WP_012954403.1
OG0000799	WP_009543882.1	WP_012954404.1
OG0000800	WP_009543881.1	WP_012954405.1
OG0000801	WP_009543880.1	WP_012954406.1
OG0000802	WP_009543879.1	WP_012954407.1
OG0000803	WP_009543878.1	WP_012954408.1
OG0000804	WP_007306424.1	WP_012954409.1
OG0000805	WP_009543877.1	WP_012954410.1
OG0000806	WP_041231990.1	WP_012954411.1
OG0000807	WP_009543875.1	WP_012954412.1
OG0000808	WP_009543874.1	WP_012954413.1
OG0000809	WP_009543873.1	WP_012954414.1
OG0000810	WP_009543872.1	WP_012954415.1
OG0000811	WP_009543869.1	WP_012954418.1
OG0000812	WP_009543848.1	WP_012954420.1
OG0000813	WP_012361749.1	WP_012954422.1
OG0000814	WP_009545704.1	WP_012954423.1
OG0000815	WP_009547373.1	WP_012954424.1
OG0000816	WP_009544509.1	WP_012954426.1
OG0000817	WP_009545109.1	WP_012954430.1
OG0000818	WP_009545107.1	WP_012954431.1
OG0000819	WP_009546058.1	WP_012954436.1
OG0000820	WP_009545799.1	WP_012954437.1
OG0000821	WP_009547475.1	WP_012954439.1
OG0000822	WP_009544615.1	WP_012954440.1
OG0000823	WP_009544608.1	WP_012954443.1
OG0000824	WP_009544597.1	WP_012954444.1
OG0000825	WP_009547596.1	WP_012954449.1
OG0000826	WP_009547385.1	WP_012954450.1
OG0000827	WP_009545960.1	WP_012954452.1
OG0000828	WP_009545951.1	WP_012954454.1
OG0000829	WP_024750321.1	WP_012954456.1
OG0000830	WP_009544680.1	WP_012954457.1
OG0000831	WP_009546608.1	WP_012954459.1
OG0000832	WP_009544687.1	WP_012954462.1
OG0000833	WP_009544238.1	WP_012954464.1
OG0000834	WP_009543225.1	WP_012954466.1
OG0000835	WP_009543744.1	WP_012954467.1
OG0000836	WP_009544860.1	WP_012954468.1
OG0000837	WP_009544866.1	WP_012954469.1
OG0000838	WP_009547002.1	WP_012954470.1
OG0000839	WP_009546881.1	WP_012954472.1
OG0000840	WP_009547049.1	WP_012954474.1
OG0000841	WP_009547047.1	WP_012954476.1
OG0000842	WP_009545457.1	WP_012954480.1
OG0000843	WP_009544696.1	WP_012954481.1
OG0000844	WP_009546998.1, WP_009543753.1	WP_012954482.1
OG0000845	WP_009546999.1	WP_012954483.1
OG0000846	WP_009545715.1	WP_012954484.1
OG0000847	WP_009544587.1	WP_012954487.1
OG0000848	WP_009544589.1	WP_012954488.1
OG0000849	WP_009547712.1	WP_012954491.1
OG0000850	WP_009546479.1	WP_012954496.1
OG0000851	WP_009546478.1	WP_012954497.1
OG0000852	WP_009546476.1	WP_012954498.1
OG0000853	WP_009546470.1	WP_012954500.1
OG0000854	WP_009546009.1	WP_012954502.1
OG0000855	WP_009546015.1	WP_012954504.1
OG0000856	WP_182670744.1	WP_012954508.1
OG0000857	WP_009544185.1	WP_012954510.1
OG0000858	WP_009547135.1	WP_012954513.1
OG0000859	WP_009547127.1	WP_012954514.1
OG0000860	WP_009543241.1	WP_012954515.1
OG0000861	WP_009543712.1	WP_012954516.1
OG0000862	WP_243397438.1	WP_012954518.1
OG0000863	WP_009543904.1	WP_012954522.1
OG0000864	WP_009544370.1	WP_012954523.1
OG0000865	WP_009544142.1	WP_012954524.1
OG0000866	WP_009546490.1	WP_012954525.1
OG0000867	WP_009546489.1	WP_012954526.1
OG0000868	WP_009543803.1	WP_012954527.1
OG0000869	WP_009544139.1	WP_012954529.1
OG0000870	WP_009545411.1	WP_012954530.1
OG0000871	WP_009545409.1	WP_012954532.1
OG0000872	WP_009545408.1	WP_012954533.1
OG0000873	WP_009543263.1	WP_012954534.1
OG0000874	WP_009544976.1	WP_012954535.1
OG0000875	WP_009546708.1	WP_012954539.1
OG0000876	WP_009547471.1	WP_012954541.1
OG0000877	WP_009547472.1	WP_012954542.1
OG0000878	WP_024750363.1	WP_012954543.1
OG0000879	WP_009543512.1	WP_012954544.1
OG0000880	WP_009543513.1	WP_012954545.1
OG0000881	WP_009544415.1	WP_012954546.1
OG0000882	WP_009543546.1	WP_012954552.1
OG0000883	WP_009544773.1	WP_012954553.1
OG0000884	WP_009544774.1	WP_012954554.1
OG0000885	WP_009543958.1	WP_012954555.1
OG0000886	WP_009543955.1	WP_012954556.1
OG0000887	WP_009547514.1	WP_012954557.1
OG0000888	WP_009547657.1	WP_012954558.1
OG0000889	WP_009547923.1	WP_012954562.1
OG0000890	WP_009545396.1	WP_012954564.1
OG0000891	WP_009543486.1	WP_012954566.1
OG0000892	WP_009543473.1	WP_012954567.1
OG0000893	WP_009545463.1	WP_012954570.1
OG0000894	WP_009545464.1	WP_012954571.1
OG0000895	WP_009545465.1	WP_012954572.1
OG0000896	WP_009545466.1	WP_012954573.1
OG0000897	WP_009543335.1	WP_012954575.1
OG0000898	WP_009544367.1	WP_012954576.1
OG0000899	WP_009544336.1	WP_012954577.1
OG0000900	WP_009544335.1	WP_012954578.1
OG0000901	WP_009544333.1	WP_012954580.1
OG0000902	WP_009544332.1	WP_012954581.1
OG0000903	WP_009545778.1	WP_012954583.1
OG0000904	WP_009545779.1	WP_012954584.1
OG0000905	WP_009544159.1	WP_012954587.1
OG0000906	WP_009544158.1	WP_012954588.1
OG0000907	WP_009546855.1	WP_012954589.1
OG0000908	WP_009547707.1	WP_012954590.1
OG0000909	WP_009545932.1	WP_012954591.1
OG0000910	WP_009545412.1	WP_012954592.1
OG0000911	WP_009544445.1	WP_012954593.1
OG0000912	WP_009543181.1	WP_012954597.1
OG0000913	WP_009545243.1	WP_012954600.1
OG0000914	WP_009544233.1	WP_012954601.1
OG0000915	WP_009544231.1	WP_012954602.1
OG0000916	WP_009544403.1	WP_012954603.1
OG0000917	WP_024750272.1	WP_012954606.1
OG0000918	WP_009545892.1	WP_012954608.1
OG0000919	WP_009547607.1	WP_012954609.1
OG0000920	WP_009547604.1	WP_012954610.1
OG0000921	WP_009545030.1	WP_012954612.1
OG0000922	WP_009545031.1	WP_012954613.1
OG0000923	WP_009544476.1	WP_012954615.1
OG0000924	WP_009547705.1	WP_012954616.1
OG0000925	WP_009547395.1	WP_012954618.1
OG0000926	WP_009547401.1	WP_012954620.1
OG0000927	WP_009546886.1	WP_012954625.1
OG0000928	WP_009543946.1	WP_012954628.1
OG0000929	WP_009547086.1	WP_040055239.1
OG0000930	WP_009546495.1	WP_041487696.1
OG0000931	WP_009546787.1	WP_041487697.1
OG0000932	WP_009546874.1	WP_041487698.1
OG0000933	WP_009547070.1	WP_041487700.1
OG0000934	WP_009546080.1	WP_041487702.1
OG0000935	WP_009545641.1	WP_041487706.1
OG0000936	WP_009546146.1	WP_041487707.1
OG0000937	WP_009547023.1	WP_041487709.1
OG0000938	WP_012361592.1	WP_041487710.1
OG0000939	WP_009544565.1	WP_041487711.1
OG0000940	WP_009546135.1	WP_041487712.1
OG0000941	WP_009543069.1	WP_041487717.1
OG0000942	WP_009546623.1	WP_041487719.1
OG0000943	WP_009544496.1	WP_041487721.1
OG0000944	WP_024750310.1	WP_041487726.1
OG0000945	WP_009543226.1	WP_041487728.1
OG0000946	WP_009546949.1	WP_041487729.1
OG0000947	WP_024750316.1	WP_041487738.1
OG0000948	WP_009546644.1	WP_041487741.1
OG0000949	WP_009546648.1	WP_041487742.1
OG0000950	WP_009543590.1	WP_041487744.1
OG0000951	WP_009543358.1	WP_041487749.1
OG0000952	WP_009546781.1	WP_041487750.1
OG0000953	WP_009543425.1	WP_041487752.1
OG0000954	WP_009544534.1	WP_041487757.1
OG0000955	WP_009543769.1	WP_041487761.1
OG0000956	WP_009545627.1	WP_041487763.1
OG0000957	WP_009546096.1	WP_041487764.1
OG0000958	WP_035857453.1	WP_041487765.1
OG0000959	WP_009546029.1	WP_041487768.1
OG0000960	WP_009543092.1	WP_041487771.1
OG0000961	WP_009543871.1	WP_041487774.1
OG0000962	WP_009546056.1	WP_041487777.1
OG0000963	WP_009546932.1, WP_009545657.1	WP_041487781.1
OG0000964	WP_009547807.1	WP_041487783.1
OG0000965	WP_009545410.1	WP_041487785.1
OG0000966	WP_009543471.1	WP_041487787.1
OG0000967	WP_009545780.1	WP_041487788.1
OG0000968	WP_009545032.1	WP_041487790.1
OG0000969	WP_009544245.1	WP_041487792.1
OG0000970	WP_009545616.1	WP_041487795.1
OG0000971	WP_009545604.1	WP_041487798.1
OG0000972	WP_009545101.1	WP_041487810.1
OG0000973	WP_009543789.1	WP_041487812.1
OG0000974	WP_009546721.1	WP_041487813.1
OG0000975	WP_009543705.1	WP_041487814.1
OG0000976	WP_009545986.1	WP_041487815.1
OG0000977	WP_009547597.1	WP_041487816.1
OG0000978	WP_009545086.1	WP_041487819.1
OG0000979	WP_009544288.1	WP_041487838.1
OG0000980	WP_009544171.1	WP_041487839.1
OG0000981	WP_009543940.1	WP_041487840.1
OG0000982	WP_009544526.1	WP_041487841.1
OG0000983	WP_009546647.1	WP_041487842.1
OG0000984	WP_009547649.1	WP_041487843.1
OG0000985	WP_009545008.1	WP_041487847.1
OG0000986	WP_024750289.1	WP_041487854.1
OG0000987	WP_009543426.1	WP_041487858.1
OG0000988	WP_009543217.1	WP_041487868.1
OG0000989	WP_009544537.1	WP_041487871.1
OG0000990	WP_009544334.1	WP_041487892.1
OG0000991	WP_009546144.1	WP_049765565.1
OG0000992	WP_012362401.1	WP_049765567.1
OG0000993	WP_243397439.1	WP_049765568.1
OG0000994	WP_009544389.1	WP_049765577.1
OG0000995	WP_009544279.1	WP_049765579.1
OG0000996	WP_009547406.1	WP_049765580.1
OG0000997	WP_009545891.1	WP_049765584.1
OG0000998	WP_009545479.1	WP_071813726.1
OG0000999	WP_009544115.1	WP_071813729.1
OG0001000	WP_009547598.1	WP_071813731.1
OG0001001	WP_009543847.1	WP_071813734.1
OG0001002	WP_009543948.1	WP_081440575.1
OG0001003	WP_009543343.1	WP_148207765.1
OG0001004	WP_009543738.1	WP_148207769.1
OG0001005	WP_009546057.1	WP_148207771.1
OG0001006	WP_009543027.1	WP_167884949.1
OG0001007	WP_009544189.1	WP_167884950.1
OG0001008	WP_009547399.1	WP_201763746.1
OG0001009	WP_012362203.1	WP_201763747.1
OG0001010	WP_009543091.1	WP_201763749.1
OG0001011	WP_198019429.1	WP_201763751.1
OG0001012	WP_024750258.1	WP_201763752.1
OG0001013	WP_009545124.1	WP_201763757.1
OG0001014	WP_009544000.1	WP_201763758.1
OG0001015	WP_009543117.1	WP_236608123.1
OG0001016	WP_009546125.1	WP_236608124.1
OG0001017	WP_009547266.1	WP_236608125.1
OG0001018	WP_009543154.1	WP_236608126.1
OG0001019	WP_009544413.1	WP_236608129.1
OG0001020	WP_009544215.1	WP_236608130.1
OG0001021	WP_009544970.1	WP_236608131.1
OG0001022	WP_012361452.1	WP_236608134.1
OG0001023	WP_009547217.1	WP_236608138.1
OG0001024	WP_009545577.1	WP_236608139.1
OG0001025	WP_009545614.1	WP_236608140.1
OG0001026	WP_009546684.1	WP_236608141.1
OG0001027	WP_009544852.1	WP_236608142.1
OG0001028	WP_009547666.1	WP_236608144.1
OG0001029	WP_009547233.1	WP_236608147.1
OG0001030	WP_243397413.1	WP_236608148.1
OG0001031	WP_024750195.1	WP_236608150.1
OG0001032	WP_008277872.1	WP_236608151.1
OG0001033	WP_009546752.1	WP_236608152.1
OG0001034	WP_012361974.1	WP_236608153.1
OG0001035	WP_009546609.1	WP_236608154.1
OG0001036	WP_009546880.1	WP_236608155.1
OG0001071	WP_009546697.1	WP_012953433.1
OG0001072	WP_009546179.1, WP_009547478.1, WP_009546177.1	WP_012953441.1
OG0001073	WP_009546778.1	WP_012953461.1
OG0001074	WP_024750160.1	WP_012953464.1
OG0001075	WP_009544573.1	WP_012953483.1
OG0001076	WP_009543086.1, WP_009545648.1	WP_012953528.1
OG0001077	WP_009544500.1	WP_012953560.1
OG0001078	WP_009545784.1	WP_012953569.1
OG0001080	WP_009545100.1	WP_012953614.1
OG0001081	WP_009545267.1	WP_012953701.1
OG0001082	WP_009545618.1	WP_012953733.1
OG0001083	WP_009543524.1	WP_012953745.1
OG0001084	WP_009546041.1	WP_012953768.1
OG0001085	WP_009543584.1	WP_012953772.1
OG0001086	WP_009546521.1	WP_012953785.1
OG0001087	WP_009547019.1	WP_012953790.1
OG0001088	WP_009545666.1	WP_012953831.1
OG0001089	WP_009544914.1	WP_012953858.1
OG0001090	WP_009546750.1	WP_012953865.1
OG0001091	WP_083765733.1	WP_012953871.1
OG0001092	WP_009545757.1	WP_012953914.1
OG0001093	WP_009545445.1	WP_012953928.1
OG0001094	WP_009547206.1, WP_009547205.1	WP_012953941.1
OG0001095	WP_009544678.1	WP_012953947.1
OG0001098	WP_009546068.1	WP_012953962.1
OG0001099	WP_009546822.1	WP_012953965.1
OG0001100	WP_009545886.1	WP_012953979.1
OG0001102	WP_009546555.1	WP_012954070.1
OG0001103	WP_009543371.1	WP_012954086.1
OG0001104	WP_009544017.1	WP_012954090.1
OG0001105	WP_009545819.1	WP_012954127.1
OG0001106	WP_009546517.1	WP_012954138.1
OG0001107	WP_009547200.1	WP_012954147.1
OG0001108	WP_024750136.1	WP_012954156.1
OG0001109	WP_009543415.1	WP_012954161.1
OG0001110	WP_009543413.1	WP_012954162.1
OG0001112	WP_012361326.1	WP_012954170.1
OG0001113	WP_009546807.1	WP_012954179.1
OG0001114	WP_009545438.1	WP_012954188.1
OG0001115	WP_009546147.1	WP_012954231.1
OG0001116	WP_009547920.1	WP_012954241.1
OG0001117	WP_009543408.1	WP_012954250.1
OG0001118	WP_009545308.1	WP_012954292.1
OG0001119	WP_009544877.1	WP_012954312.1
OG0001120	WP_009544832.1	WP_012954355.1
OG0001121	WP_009543209.1	WP_012954374.1
OG0001122	WP_009546536.1	WP_012954378.1
OG0001123	WP_009544951.1	WP_012954386.1
OG0001125	WP_009546996.1	WP_012954425.1
OG0001126	WP_009544595.1	WP_012954445.1
OG0001127	WP_009547048.1	WP_012954475.1
OG0001128	WP_243397345.1	WP_012954486.1
OG0001129	WP_009544590.1	WP_012954489.1
OG0001130	WP_009545369.1	WP_012954495.1
OG0001131	WP_009546472.1	WP_012954499.1
OG0001132	WP_009543205.1	WP_012954505.1
OG0001133	WP_009545075.1	WP_012954559.1
OG0001134	WP_008277373.1	WP_012954560.1
OG0001135	WP_009547922.1	WP_012954561.1
OG0001136	WP_009544421.1	WP_012954569.1
OG0001138	WP_009544444.1	WP_012954594.1
OG0001139	WP_009544237.1	WP_012954611.1
OG0001140	WP_009543312.1	WP_012954621.1
OG0001141	WP_009544436.1	WP_012954622.1
OG0001142	WP_008275518.1	WP_040054926.1
OG0001143	WP_009545468.1	WP_041487753.1
OG0001144	WP_009545561.1	WP_041487817.1
OG0001145	WP_024750282.1, WP_009545908.1	WP_041487867.1
OG0001146	WP_009543481.1	WP_041487891.1
OG0001148	WP_009547474.1, WP_243397390.1	WP_148207772.1
OG0001149	WP_024750240.1	WP_201763756.1
OG0001270	WP_009546893.1	WP_012953431.1
OG0001271	WP_009544201.1	WP_012953519.1
OG0001272	WP_009544200.1	WP_012953520.1
OG0001273	WP_009543258.1	WP_012953586.1
OG0001274	WP_009543331.1	WP_012953590.1
OG0001275	WP_024750305.1	WP_012953606.1
OG0001276	WP_009545045.1	WP_012953609.1
OG0001277	WP_009543268.1	WP_012953625.1
OG0001278	WP_009544162.1	WP_012953669.1
OG0001279	WP_009544630.1	WP_012953695.1
OG0001280	WP_009543613.1	WP_012953705.1
OG0001281	WP_009543070.1	WP_012953708.1
OG0001282	WP_009547393.1	WP_012953731.1
OG0001283	WP_009545906.1	WP_012953732.1
OG0001284	WP_009546923.1	WP_012953757.1
OG0001285	WP_024750373.1	WP_012953762.1
OG0001286	WP_009543081.1	WP_012953795.1
OG0001287	WP_009545853.1	WP_012953821.1
OG0001288	WP_009547409.1	WP_012953855.1
OG0001289	WP_009543466.1	WP_012953917.1
OG0001290	WP_009543465.1	WP_012953918.1
OG0001291	WP_009546652.1	WP_012954013.1
OG0001292	WP_009544113.1	WP_012954020.1
OG0001293	WP_009545446.1	WP_012954053.1
OG0001294	WP_009544742.1	WP_012954060.1
OG0001295	WP_009546488.1	WP_012954066.1
OG0001296	WP_009545645.1	WP_012954096.1
OG0001297	WP_009547202.1	WP_012954146.1
OG0001298	WP_009544690.1	WP_012954183.1
OG0001299	WP_009546020.1	WP_012954229.1
OG0001300	WP_009546321.1	WP_012954322.1
OG0001301	WP_009547467.1	WP_012954324.1
OG0001302	WP_009547056.1	WP_012954328.1
OG0001303	WP_009545091.1	WP_012954329.1
OG0001306	WP_009545216.1	WP_012954446.1
OG0001307	WP_009546012.1	WP_012954503.1
OG0001308	WP_009546904.1	WP_012954521.1
OG0001309	WP_009547470.1	WP_012954540.1
OG0001310	WP_009543547.1	WP_012954551.1
OG0001311	WP_009544328.1	WP_012954582.1
OG0001312	WP_009545781.1	WP_012954586.1
OG0001313	WP_009544441.1	WP_012954595.1
OG0001314	WP_009544408.1	WP_012954604.1
OG0001315	WP_008276077.1	WP_041487715.1
OG0001316	WP_009545214.1	WP_041487780.1
OG0001317	WP_009543398.1	WP_041487793.1
OG0001318	WP_009545677.1	WP_041487803.1
OG0001319	WP_008278427.1	WP_071813733.1
OG0001832	WP_009544216.1	WP_012953514.1
OG0001834	WP_009545118.1	WP_012953869.1
OG0001835	WP_008275886.1	WP_012953942.1
OG0001837	WP_009547160.1	WP_012954385.1
OG0001838	WP_009544611.1	WP_012954442.1
OG0001839	WP_243397461.1	WP_012954537.1
OG0001840	WP_009543961.1	WP_012954623.1
OG0001841	WP_009547159.1	WP_261330633.1
