Orthogroup	Crocosphaera_subtropica_ATCC_51142_GCF_000017845.1_protein	cyanobacterium_endosymbiont_of_Epithemia_turgida_isolate_EtSB_Lake_Yunoko_ETSB_Lake_Yunoko_GCF_000829235.1_protein
OG0000001	WP_009545753.1	WP_052470631.1
OG0000002	WP_009545745.1	WP_044107455.1
OG0000002	WP_009547639.1	WP_044107086.1
OG0000002	WP_009543682.1	WP_044105586.1
OG0000004	WP_009544490.1	WP_044107682.1
OG0000004	WP_009543637.1	WP_171816450.1
OG0000005	WP_009543121.1	WP_044106509.1
OG0000005	WP_009543917.1	WP_044107588.1
OG0000005	WP_009544188.1	WP_044105651.1
OG0000006	WP_009545257.1	WP_044106285.1
OG0000006	WP_182670735.1	WP_195910197.1
OG0000006	WP_009544095.1	WP_044106813.1
OG0000009	WP_024750155.1	WP_232509908.1
OG0000009	WP_009545890.1	WP_044107246.1
OG0000009	WP_009545720.1	WP_044106882.1
OG0000010	WP_009546667.1	WP_171816378.1, WP_044105555.1
OG0000010	WP_009546565.1	WP_044106279.1
OG0000011	WP_009546116.1, WP_009547563.1	WP_044106088.1
OG0000011	WP_009547562.1, WP_009546117.1	WP_044106087.1
OG0000012	WP_009547713.1	WP_044105968.1
OG0000012	WP_009543676.1	WP_044105796.1
OG0000012	WP_024750201.1	WP_044105915.1
OG0000013	WP_009547756.1, WP_009547089.1, WP_009545746.1, WP_009543059.1, WP_009545489.1	WP_044105701.1
OG0000016	WP_009546466.1	WP_044106471.1
OG0000016	WP_009547210.1	WP_171816456.1
OG0000017	WP_009544298.1, WP_009546399.1, WP_009546408.1, WP_009544297.1, WP_009546409.1, WP_009544307.1, WP_009546394.1, WP_009547633.1	WP_044106804.1
OG0000018	WP_009543558.1	WP_044105505.1
OG0000018	WP_009545725.1, WP_009545518.1	WP_084220214.1
OG0000019	WP_009544187.1	WP_044106759.1
OG0000019	WP_009544094.1, WP_009545025.1	WP_044105906.1
OG0000020	WP_009544175.1	WP_044106868.1
OG0000020	WP_009545807.1	WP_044106105.1
OG0000021	WP_009547079.1	WP_232509851.1
OG0000023	WP_009543540.1	WP_044106752.1
OG0000023	WP_009544544.1	WP_044106195.1
OG0000024	WP_009545850.1	WP_044106831.1
OG0000024	WP_009543829.1	WP_044107440.1
OG0000025	WP_009544410.1	WP_044106482.1
OG0000025	WP_243397415.1	WP_232509920.1
OG0000026	WP_009544174.1	WP_044106869.1
OG0000026	WP_009544392.1	WP_044107610.1
OG0000027	WP_009545893.1	WP_044106355.1
OG0000027	WP_009544965.1	WP_044105464.1
OG0000029	WP_009544464.1	WP_044106819.1
OG0000029	WP_009547491.1	WP_044106393.1
OG0000030	WP_182670728.1	WP_084220174.1
OG0000030	WP_009546539.1	WP_044106349.1
OG0000031	WP_009544101.1	WP_044106866.1
OG0000031	WP_008276079.1	WP_044106353.1
OG0000032	WP_009543349.1	WP_232509865.1
OG0000032	WP_009547073.1	WP_044106634.1
OG0000033	WP_009543405.1	WP_044106073.1
OG0000033	WP_009543543.1	WP_044107314.1
OG0000034	WP_009545495.1	WP_044106690.1
OG0000034	WP_009544164.1	WP_044107155.1
OG0000035	WP_009546455.1	WP_171816400.1, WP_052470624.1
OG0000035	WP_009545414.1	WP_044106970.1
OG0000036	WP_009545829.1	WP_044105840.1
OG0000036	WP_049769499.1	WP_044107593.1
OG0000037	WP_007307443.1	WP_012596483.1
OG0000037	WP_009547754.1	WP_044106680.1
OG0000038	WP_009547281.1	WP_044106151.1
OG0000038	WP_009545219.1	WP_044106330.1
OG0000039	WP_009544893.1	WP_044107707.1
OG0000042	WP_009543334.1	WP_044107488.1
OG0000043	WP_009544347.1	WP_044106218.1
OG0000044	WP_009546633.1	WP_044107036.1
OG0000044	WP_009547284.1	WP_044107433.1
OG0000045	WP_009545594.1	WP_171816403.1
OG0000045	WP_009543824.1	WP_044107656.1
OG0000046	WP_041231900.1, WP_009545315.1, WP_009545012.1, WP_009548031.1	WP_044106148.1
OG0000047	WP_009545962.1	WP_232509866.1
OG0000047	WP_009546220.1, WP_009545628.1	WP_044106383.1
OG0000048	WP_009544711.1	WP_044107351.1
OG0000048	WP_156922850.1	WP_044106080.1
OG0000049	WP_009546961.1, WP_024750405.1	WP_044105832.1, WP_084220185.1, WP_044107456.1
OG0000051	WP_009545120.1	WP_044106406.1
OG0000059	WP_243397436.1	WP_232509915.1
OG0000061	WP_009545207.1	WP_044107080.1
OG0000062	WP_009544184.1	WP_044106103.1
OG0000062	WP_009545768.1	WP_044105515.1
OG0000063	WP_009543178.1	WP_044105722.1
OG0000063	WP_009546048.1	WP_044106673.1
OG0000064	WP_009545160.1	WP_044105622.1
OG0000068	WP_009544439.1	WP_052470597.1
OG0000068	WP_009545348.1, WP_009544263.1, WP_009544264.1, WP_009544265.1, WP_009546891.1	WP_044105711.1
OG0000070	WP_009546884.1	WP_044105531.1
OG0000071	WP_009543458.1	WP_044105992.1
OG0000072	WP_024750314.1	WP_171816376.1
OG0000073	WP_009545423.1, WP_009543817.1, WP_024750374.1, WP_009547813.1	WP_044106761.1
OG0000074	WP_009543919.1, WP_009545084.1, WP_009544599.1, WP_009547757.1	WP_044107238.1
OG0000075	WP_009547013.1	WP_044105525.1
OG0000076	WP_009545469.1	WP_044105599.1
OG0000078	WP_009544239.1	WP_044106473.1
OG0000078	WP_009546463.1	WP_044106475.1
OG0000079	WP_009544943.1, WP_009547426.1	WP_044107249.1
OG0000081	WP_009546820.1, WP_009546672.1, WP_009543356.1, WP_009543644.1	WP_044105623.1
OG0000082	WP_009543051.1	WP_044106137.1
OG0000085	WP_009546106.1, WP_009543598.1, WP_009543122.1, WP_009543265.1, WP_009548026.1	WP_044105809.1
OG0000088	WP_009546994.1	WP_044107501.1
OG0000090	WP_009546850.1, WP_009544941.1, WP_009544501.1, WP_009546599.1	WP_044107366.1
OG0000094	WP_009544489.1	WP_044107173.1
OG0000095	WP_009545389.1, WP_009545286.1, WP_009544583.1	WP_044107534.1
OG0000096	WP_009545816.1, WP_009543566.1	WP_044106710.1
OG0000097	WP_024750257.1, WP_035858004.1, WP_243397463.1	WP_044106411.1
OG0000098	WP_009545420.1, WP_009545511.1, WP_009547416.1	WP_044105757.1
OG0000099	WP_009547815.1	WP_044106161.1
OG0000100	WP_009543491.1, WP_009547444.1, WP_009543504.1	WP_044107613.1
OG0000101	WP_009546167.1, WP_012362635.1, WP_009545709.1	WP_044106542.1
OG0000102	WP_009546665.1	WP_044107007.1
OG0000103	WP_009543129.1	WP_044106544.1
OG0000105	WP_009545168.1	WP_044105642.1
OG0000106	WP_243397372.1, WP_009543261.1	WP_044106136.1
OG0000107	WP_009543713.1	WP_044106477.1
OG0000108	WP_009543548.1, WP_009545363.1, WP_009543927.1	WP_044105626.1
OG0000109	WP_009543262.1	WP_232509847.1
OG0000111	WP_024750299.1, WP_009543585.1, WP_009547702.1, WP_009546950.1, WP_009547805.1	WP_145972230.1
OG0000114	WP_009547531.1, WP_009544355.1, WP_009546209.1, WP_009546905.1	WP_232509841.1
OG0000118	WP_009544430.1	WP_044106621.1
OG0000121	WP_009545748.1, WP_009547371.1, WP_009544660.1	WP_232509924.1
OG0000125	WP_182670732.1, WP_182670731.1, WP_012362258.1	WP_145972258.1
OG0000126	WP_009546832.1	WP_044106596.1
OG0000127	WP_024750296.1	WP_044106974.1
OG0000128	WP_009547859.1, WP_009543552.1	WP_044105811.1
OG0000129	WP_009544242.1	WP_044105678.1
OG0000130	WP_009545643.1, WP_009545642.1	WP_044106395.1
OG0000131	WP_009545640.1	WP_044106738.1
OG0000132	WP_009545676.1, WP_009546376.1	WP_044105502.1
OG0000133	WP_009544165.1, WP_009543457.1	WP_044105993.1
OG0000134	WP_007303504.1, WP_008278493.1	WP_044105988.1
OG0000135	WP_009545785.1	WP_052470611.1, WP_171816381.1
OG0000136	WP_009544790.1, WP_009544592.1	WP_044106713.1
OG0000137	WP_009546673.1	WP_044106646.1
OG0000138	WP_009543790.1	WP_044107701.1
OG0000139	WP_009547968.1, WP_009546720.1	WP_044107262.1
OG0000140	WP_009544317.1, WP_009544507.1	WP_044105569.1
OG0000141	WP_009545747.1	WP_232509862.1
OG0000142	WP_009544168.1, WP_009544998.1	WP_044107062.1
OG0000143	WP_009546921.1, WP_009547547.1	WP_044105826.1
OG0000144	WP_009544732.1, WP_009543419.1	WP_044107240.1
OG0000145	WP_009544073.1, WP_009543123.1	WP_044105833.1
OG0000146	WP_009543925.1, WP_182670740.1	WP_044106085.1
OG0000147	WP_009546297.1, WP_009544469.1	WP_044106247.1
OG0000149	WP_009547448.1	WP_044107116.1
OG0000150	WP_009543423.1, WP_009547814.1	WP_044106163.1
OG0000151	WP_009546432.1, WP_009544062.1	WP_044106603.1
OG0000153	WP_009547790.1, WP_024750185.1	WP_044106282.1
OG0000154	WP_009546638.1	WP_232509875.1
OG0000155	WP_009545287.1, WP_009545528.1	WP_044105876.1
OG0000156	WP_009547552.1, WP_009546907.1	WP_044106793.1
OG0000157	WP_009545635.1	WP_044106944.1
OG0000158	WP_009544654.1, WP_009543323.1	WP_044105725.1
OG0000159	WP_198019420.1, WP_009547468.1	WP_044105592.1
OG0000160	WP_009544653.1, WP_009547114.1	WP_044105733.1
OG0000161	WP_009546467.1	WP_044106466.1
OG0000163	WP_024750143.1, WP_009547218.1	WP_044106768.1
OG0000164	WP_009544719.1	WP_044106755.1
OG0000165	WP_009544559.1	WP_044107085.1
OG0000166	WP_009546993.1, WP_009543851.1	WP_044106669.1
OG0000167	WP_156922878.1, WP_009545113.1	WP_044106525.1
OG0000170	WP_024750284.1, WP_009546182.1	WP_044106513.1
OG0000171	WP_009547136.1	WP_044105470.1
OG0000172	WP_243397453.1, WP_009543715.1	WP_044105861.1
OG0000173	WP_009543802.1	WP_044107296.1
OG0000174	WP_009546419.1, WP_009544677.1	WP_232509834.1
OG0000175	WP_009543989.1, WP_024750241.1	WP_044106185.1
OG0000176	WP_009543462.1, WP_009544313.1	WP_044105987.1
OG0000177	WP_009545914.1, WP_009547551.1	WP_044106551.1
OG0000178	WP_009545425.1, WP_009543381.1	WP_044106694.1
OG0000179	WP_009546400.1, WP_009546591.1	WP_044105806.1
OG0000180	WP_009545813.1, WP_009544614.1	WP_044106116.1
OG0000181	WP_009545406.1, WP_009544388.1	WP_044106854.1
OG0000182	WP_009544440.1, WP_009546363.1	WP_044106409.1
OG0000183	WP_243397380.1	WP_232509928.1
OG0000184	WP_009546298.1, WP_009544778.1	WP_232509858.1
OG0000185	WP_009545988.1	WP_044107489.1
OG0000186	WP_009544106.1	WP_044107006.1
OG0000187	WP_009544323.1, WP_009546091.1	WP_044107263.1
OG0000188	WP_009544345.1	WP_232509823.1
OG0000189	WP_009543285.1	WP_044105680.1
OG0000196	WP_009545262.1	WP_044105925.1
OG0000199	WP_009545718.1	WP_044107397.1
OG0000202	WP_009547706.1	WP_044106691.1
OG0000204	WP_009547345.1	WP_044107090.1
OG0000205	WP_024750318.1	WP_232509903.1
OG0000206	WP_009544741.1	WP_084220183.1
OG0000207	WP_009545622.1	WP_044106886.1
OG0000208	WP_009545624.1	WP_044106888.1
OG0000209	WP_009545625.1	WP_044106889.1
OG0000210	WP_009545542.1	WP_044106063.1
OG0000211	WP_009546877.1	WP_044106427.1
OG0000212	WP_009545016.1	WP_044106439.1
OG0000213	WP_009545138.1	WP_044106413.1
OG0000214	WP_009543708.1	WP_044106141.1
OG0000215	WP_009543691.1	WP_044105908.1
OG0000216	WP_009544966.1	WP_044105595.1
OG0000217	WP_009546496.1	WP_044107431.1
OG0000218	WP_009546786.1	WP_044106236.1
OG0000219	WP_009546785.1	WP_044106238.1
OG0000220	WP_009546875.1	WP_044107371.1
OG0000221	WP_009546770.1	WP_044106505.1
OG0000222	WP_009546777.1	WP_044107108.1
OG0000223	WP_009546779.1	WP_044106735.1
OG0000224	WP_012362482.1	WP_044107053.1
OG0000225	WP_009546831.1	WP_044106343.1
OG0000226	WP_009546833.1	WP_044106179.1
OG0000227	WP_009546551.1	WP_044107137.1
OG0000228	WP_009545132.1	WP_044105660.1
OG0000229	WP_009545578.1	WP_044107004.1
OG0000230	WP_008275059.1	WP_044107003.1
OG0000231	WP_009545587.1	WP_044107393.1
OG0000232	WP_009545588.1	WP_044106918.1
OG0000233	WP_009546003.1	WP_232509821.1
OG0000234	WP_009547072.1	WP_044105766.1
OG0000235	WP_009547672.1	WP_044106449.1
OG0000236	WP_009544571.1	WP_044106533.1
OG0000237	WP_009547383.1	WP_044107373.1
OG0000239	WP_009543551.1	WP_044105812.1
OG0000240	WP_009543549.1	WP_044105673.1
OG0000241	WP_009547043.1	WP_044106703.1
OG0000242	WP_009547042.1	WP_044106699.1
OG0000243	WP_009543574.1	WP_044107205.1
OG0000244	WP_009545615.1	WP_070104604.1
OG0000245	WP_009545603.1	WP_044107144.1
OG0000246	WP_009543553.1	WP_044106291.1
OG0000247	WP_009544809.1	WP_044107324.1
OG0000248	WP_009543240.1	WP_044107550.1
OG0000249	WP_009546685.1	WP_044106455.1
OG0000250	WP_012361405.1	WP_052470606.1
OG0000251	WP_009546111.1	WP_044106828.1
OG0000252	WP_009546110.1	WP_044106225.1
OG0000253	WP_009546109.1	WP_044106223.1
OG0000254	WP_009546108.1	WP_044106219.1
OG0000255	WP_009544349.1	WP_044106079.1
OG0000256	WP_009544350.1	WP_044105847.1
OG0000257	WP_009544206.1	WP_044107147.1
OG0000258	WP_009544205.1	WP_044107149.1
OG0000259	WP_009544203.1	WP_044106617.1
OG0000260	WP_009544202.1	WP_044106618.1
OG0000261	WP_009545095.1	WP_044106101.1
OG0000262	WP_009545094.1	WP_044106098.1
OG0000263	WP_009544644.1	WP_044107001.1
OG0000264	WP_243397326.1	WP_070104603.1
OG0000265	WP_009545089.1	WP_044106256.1
OG0000266	WP_009545088.1	WP_044106258.1
OG0000267	WP_009543968.1	WP_044106874.1
OG0000268	WP_008276699.1	WP_084220189.1
OG0000269	WP_009544390.1	WP_044106856.1
OG0000270	WP_009547369.1	WP_044106852.1
OG0000271	WP_009544973.1	WP_044106076.1
OG0000272	WP_009547764.1	WP_044107398.1
OG0000273	WP_009546142.1	WP_044107410.1
OG0000274	WP_009546143.1	WP_044106068.1
OG0000275	WP_009543459.1	WP_044105991.1
OG0000276	WP_009543460.1	WP_044105990.1
OG0000277	WP_009543461.1	WP_044105989.1
OG0000278	WP_009543463.1	WP_232509905.1
OG0000279	WP_009547620.1	WP_044106013.1
OG0000280	WP_009543921.1	WP_044107072.1
OG0000281	WP_009543920.1	WP_044107073.1
OG0000282	WP_009544683.1	WP_044105927.1
OG0000283	WP_009544620.1	WP_044105744.1
OG0000284	WP_182670751.1	WP_171816455.1
OG0000285	WP_009547026.1	WP_044107199.1
OG0000286	WP_009547024.1	WP_044106347.1
OG0000287	WP_009547926.1	WP_044107087.1
OG0000288	WP_243397387.1	WP_232509892.1
OG0000289	WP_009543077.1	WP_044105627.1
OG0000290	WP_009543076.1	WP_044105628.1
OG0000291	WP_009543074.1	WP_044105630.1
OG0000292	WP_009547703.1	WP_044106447.1
OG0000293	WP_009544120.1	WP_044107651.1
OG0000294	WP_009544121.1	WP_044106863.1
OG0000295	WP_009544261.1	WP_044106295.1
OG0000296	WP_009543276.1	WP_044106590.1
OG0000297	WP_008275436.1	WP_044106058.1
OG0000298	WP_009543372.1	WP_044105965.1
OG0000299	WP_009545793.1	WP_044106178.1
OG0000300	WP_009545997.1	WP_044107315.1
OG0000301	WP_009545140.1	WP_044106913.1
OG0000302	WP_156922826.1	WP_232509872.1
OG0000303	WP_009545145.1	WP_044105853.1
OG0000304	WP_009545144.1	WP_171816451.1
OG0000305	WP_009544697.1	WP_044106786.1
OG0000306	WP_009546136.1	WP_044106529.1
OG0000307	WP_009543664.1	WP_044106146.1
OG0000308	WP_009546037.1	WP_044106576.1
OG0000309	WP_024750312.1	WP_044107574.1
OG0000310	WP_009545046.1	WP_070104597.1
OG0000311	WP_009543966.1	WP_044106289.1
OG0000312	WP_009543965.1	WP_044106290.1
OG0000313	WP_009547690.1	WP_044105868.1
OG0000314	WP_009545103.1	WP_044106506.1
OG0000315	WP_009544789.1	WP_044106711.1
OG0000316	WP_009544787.1	WP_044107208.1
OG0000317	WP_243397442.1	WP_145972266.1
OG0000318	WP_009543280.1	WP_044105801.1
OG0000319	WP_009543270.1	WP_044106305.1
OG0000320	WP_009543269.1	WP_044106304.1
OG0000321	WP_009543114.1	WP_044106821.1
OG0000322	WP_009546825.1	WP_044106160.1
OG0000323	WP_024750198.1	WP_232509849.1
OG0000324	WP_009546827.1	WP_044106199.1
OG0000325	WP_009546828.1	WP_044107382.1
OG0000326	WP_009543375.1	WP_044106877.1
OG0000327	WP_009544846.1	WP_044105947.1
OG0000328	WP_009544848.1	WP_044106322.1
OG0000329	WP_009544849.1	WP_044106323.1
OG0000330	WP_009544850.1	WP_044106326.1
OG0000331	WP_009543839.1	WP_044106056.1
OG0000332	WP_009544842.1	WP_044105959.1
OG0000333	WP_009544841.1	WP_044105958.1
OG0000334	WP_009546674.1	WP_044107462.1
OG0000335	WP_009546669.1	WP_044106143.1
OG0000336	WP_009544477.1	WP_044106980.1
OG0000337	WP_009544457.1	WP_044106598.1
OG0000338	WP_009543144.1	WP_044105518.1
OG0000339	WP_009543143.1	WP_044106865.1
OG0000340	WP_009543142.1	WP_044105979.1
OG0000341	WP_009544621.1	WP_044106884.1
OG0000342	WP_009544281.1	WP_044106004.1
OG0000343	WP_009543791.1	WP_044107327.1
OG0000344	WP_009543788.1	WP_044106168.1
OG0000345	WP_009546722.1	WP_044107258.1
OG0000346	WP_009546723.1	WP_044107256.1
OG0000347	WP_008277359.1	WP_044107255.1
OG0000348	WP_008277360.1	WP_232509926.1
OG0000349	WP_008277364.1	WP_044107521.1
OG0000350	WP_009545562.1	WP_044106210.1
OG0000351	WP_009543783.1	WP_044106727.1
OG0000352	WP_009543784.1	WP_044107640.1
OG0000353	WP_009546044.1	WP_044105834.1
OG0000354	WP_009544387.1	WP_044107094.1
OG0000355	WP_009546677.1	WP_044105732.1
OG0000356	WP_009544508.1	WP_044105567.1
OG0000357	WP_009544099.1	WP_044107670.1
OG0000358	WP_009547001.1	WP_044107054.1
OG0000359	WP_009544958.1	WP_044105512.1
OG0000360	WP_009544961.1	WP_232509896.1
OG0000361	WP_009543915.1	WP_084220236.1
OG0000362	WP_009543918.1	WP_044106493.1
OG0000363	WP_009545358.1	WP_044107282.1
OG0000364	WP_009545985.1	WP_044105638.1
OG0000365	WP_024750268.1	WP_044107446.1
OG0000366	WP_009544466.1	WP_044107323.1
OG0000367	WP_009544625.1	WP_044106728.1
OG0000368	WP_009544628.1	WP_044106850.1
OG0000369	WP_009544561.1	WP_044107348.1
OG0000370	WP_009544278.1	WP_044107346.1
OG0000371	WP_009545272.1	WP_044107216.1
OG0000372	WP_009545273.1	WP_145972291.1
OG0000373	WP_009543614.1	WP_044105985.1
OG0000374	WP_009545552.1	WP_044105609.1
OG0000375	WP_009545560.1	WP_044105615.1
OG0000376	WP_009544214.1	WP_044105621.1
OG0000377	WP_024750361.1	WP_044106583.1
OG0000378	WP_009545433.1	WP_044106582.1
OG0000379	WP_009544181.1	WP_044106896.1
OG0000380	WP_012361614.1	WP_044106897.1
OG0000381	WP_007304785.1	WP_044106898.1
OG0000382	WP_049769508.1	WP_044107060.1
OG0000383	WP_009544170.1	WP_044107059.1
OG0000384	WP_009546716.1	WP_044106908.1
OG0000385	WP_009546622.1	WP_044105658.1
OG0000386	WP_009546620.1	WP_171816434.1
OG0000387	WP_009546714.1	WP_044106851.1
OG0000388	WP_009545252.1	WP_044106337.1
OG0000389	WP_009545256.1	WP_044106339.1
OG0000390	WP_009543328.1	WP_044105783.1
OG0000391	WP_009545755.1	WP_044106644.1
OG0000392	WP_009545354.1	WP_044106818.1
OG0000393	WP_009547422.1	WP_044106817.1
OG0000394	WP_009543523.1	WP_044107447.1
OG0000395	WP_009543526.1	WP_044107448.1
OG0000396	WP_009543527.1	WP_044106803.1
OG0000397	WP_009545435.1	WP_044105849.1
OG0000398	WP_009544494.1	WP_171816458.1
OG0000400	WP_009546762.1	WP_044105648.1
OG0000401	WP_009544834.1	WP_044107283.1
OG0000402	WP_009544833.1	WP_044107284.1
OG0000403	WP_009543324.1	WP_044106514.1
OG0000404	WP_009546922.1	WP_044105824.1
OG0000405	WP_009545185.1	WP_044107365.1
OG0000406	WP_009545184.1	WP_084220222.1
OG0000407	WP_024750370.1	WP_044107698.1
OG0000408	WP_009545211.1	WP_145972257.1
OG0000409	WP_009545212.1	WP_044107404.1
OG0000410	WP_009546040.1	WP_044107253.1
OG0000411	WP_009544091.1	WP_044106822.1
OG0000412	WP_009547457.1	WP_044107367.1
OG0000413	WP_009544927.1	WP_044106841.1
OG0000414	WP_009544152.1	WP_044107069.1
OG0000415	WP_009544154.1	WP_044106107.1
OG0000416	WP_009546071.1	WP_044105751.1
OG0000417	WP_009543236.1	WP_044106390.1
OG0000418	WP_009543233.1	WP_044107604.1
OG0000419	WP_243397335.1	WP_044106826.1
OG0000420	WP_009547626.1	WP_044106827.1
OG0000421	WP_009546526.1	WP_044107665.1
OG0000422	WP_024750123.1	WP_044106423.1
OG0000423	WP_009545156.1	WP_044107051.1
OG0000424	WP_009544176.1	WP_044107364.1
OG0000425	WP_009544131.1	WP_044106139.1
OG0000426	WP_009543609.1	WP_044107140.1
OG0000427	WP_009543608.1	WP_044107142.1
OG0000428	WP_009543082.1	WP_044107436.1
OG0000429	WP_009545996.1	WP_044107223.1
OG0000430	WP_009545992.1	WP_044107597.1
OG0000431	WP_009544945.1	WP_145972280.1
OG0000432	WP_009543135.1	WP_044106689.1
OG0000433	WP_009545217.1	WP_044107047.1
OG0000434	WP_009544823.1	WP_044107046.1
OG0000435	WP_009544819.1	WP_044107045.1
OG0000436	WP_009544811.1	WP_044106706.1
OG0000437	WP_009547340.1	WP_044106663.1
OG0000438	WP_009546956.1	WP_044106131.1
OG0000439	WP_009544472.1	WP_044105934.1
OG0000440	WP_009546118.1	WP_044106086.1
OG0000441	WP_024750230.1	WP_044106920.1
OG0000442	WP_009545976.1	WP_044105952.1
OG0000443	WP_009545975.1	WP_044105954.1
OG0000444	WP_009545668.1	WP_044105974.1
OG0000445	WP_009545667.1	WP_044105973.1
OG0000446	WP_009545661.1	WP_044105963.1
OG0000447	WP_009545867.1	WP_044106978.1
OG0000448	WP_008277352.1	WP_044106461.1
OG0000449	WP_009543177.1	WP_044106464.1
OG0000450	WP_009545775.1	WP_044107379.1
OG0000451	WP_009545774.1	WP_044107377.1
OG0000452	WP_009547257.1	WP_044105850.1
OG0000453	WP_009544107.1	WP_044107074.1
OG0000454	WP_009546451.1	WP_171816445.1
OG0000455	WP_009546450.1	WP_044107449.1
OG0000456	WP_009547240.1	WP_044105776.1
OG0000457	WP_156922862.1	WP_145972287.1
OG0000458	WP_024750176.1	WP_044107608.1
OG0000459	WP_009547417.1	WP_044105755.1
OG0000460	WP_009544898.1	WP_044106906.1
OG0000461	WP_009547665.1	WP_044107290.1
OG0000462	WP_009547590.1	WP_044106549.1
OG0000463	WP_009546751.1	WP_044105899.1
OG0000464	WP_009546749.1	WP_171816454.1
OG0000465	WP_009545374.1	WP_232509900.1
OG0000466	WP_009544701.1	WP_044106198.1
OG0000467	WP_009545878.1	WP_044105497.1
OG0000468	WP_009544576.1	WP_044107212.1
OG0000469	WP_009545003.1	WP_044105851.1
OG0000470	WP_009545002.1	WP_044105852.1
OG0000471	WP_009544762.1	WP_044106133.1
OG0000472	WP_009544808.1	WP_044105625.1
OG0000473	WP_009544795.1	WP_232509870.1
OG0000474	WP_009544793.1	WP_044106356.1
OG0000475	WP_024750372.1	WP_044106846.1
OG0000476	WP_009544006.1	WP_044106845.1
OG0000477	WP_009544013.1	WP_044105953.1
OG0000478	WP_009546700.1	WP_044106078.1
OG0000479	WP_009547166.1	WP_044107544.1
OG0000480	WP_009543779.1	WP_232509856.1
OG0000481	WP_009543778.1	WP_044106288.1
OG0000482	WP_009543775.1	WP_044106999.1
OG0000483	WP_009544874.1	WP_232509921.1
OG0000484	WP_009545946.1	WP_044107485.1
OG0000485	WP_009545947.1	WP_044107486.1
OG0000486	WP_009545948.1	WP_044107487.1
OG0000487	WP_009547144.1	WP_044107188.1
OG0000488	WP_024750270.1	WP_044106990.1
OG0000489	WP_009546560.1	WP_044106438.1
OG0000490	WP_009545388.1	WP_232509922.1
OG0000491	WP_009543636.1	WP_044105753.1
OG0000492	WP_009545387.1	WP_044107168.1
OG0000493	WP_009544135.1	WP_232509894.1
OG0000494	WP_009545841.1	WP_044107499.1
OG0000495	WP_009545838.1	WP_044107390.1
OG0000496	WP_009546754.1	WP_044107095.1
OG0000497	WP_009547911.1	WP_044106950.1
OG0000498	WP_009545442.1	WP_044107281.1
OG0000499	WP_009545264.1	WP_044106403.1
OG0000500	WP_009546572.1	WP_145972253.1
OG0000501	WP_009546569.1	WP_044106750.1
OG0000502	WP_009546568.1	WP_044105972.1
OG0000503	WP_009543351.1	WP_044107320.1
OG0000504	WP_009543352.1	WP_044107319.1
OG0000505	WP_009545260.1	WP_044107328.1
OG0000506	WP_009545318.1	WP_044107329.1
OG0000507	WP_009544460.1	WP_044107278.1
OG0000508	WP_009543634.1	WP_232509815.1
OG0000509	WP_009543632.1	WP_171816427.1
OG0000510	WP_024750148.1	WP_044107672.1
OG0000511	WP_009543628.1	WP_232509912.1
OG0000512	WP_009543997.1	WP_044106945.1
OG0000513	WP_009547248.1	WP_044106591.1
OG0000514	WP_243397411.1	WP_044107537.1
OG0000515	WP_009547207.1	WP_044107321.1
OG0000516	WP_009547758.1	WP_044107237.1
OG0000517	WP_009543506.1	WP_044106242.1
OG0000518	WP_009545708.1	WP_044106651.1
OG0000519	WP_009544427.1	WP_044107342.1
OG0000520	WP_009544426.1	WP_044107695.1
OG0000521	WP_009545498.1	WP_044106156.1
OG0000522	WP_009545500.1	WP_044105823.1
OG0000523	WP_009546790.1	WP_044106154.1
OG0000524	WP_008276531.1	WP_044106153.1
OG0000525	WP_009543047.1	WP_044107575.1
OG0000526	WP_009544241.1	WP_044105738.1
OG0000527	WP_009546018.1	WP_044106422.1
OG0000528	WP_009543825.1	WP_044106421.1
OG0000529	WP_009543315.1	WP_044106536.1
OG0000530	WP_009547365.1	WP_044106152.1
OG0000531	WP_009547364.1	WP_044107578.1
OG0000532	WP_009547358.1	WP_044106009.1
OG0000533	WP_012362171.1	WP_044105938.1
OG0000534	WP_009545344.1	WP_044105940.1
OG0000535	WP_009545345.1	WP_044105941.1
OG0000536	WP_009546036.1	WP_044107497.1
OG0000537	WP_009545679.1	WP_044107511.1
OG0000538	WP_009544668.1	WP_044105978.1
OG0000539	WP_009543942.1	WP_044106870.1
OG0000540	WP_009543440.1	WP_044106599.1
OG0000541	WP_009544344.1	WP_044105645.1
OG0000542	WP_243397407.1	WP_044105945.1
OG0000543	WP_009544527.1	WP_044107680.1
OG0000544	WP_009546627.1	WP_044107044.1
OG0000545	WP_008274029.1	WP_044107041.1
OG0000546	WP_009546629.1	WP_044107040.1
OG0000547	WP_009546630.1	WP_044107039.1
OG0000548	WP_009546631.1	WP_044107038.1
OG0000549	WP_009546634.1	WP_044107035.1
OG0000550	WP_009546637.1	WP_044107034.1
OG0000551	WP_009546639.1	WP_044107033.1
OG0000552	WP_009546640.1	WP_044107032.1
OG0000553	WP_009546641.1	WP_044107031.1
OG0000554	WP_009546643.1	WP_044107030.1
OG0000555	WP_009546645.1	WP_044107028.1
OG0000556	WP_009546649.1	WP_044107023.1
OG0000557	WP_009546650.1	WP_044107022.1
OG0000558	WP_009546658.1	WP_044107011.1
OG0000559	WP_009546659.1	WP_044107010.1
OG0000560	WP_009545901.1	WP_044107350.1
OG0000561	WP_009545898.1	WP_044106969.1
OG0000562	WP_009545805.1	WP_044106825.1
OG0000563	WP_009547634.1	WP_044107336.1
OG0000564	WP_009547635.1	WP_044105787.1
OG0000565	WP_009547637.1	WP_044107159.1
OG0000566	WP_009545190.1	WP_044106283.1
OG0000567	WP_009543673.1	WP_044106171.1
OG0000568	WP_009543675.1	WP_044105634.1
OG0000569	WP_009543678.1	WP_044107660.1
OG0000570	WP_009543679.1	WP_044106942.1
OG0000571	WP_009547094.1	WP_044106595.1
OG0000572	WP_009543507.1	WP_044107194.1
OG0000573	WP_009543508.1	WP_044107193.1
OG0000574	WP_009547352.1	WP_044105902.1
OG0000575	WP_009547351.1	WP_044107362.1
OG0000576	WP_009547349.1	WP_044107360.1
OG0000577	WP_009547347.1	WP_044105690.1
OG0000578	WP_009547014.1, WP_009546074.1	WP_044106164.1
OG0000579	WP_009546529.1	WP_044105976.1
OG0000580	WP_009546530.1	WP_044106930.1
OG0000581	WP_009547677.1	WP_232509906.1
OG0000582	WP_009547234.1	WP_044107271.1
OG0000583	WP_009547235.1	WP_044107269.1
OG0000584	WP_009545005.1	WP_044105682.1
OG0000585	WP_009545566.1	WP_044107092.1
OG0000586	WP_009545568.1	WP_171816448.1
OG0000587	WP_009545307.1	WP_145972242.1
OG0000588	WP_009545447.1	WP_044107207.1
OG0000589	WP_009545453.1	WP_044105589.1
OG0000590	WP_009543307.1	WP_044107308.1
OG0000591	WP_009543308.1	WP_044107309.1
OG0000592	WP_009543309.1	WP_044107310.1
OG0000593	WP_009546706.1	WP_044106587.1
OG0000594	WP_009544746.1	WP_044105574.1
OG0000595	WP_009546819.1	WP_044106753.1
OG0000596	WP_009544989.1	WP_044105937.1
OG0000597	WP_009545022.1	WP_044106984.1
OG0000598	WP_009546554.1	WP_044107546.1
OG0000599	WP_009543212.1	WP_044106894.1
OG0000600	WP_243397353.1	WP_084220190.1
OG0000601	WP_009545299.1	WP_044105770.1
OG0000602	WP_009543118.1	WP_044105886.1
OG0000603	WP_009545097.1	WP_044105550.1
OG0000604	WP_009543134.1	WP_044107478.1
OG0000605	WP_009544432.1	WP_044105488.1
OG0000606	WP_009543370.1	WP_044106956.1
OG0000607	WP_009544020.1	WP_044105475.1
OG0000608	WP_009544032.1	WP_044105478.1
OG0000609	WP_009544037.1	WP_044107131.1
OG0000610	WP_009545719.1	WP_044106883.1
OG0000611	WP_009545656.1	WP_044106491.1
OG0000612	WP_009545654.1	WP_044105922.1
OG0000613	WP_009545653.1	WP_044105921.1
OG0000614	WP_009545652.1	WP_044105920.1
OG0000615	WP_009546607.1	WP_044106479.1
OG0000616	WP_009543723.1	WP_044105763.1
OG0000617	WP_009543719.1	WP_044107217.1
OG0000618	WP_008274988.1	WP_044105798.1
OG0000619	WP_009544586.1	WP_044105799.1
OG0000620	WP_009544428.1	WP_044107633.1
OG0000621	WP_009547098.1	WP_044107298.1
OG0000622	WP_009547097.1	WP_044107299.1
OG0000623	WP_009545930.1	WP_044107302.1
OG0000624	WP_009545929.1	WP_044107692.1
OG0000625	WP_009545749.1	WP_044105685.1
OG0000626	WP_009545750.1	WP_044106832.1
OG0000627	WP_009547510.1	WP_044106835.1
OG0000628	WP_009543361.1	WP_044106672.1
OG0000629	WP_009544034.1	WP_171816457.1
OG0000630	WP_012362397.1	WP_044107531.1
OG0000631	WP_008278381.1	WP_044107154.1
OG0000632	WP_009546510.1	WP_044105888.1
OG0000633	WP_009546518.1	WP_044107472.1
OG0000634	WP_009546780.1	WP_044107473.1
OG0000635	WP_009546783.1	WP_044106014.1
OG0000636	WP_009546784.1	WP_044107560.1
OG0000637	WP_009547199.1	WP_232509836.1
OG0000638	WP_009547197.1	WP_044105723.1
OG0000639	WP_009547267.1	WP_044106809.1
OG0000640	WP_009547264.1	WP_044107066.1
OG0000641	WP_009543520.1	WP_044105828.1
OG0000642	WP_009546055.1	WP_044105893.1
OG0000643	WP_009545467.1	WP_044105605.1
OG0000644	WP_009545480.1	WP_044106293.1
OG0000645	WP_009545481.1	WP_044107596.1
OG0000646	WP_009547493.1	WP_044106394.1
OG0000647	WP_009546757.1	WP_044106130.1
OG0000648	WP_009547221.1	WP_044105807.1
OG0000649	WP_009546157.1	WP_044106112.1
OG0000650	WP_009546152.1	WP_044106799.1
OG0000651	WP_009546153.1	WP_044106798.1
OG0000652	WP_009546810.1	WP_044105816.1
OG0000653	WP_009545846.1	WP_052470614.1
OG0000654	WP_009547714.1	WP_084220198.1
OG0000655	WP_009543296.1	WP_044105926.1
OG0000656	WP_009543297.1	WP_044107293.1
OG0000657	WP_012362149.1	WP_044105461.1
OG0000658	WP_009545437.1	WP_044105666.1
OG0000659	WP_009545439.1	WP_044106064.1
OG0000660	WP_009544934.1	WP_044105499.1
OG0000661	WP_009544933.1	WP_044107220.1
OG0000662	WP_009544932.1	WP_044107219.1
OG0000663	WP_009544878.1	WP_044105632.1
OG0000664	WP_009546464.1	WP_044106472.1
OG0000665	WP_024750202.1	WP_044106314.1
OG0000666	WP_007310088.1	WP_044107437.1
OG0000667	WP_008276351.1	WP_044107439.1
OG0000668	WP_009543830.1	WP_044107442.1
OG0000669	WP_007304701.1	WP_044107444.1
OG0000670	WP_009544533.1	WP_044107049.1
OG0000671	WP_009544645.1	WP_044107286.1
OG0000672	WP_012361494.1	WP_171816464.1
OG0000673	WP_009543313.1	WP_044106685.1
OG0000674	WP_009546038.1	WP_044106414.1
OG0000675	WP_009545692.1	WP_044106968.1
OG0000676	WP_198019428.1	WP_044106967.1
OG0000677	WP_009546969.1	WP_044106965.1
OG0000678	WP_009546970.1	WP_044106964.1
OG0000679	WP_009546971.1	WP_044106963.1
OG0000680	WP_009543153.1	WP_044106369.1
OG0000681	WP_009543155.1	WP_044106365.1
OG0000682	WP_009543156.1	WP_044106363.1
OG0000683	WP_009543157.1	WP_044106362.1
OG0000684	WP_009543158.1	WP_044106360.1
OG0000685	WP_009543160.1	WP_044105903.1
OG0000686	WP_009545698.1	WP_044107312.1
OG0000687	WP_009545881.1	WP_044106878.1
OG0000688	WP_009546789.1	WP_044105969.1
OG0000689	WP_009546019.1	WP_171816467.1
OG0000690	WP_009543911.1	WP_044106265.1
OG0000691	WP_009547191.1	WP_044106206.1
OG0000692	WP_009547177.1	WP_044107204.1
OG0000693	WP_009547668.1	WP_044105994.1
OG0000694	WP_009545497.1	WP_044106157.1
OG0000695	WP_008273172.1	WP_044107579.1
OG0000696	WP_012362131.1	WP_232509848.1
OG0000697	WP_024750255.1	WP_084220180.1
OG0000698	WP_243397379.1	WP_232509863.1
OG0000699	WP_009548015.1	WP_044107065.1
OG0000700	WP_009543764.1	WP_171816388.1
OG0000701	WP_009543765.1	WP_044106215.1
OG0000702	WP_009543766.1	WP_044106216.1
OG0000703	WP_009543407.1	WP_044107630.1
OG0000704	WP_024750137.1	WP_044106948.1
OG0000705	WP_009546581.1	WP_044107114.1
OG0000706	WP_009543840.1	WP_044105758.1
OG0000707	WP_009545178.1	WP_145972222.1
OG0000708	WP_009547239.1	WP_044105877.1
OG0000709	WP_009543797.1	WP_044106914.1
OG0000711	WP_009546546.1	WP_044107415.1
OG0000712	WP_009546547.1	WP_044107418.1
OG0000713	WP_009545540.1	WP_171816387.1
OG0000714	WP_009545626.1	WP_044107668.1
OG0000715	WP_009545631.1	WP_044106936.1
OG0000716	WP_009543742.1	WP_044105942.1
OG0000717	WP_009543740.1	WP_044107435.1
OG0000718	WP_009546592.1	WP_052470652.1
OG0000719	WP_009546095.1	WP_044106577.1
OG0000720	WP_009546094.1	WP_044106578.1
OG0000721	WP_009543435.1	WP_044107145.1
OG0000722	WP_009543437.1	WP_044106744.1
OG0000723	WP_009543835.1	WP_044106677.1
OG0000724	WP_009543529.1	WP_044105892.1
OG0000725	WP_009546528.1	WP_044105620.1
OG0000726	WP_009545573.1	WP_044106357.1
OG0000727	WP_009544716.1	WP_044107279.1
OG0000728	WP_009544721.1	WP_044107195.1
OG0000729	WP_009543907.1	WP_044106096.1
OG0000730	WP_009543908.1	WP_044106095.1
OG0000731	WP_009545831.1	WP_044105837.1
OG0000732	WP_009545830.1	WP_044105838.1
OG0000733	WP_009545828.1	WP_044106836.1
OG0000734	WP_009543932.1	WP_044107624.1
OG0000735	WP_009545261.1	WP_044106742.1
OG0000736	WP_009547088.1	WP_044105890.1
OG0000737	WP_009546027.1	WP_044105583.1
OG0000738	WP_243397417.1	WP_044107063.1
OG0000739	WP_009544061.1	WP_044106927.1
OG0000740	WP_009544060.1	WP_044106926.1
OG0000741	WP_009544059.1	WP_044106924.1
OG0000742	WP_008274152.1	WP_044106923.1
OG0000743	WP_009544057.1	WP_044106921.1
OG0000744	WP_009545711.1	WP_044106983.1
OG0000745	WP_009543975.1	WP_145972286.1
OG0000746	WP_009545764.1	WP_044105873.1
OG0000747	WP_009547053.1	WP_044106065.1
OG0000748	WP_009546574.1	WP_044106717.1
OG0000749	WP_009546577.1	WP_044106516.1
OG0000750	WP_009546578.1	WP_044106518.1
OG0000751	WP_009544199.1	WP_044107123.1
OG0000752	WP_008274614.1	WP_044107121.1
OG0000753	WP_009546870.1	WP_044106197.1
OG0000754	WP_009546868.1	WP_044107058.1
OG0000755	WP_024750252.1	WP_052470642.1
OG0000756	WP_009543099.1	WP_044105982.1
OG0000757	WP_009543100.1	WP_044105980.1
OG0000758	WP_024750153.1	WP_044106300.1
OG0000759	WP_009543564.1	WP_044107222.1
OG0000760	WP_009546588.1	WP_044105856.1
OG0000761	WP_009545690.1	WP_044106907.1
OG0000762	WP_009543128.1	WP_044106062.1
OG0000763	WP_009547497.1	WP_044105631.1
OG0000764	WP_009547499.1	WP_044105473.1
OG0000765	WP_009543726.1	WP_044105472.1
OG0000766	WP_024750295.1	WP_044106871.1
OG0000767	WP_009546948.1	WP_044106296.1
OG0000768	WP_009544705.1	WP_044105553.1
OG0000769	WP_009543093.1	WP_084220219.1
OG0000770	WP_009544709.1	WP_044106586.1
OG0000771	WP_009546585.1	WP_070104606.1
OG0000772	WP_009546154.1	WP_044107203.1
OG0000773	WP_009544557.1	WP_044107673.1
OG0000774	WP_009546974.1	WP_044106374.1
OG0000775	WP_009546978.1	WP_044105842.1
OG0000776	WP_009546981.1	WP_044107201.1
OG0000777	WP_008275034.1	WP_044107070.1
OG0000778	WP_012361838.1	WP_171816426.1
OG0000779	WP_009543561.1	WP_171816361.1
OG0000780	WP_009543210.1	WP_044106891.1
OG0000781	WP_009544422.1	WP_044107554.1
OG0000782	WP_009546541.1	WP_044106348.1
OG0000783	WP_009546542.1	WP_232509861.1
OG0000784	WP_009544954.1	WP_044106572.1
OG0000785	WP_009543896.1	WP_044106020.1
OG0000786	WP_009543895.1	WP_044106021.1
OG0000787	WP_009543894.1	WP_044106022.1
OG0000788	WP_009543893.1	WP_044106023.1
OG0000789	WP_009543892.1	WP_044106025.1
OG0000790	WP_009543891.1	WP_044106026.1
OG0000791	WP_009543890.1	WP_044106027.1
OG0000792	WP_009543889.1	WP_044106028.1
OG0000793	WP_009543888.1	WP_044106029.1
OG0000794	WP_008275479.1	WP_044106032.1
OG0000795	WP_009543886.1	WP_044106033.1
OG0000796	WP_009543885.1	WP_044106034.1
OG0000797	WP_009543884.1	WP_044106036.1
OG0000798	WP_009543883.1	WP_044106037.1
OG0000799	WP_009543882.1	WP_044106038.1
OG0000800	WP_009543881.1	WP_044106039.1
OG0000801	WP_009543880.1	WP_044106040.1
OG0000802	WP_009543879.1	WP_044106041.1
OG0000803	WP_009543878.1	WP_044106042.1
OG0000804	WP_007306424.1	WP_044107563.1
OG0000805	WP_009543877.1	WP_044106043.1
OG0000806	WP_041231990.1	WP_044106045.1
OG0000807	WP_009543875.1	WP_044107565.1
OG0000808	WP_009543874.1	WP_044106046.1
OG0000809	WP_009543873.1	WP_044106047.1
OG0000810	WP_009543872.1	WP_044106049.1
OG0000811	WP_009543869.1	WP_044106054.1
OG0000812	WP_009543848.1	WP_044107468.1
OG0000813	WP_012361749.1	WP_044106524.1
OG0000814	WP_009545704.1	WP_044106522.1
OG0000815	WP_009547373.1	WP_044106239.1
OG0000816	WP_009544509.1	WP_044105983.1
OG0000817	WP_009545109.1	WP_044107226.1
OG0000818	WP_009545107.1	WP_044106991.1
OG0000819	WP_009546058.1	WP_171816368.1
OG0000820	WP_009545799.1	WP_171816367.1
OG0000821	WP_009547475.1	WP_044106132.1
OG0000822	WP_009544615.1	WP_044107573.1
OG0000823	WP_009544608.1	WP_044106902.1
OG0000824	WP_009544597.1	WP_044106608.1
OG0000825	WP_009547596.1	WP_044106379.1
OG0000826	WP_009547385.1	WP_044107561.1
OG0000827	WP_009545960.1	WP_084220196.1
OG0000828	WP_009545951.1	WP_044107375.1
OG0000829	WP_024750321.1	WP_044107184.1
OG0000830	WP_009544680.1	WP_044107185.1
OG0000831	WP_009546608.1	WP_044107609.1
OG0000832	WP_009544687.1	WP_044107667.1
OG0000833	WP_009544238.1	WP_044107129.1
OG0000834	WP_009543225.1	WP_044106214.1
OG0000835	WP_009543744.1	WP_044106382.1
OG0000836	WP_009544860.1	WP_044105719.1
OG0000837	WP_009544866.1	WP_044107229.1
OG0000838	WP_009547002.1	WP_044106496.1
OG0000839	WP_009546881.1	WP_044106675.1
OG0000840	WP_009547049.1	WP_044105577.1
OG0000841	WP_009547047.1	WP_044105580.1
OG0000842	WP_009545457.1	WP_044106802.1
OG0000843	WP_009544696.1	WP_044106607.1
OG0000845	WP_009546999.1	WP_044106346.1
OG0000846	WP_009545715.1	WP_044107396.1
OG0000847	WP_009544587.1	WP_044106129.1
OG0000848	WP_009544589.1	WP_044106124.1
OG0000849	WP_009547712.1	WP_145972225.1
OG0000850	WP_009546479.1	WP_044105714.1
OG0000851	WP_009546478.1	WP_044105712.1
OG0000852	WP_009546476.1	WP_044107461.1
OG0000853	WP_009546470.1	WP_044107458.1
OG0000854	WP_009546009.1	WP_044107389.1
OG0000855	WP_009546015.1	WP_044106977.1
OG0000856	WP_182670744.1	WP_044106678.1
OG0000857	WP_009544185.1	WP_052470612.1
OG0000858	WP_009547135.1	WP_044105468.1
OG0000859	WP_009547127.1	WP_044106910.1
OG0000860	WP_009543241.1	WP_044106585.1
OG0000861	WP_009543712.1	WP_044107467.1
OG0000862	WP_243397438.1	WP_044107209.1
OG0000863	WP_009543904.1	WP_044105960.1
OG0000864	WP_009544370.1	WP_044106138.1
OG0000865	WP_009544142.1	WP_044106928.1
OG0000866	WP_009546490.1	WP_044107197.1
OG0000867	WP_009546489.1	WP_044107196.1
OG0000868	WP_009543803.1	WP_044107295.1
OG0000869	WP_009544139.1	WP_044106729.1
OG0000870	WP_009545411.1	WP_044107326.1
OG0000871	WP_009545409.1	WP_044106231.1
OG0000872	WP_009545408.1	WP_044106232.1
OG0000873	WP_009543263.1	WP_044106134.1
OG0000874	WP_009544976.1	WP_044105696.1
OG0000875	WP_009546708.1	WP_044106946.1
OG0000876	WP_009547471.1	WP_044105910.1
OG0000877	WP_009547472.1	WP_044105909.1
OG0000878	WP_024750363.1	WP_044106654.1
OG0000879	WP_009543512.1	WP_044107214.1
OG0000880	WP_009543513.1	WP_052470645.1
OG0000881	WP_009544415.1	WP_044105896.1
OG0000882	WP_009543546.1	WP_044106660.1
OG0000883	WP_009544773.1	WP_044107333.1
OG0000884	WP_009544774.1	WP_044107334.1
OG0000885	WP_009543958.1	WP_044106662.1
OG0000886	WP_009543955.1	WP_044107274.1
OG0000887	WP_009547514.1	WP_044105814.1
OG0000888	WP_009547657.1	WP_044106301.1
OG0000889	WP_009547923.1	WP_044106487.1
OG0000890	WP_009545396.1	WP_044105677.1
OG0000891	WP_009543486.1	WP_044106653.1
OG0000892	WP_009543473.1	WP_044106707.1
OG0000893	WP_009545463.1	WP_044105491.1
OG0000894	WP_009545464.1	WP_044106600.1
OG0000895	WP_009545465.1	WP_044106601.1
OG0000896	WP_009545466.1	WP_044106602.1
OG0000897	WP_009543335.1	WP_044105727.1
OG0000898	WP_009544367.1	WP_044107079.1
OG0000899	WP_009544336.1	WP_044107515.1
OG0000900	WP_009544335.1	WP_044105670.1
OG0000901	WP_009544333.1	WP_044106987.1
OG0000902	WP_009544332.1	WP_044106988.1
OG0000903	WP_009545778.1	WP_044107163.1
OG0000904	WP_009545779.1	WP_044107165.1
OG0000905	WP_009544159.1	WP_044107494.1
OG0000906	WP_009544158.1	WP_044107492.1
OG0000907	WP_009546855.1	WP_171816452.1
OG0000908	WP_009547707.1	WP_044106623.1
OG0000909	WP_009545932.1	WP_044107151.1
OG0000910	WP_009545412.1	WP_044106392.1
OG0000911	WP_009544445.1	WP_044107169.1
OG0000912	WP_009543181.1	WP_044106008.1
OG0000913	WP_009545243.1	WP_044106432.1
OG0000914	WP_009544233.1	WP_044106091.1
OG0000915	WP_009544231.1	WP_044106389.1
OG0000916	WP_009544403.1	WP_044106483.1
OG0000917	WP_024750272.1	WP_044105777.1
OG0000918	WP_009545892.1	WP_044106417.1
OG0000919	WP_009547607.1	WP_044106859.1
OG0000920	WP_009547604.1	WP_145972272.1
OG0000921	WP_009545030.1	WP_044107243.1
OG0000922	WP_009545031.1	WP_044107101.1
OG0000923	WP_009544476.1	WP_044107557.1
OG0000924	WP_009547705.1	WP_044107635.1
OG0000925	WP_009547395.1	WP_044106399.1
OG0000926	WP_009547401.1	WP_044106778.1
OG0000927	WP_009546886.1	WP_044106861.1
OG0000928	WP_009543946.1	WP_044106192.1
OG0000929	WP_009547086.1	WP_044107617.1
OG0000930	WP_009546495.1	WP_044107056.1
OG0000931	WP_009546787.1	WP_044106235.1
OG0000932	WP_009546874.1	WP_044107370.1
OG0000933	WP_009547070.1	WP_044105901.1
OG0000934	WP_009546080.1	WP_044107540.1
OG0000935	WP_009545641.1	WP_044106396.1
OG0000936	WP_009546146.1	WP_044106071.1
OG0000937	WP_009547023.1	WP_044107411.1
OG0000938	WP_012361592.1	WP_044106862.1
OG0000939	WP_009544565.1	WP_044105997.1
OG0000940	WP_009546135.1	WP_044107612.1
OG0000941	WP_009543069.1	WP_044106344.1
OG0000942	WP_009546623.1	WP_044105659.1
OG0000943	WP_009544496.1	WP_044106145.1
OG0000944	WP_024750310.1	WP_044106842.1
OG0000945	WP_009543226.1	WP_044107306.1
OG0000946	WP_009546949.1	WP_044107637.1
OG0000947	WP_024750316.1	WP_232509829.1
OG0000948	WP_009546644.1	WP_044107029.1
OG0000949	WP_009546648.1	WP_044107024.1
OG0000950	WP_009543590.1	WP_044106579.1
OG0000951	WP_009543358.1	WP_044105797.1
OG0000952	WP_009546781.1	WP_044107475.1
OG0000953	WP_009543425.1	WP_044107187.1
OG0000954	WP_009544534.1	WP_044107048.1
OG0000955	WP_009543769.1	WP_044105704.1
OG0000956	WP_009545627.1	WP_044107000.1
OG0000957	WP_009546096.1	WP_232509832.1
OG0000958	WP_035857453.1	WP_232509885.1
OG0000959	WP_009546029.1	WP_044106955.1
OG0000960	WP_009543092.1	WP_044107244.1
OG0000961	WP_009543871.1	WP_044106051.1
OG0000962	WP_009546056.1	WP_044105742.1
OG0000964	WP_009547807.1	WP_044106901.1
OG0000965	WP_009545410.1	WP_044107325.1
OG0000966	WP_009543471.1	WP_044107162.1
OG0000967	WP_009545780.1	WP_044107166.1
OG0000968	WP_009545032.1	WP_044107103.1
OG0000969	WP_009544245.1	WP_044106737.1
OG0000970	WP_009545616.1	WP_044106708.1
OG0000971	WP_009545604.1	WP_044107143.1
OG0000972	WP_009545101.1	WP_044106880.1
OG0000973	WP_009543789.1	WP_044106166.1
OG0000974	WP_009546721.1	WP_044107260.1
OG0000975	WP_009543705.1	WP_044106589.1
OG0000976	WP_009545986.1	WP_044106193.1
OG0000977	WP_009547597.1	WP_232509917.1
OG0000978	WP_009545086.1	WP_044105683.1
OG0000979	WP_009544288.1	WP_044106266.1
OG0000980	WP_009544171.1	WP_044105774.1
OG0000981	WP_009543940.1	WP_044106169.1
OG0000982	WP_009544526.1	WP_044107156.1
OG0000983	WP_009546647.1	WP_044107025.1
OG0000984	WP_009547649.1	WP_044107391.1
OG0000985	WP_009545008.1	WP_044107264.1
OG0000986	WP_024750289.1	WP_044106834.1
OG0000987	WP_009543426.1	WP_044106397.1
OG0000988	WP_009543217.1	WP_044107344.1
OG0000989	WP_009544537.1	WP_044106303.1
OG0000990	WP_009544334.1	WP_044105671.1
OG0000991	WP_009546144.1	WP_044106070.1
OG0000992	WP_012362401.1	WP_044106401.1
OG0000993	WP_243397439.1	WP_044106559.1
OG0000994	WP_009544389.1	WP_044106855.1
OG0000995	WP_009544279.1	WP_044107347.1
OG0000996	WP_009547406.1	WP_044105639.1
OG0000997	WP_009545891.1	WP_044107605.1
OG0000998	WP_009545479.1	WP_084220182.1
OG0000999	WP_009544115.1	WP_084220192.1
OG0001000	WP_009547598.1	WP_044107471.1
OG0001001	WP_009543847.1	WP_232509893.1
OG0001002	WP_009543948.1	WP_044106188.1
OG0001003	WP_009543343.1	WP_044105810.1
OG0001004	WP_009543738.1	WP_145972231.1
OG0001005	WP_009546057.1	WP_044105740.1
OG0001006	WP_009543027.1	WP_044106072.1
OG0001007	WP_009544189.1	WP_232509824.1
OG0001008	WP_009547399.1	WP_044106780.1
OG0001009	WP_012362203.1	WP_044106060.1
OG0001010	WP_009543091.1	WP_044107322.1
OG0001011	WP_198019429.1	WP_044107691.1
OG0001012	WP_024750258.1	WP_044107703.1
OG0001013	WP_009545124.1	WP_044106647.1
OG0001014	WP_009544000.1	WP_044105864.1
OG0001015	WP_009543117.1	WP_232509839.1
OG0001016	WP_009546125.1	WP_044105830.1
OG0001017	WP_009547266.1	WP_232509909.1
OG0001018	WP_009543154.1	WP_044106367.1
OG0001019	WP_009544413.1	WP_171816435.1
OG0001020	WP_009544215.1	WP_232509864.1
OG0001021	WP_009544970.1	WP_044105735.1
OG0001022	WP_012361452.1	WP_044106570.1
OG0001023	WP_009547217.1	WP_044107425.1
OG0001024	WP_009545577.1	WP_044107005.1
OG0001025	WP_009545614.1	WP_084220228.1
OG0001026	WP_009546684.1	WP_044105561.1
OG0001027	WP_009544852.1	WP_044105966.1
OG0001028	WP_009547666.1	WP_232509888.1, WP_171816438.1
OG0001029	WP_009547233.1	WP_044107272.1
OG0001030	WP_243397413.1	WP_232509916.1
OG0001031	WP_024750195.1	WP_232509898.1
OG0001032	WP_008277872.1	WP_044107417.1
OG0001033	WP_009546752.1	WP_044107567.1
OG0001034	WP_012361974.1	WP_044105716.1
OG0001035	WP_009546609.1	WP_044106478.1
OG0001036	WP_009546880.1	WP_171816459.1
OG0001039	WP_009546073.1, WP_009546352.1, WP_009543196.1	WP_044107078.1
OG0001042	WP_009545362.1, WP_009543223.1	WP_044106659.1
OG0001051	WP_009546429.1, WP_009543808.1, WP_009544259.1	WP_044106767.1
OG0001053	WP_009545121.1	WP_044106405.1
OG0001054	WP_009545602.1	WP_044107674.1
OG0001056	WP_243397331.1, WP_009544069.1, WP_009546380.1	WP_044106807.1
OG0001061	WP_009545685.1, WP_009544810.1	WP_044107287.1
OG0001064	WP_009547410.1	WP_044105486.1
OG0001066	WP_024750168.1, WP_009545950.1	WP_044106726.1
OG0001068	WP_009547511.1, WP_009546089.1	WP_070104599.1
OG0001073	WP_009546778.1	WP_171816431.1
OG0001074	WP_024750160.1	WP_044105995.1
OG0001086	WP_009546521.1	WP_044106917.1
OG0001089	WP_009544914.1	WP_044105793.1
OG0001090	WP_009546750.1	WP_044106203.1
OG0001093	WP_009545445.1	WP_232509881.1
OG0001098	WP_009546068.1	WP_084220217.1
OG0001099	WP_009546822.1	WP_044106381.1
OG0001100	WP_009545886.1	WP_145972238.1
OG0001114	WP_009545438.1	WP_044105664.1
OG0001118	WP_009545308.1	WP_044107130.1
OG0001120	WP_009544832.1	WP_044106497.1
OG0001123	WP_009544951.1	WP_044105522.1
OG0001128	WP_243397345.1	WP_145972232.1
OG0001130	WP_009545369.1	WP_145972240.1
OG0001131	WP_009546472.1	WP_084220225.1
OG0001133	WP_009545075.1	WP_145972235.1
OG0001142	WP_008275518.1	WP_145972282.1
OG0001146	WP_009543481.1	WP_044107363.1
OG0001150	WP_007307341.1	WP_044106424.1
OG0001152	WP_009543165.1, WP_009546654.1	WP_044107015.1
OG0001153	WP_009546397.1, WP_009543167.1	WP_044107402.1
OG0001154	WP_009543180.1	WP_232509844.1
OG0001156	WP_009543271.1, WP_009547443.1	WP_044106306.1
OG0001157	WP_009544536.1, WP_009543318.1	WP_044106302.1
OG0001160	WP_009547699.1, WP_009543357.1	WP_044106528.1
OG0001163	WP_009543439.1	WP_052470627.1
OG0001164	WP_009543826.1, WP_009543522.1	WP_044106615.1
OG0001165	WP_009543537.1, WP_009546830.1	WP_044107331.1
OG0001166	WP_009543555.1, WP_009547498.1	WP_044105894.1
OG0001167	WP_009543560.1	WP_044105509.1
OG0001169	WP_009543601.1	WP_044106498.1
OG0001174	WP_009543757.1	WP_171816369.1, WP_052470602.1
OG0001178	WP_009543813.1, WP_009546424.1, WP_009543815.1	WP_044106762.1
OG0001179	WP_009543843.1	WP_044105538.1
OG0001180	WP_009543887.1	WP_044106030.1
OG0001181	WP_009543971.1, WP_009543926.1	WP_171816405.1
OG0001183	WP_009544004.1	WP_044107457.1
OG0001187	WP_009544108.1	WP_044107075.1
OG0001188	WP_009544161.1	WP_052470629.1, WP_044107081.1
OG0001189	WP_009544180.1	WP_044106895.1
OG0001190	WP_009544195.1	WP_171816397.1
OG0001193	WP_009544414.1	WP_044105650.1
OG0001194	WP_009545349.1, WP_009544487.1	WP_044107251.1
OG0001195	WP_009544875.1, WP_009544563.1	WP_044106756.1
OG0001197	WP_009544646.1	WP_044107413.1
OG0001198	WP_009544873.1, WP_009544651.1	WP_044107241.1
OG0001199	WP_009544744.1, WP_009545251.1	WP_232509859.1
OG0001200	WP_009547154.1, WP_009544752.1	WP_044105808.1
OG0001201	WP_009544757.1	WP_232509816.1, WP_232509817.1
OG0001202	WP_009544876.1	WP_044105875.1
OG0001203	WP_009544896.1	WP_044106520.1
OG0001204	WP_009544904.1	WP_044106588.1
OG0001205	WP_009544959.1	WP_044105805.1
OG0001208	WP_009545096.1	WP_044106782.1, WP_044106784.1
OG0001209	WP_009545112.1	WP_044107358.1
OG0001212	WP_009546148.1, WP_009545181.1	WP_044107099.1
OG0001213	WP_009545231.1, WP_009547557.1	WP_044105528.1
OG0001216	WP_009546093.1, WP_009545407.1	WP_044106568.1
OG0001217	WP_009545456.1	WP_044106801.1
OG0001218	WP_009545461.1	WP_044106915.1
OG0001219	WP_009547044.1	WP_232509819.1
OG0001221	WP_009545613.1	WP_044107341.1
OG0001222	WP_009545655.1	WP_044105924.1
OG0001223	WP_009545686.1, WP_009547050.1	WP_044107288.1
OG0001224	WP_009545802.1	WP_044106823.1
OG0001225	WP_009545804.1	WP_171816416.1
OG0001229	WP_009546039.1, WP_024750388.1	WP_044106484.1
OG0001230	WP_009546120.1	WP_044106083.1
OG0001233	WP_009546396.1, WP_009546655.1	WP_044107014.1
OG0001235	WP_009546456.1, WP_182670753.1	WP_148311208.1
OG0001236	WP_009546513.1	WP_044106173.1
OG0001237	WP_009546515.1	WP_044106175.1
OG0001238	WP_009546522.1, WP_243397414.1	WP_171816422.1
OG0001239	WP_009546548.1	WP_044107421.1
OG0001240	WP_009546550.1	WP_044107139.1
OG0001241	WP_009546582.1	WP_044107374.1
OG0001242	WP_009546635.1	WP_171816358.1
OG0001243	WP_009546735.1	WP_044107311.1
OG0001244	WP_009547748.1, WP_009546772.1	WP_044106508.1
OG0001245	WP_009546885.1	WP_044106860.1
OG0001246	WP_009546920.1	WP_044107106.1
OG0001247	WP_009547074.1	WP_044106636.1
OG0001248	WP_009547115.1	WP_052470639.1
OG0001249	WP_009547158.1	WP_044106857.1
OG0001250	WP_009547375.1	WP_044105693.1
OG0001252	WP_009547461.1	WP_232509878.1
OG0001254	WP_009547623.1	WP_044106176.1
OG0001255	WP_009547648.1	WP_044106671.1
OG0001256	WP_009547827.1	WP_044106829.1
OG0001262	WP_041231759.1	WP_044106824.1
OG0001263	WP_071818238.1, WP_243397342.1	WP_232509857.1
OG0001264	WP_198019415.1	WP_052470615.1, WP_044106213.1
OG0001265	WP_243397322.1	WP_044105748.1
OG0001266	WP_243397329.1	WP_052470635.1
OG0001283	WP_009545906.1	WP_044107506.1
OG0001320	WP_008275442.1	WP_044105872.1
OG0001321	WP_008276509.1	WP_084220164.1
OG0001322	WP_008277089.1	WP_044106667.1
OG0001323	WP_009543034.1	WP_044106445.1
OG0001324	WP_009543035.1	WP_044106442.1
OG0001325	WP_009543041.1	WP_044106935.1
OG0001326	WP_009543042.1	WP_044106933.1
OG0001327	WP_009543049.1	WP_044105484.1
OG0001328	WP_009543050.1	WP_044105481.1
OG0001331	WP_009543087.1	WP_044106122.1
OG0001334	WP_009543112.1	WP_044107124.1
OG0001335	WP_009543115.1	WP_044106502.1
OG0001336	WP_009543116.1	WP_044105829.1
OG0001337	WP_009543124.1	WP_044105935.1
OG0001340	WP_009543138.1	WP_044106940.1
OG0001342	WP_009543176.1	WP_084220187.1
OG0001345	WP_009543204.1	WP_044107332.1
OG0001346	WP_009543211.1	WP_044106892.1
OG0001347	WP_009543218.1	WP_044107345.1
OG0001348	WP_009543230.1	WP_044106271.1
OG0001349	WP_009543232.1	WP_044107180.1
OG0001351	WP_009543239.1	WP_044107384.1
OG0001356	WP_009543287.1	WP_044106504.1
OG0001357	WP_009543300.1	WP_044106110.1
OG0001359	WP_009543314.1	WP_044106535.1
OG0001362	WP_009543346.1	WP_044107177.1
OG0001363	WP_009543347.1	WP_044107339.1
OG0001364	WP_009543365.1	WP_044106329.1
OG0001365	WP_009543367.1	WP_044105779.1
OG0001366	WP_009543376.1	WP_044106278.1
OG0001368	WP_009543433.1	WP_044106575.1
OG0001369	WP_009543438.1	WP_044107189.1
OG0001370	WP_009543449.1	WP_044105831.1
OG0001371	WP_009543455.1	WP_044106150.1
OG0001373	WP_009543467.1	WP_044106309.1
OG0001374	WP_009543483.1	WP_044105956.1
OG0001377	WP_009543544.1	WP_044107160.1
OG0001378	WP_009543567.1	WP_044107638.1
OG0001380	WP_009543572.1	WP_044106377.1
OG0001382	WP_009543588.1	WP_044106001.1
OG0001384	WP_009543603.1	WP_044105928.1
OG0001386	WP_009543622.1	WP_044107076.1
OG0001387	WP_009543633.1	WP_044107503.1
OG0001388	WP_009543639.1	WP_044105675.1
OG0001389	WP_009543649.1	WP_044106016.1
OG0001390	WP_009543663.1	WP_044106147.1
OG0001393	WP_009543681.1	WP_044107307.1
OG0001396	WP_009543706.1	WP_044107615.1
OG0001397	WP_009543707.1	WP_044106140.1
OG0001398	WP_009543720.1	WP_044105760.1
OG0001399	WP_009543721.1	WP_044105762.1
OG0001400	WP_009543729.1	WP_145972256.1
OG0001402	WP_009543768.1	WP_171816439.1
OG0001403	WP_009543774.1	WP_044106002.1
OG0001404	WP_009543780.1	WP_044105802.1
OG0001406	WP_009543794.1	WP_232509907.1
OG0001407	WP_009543795.1	WP_044107463.1
OG0001408	WP_009546428.1, WP_009543809.1	WP_044106765.1
OG0001409	WP_009543810.1, WP_009546427.1	WP_084220199.1
OG0001410	WP_009546426.1, WP_009543811.1	WP_044106764.1
OG0001411	WP_009543812.1, WP_009546425.1	WP_044106763.1
OG0001413	WP_009543828.1	WP_044107704.1
OG0001414	WP_009543846.1	WP_044105544.1
OG0001418	WP_009543899.1	WP_044107247.1
OG0001419	WP_009543901.1	WP_044106721.1
OG0001420	WP_009543913.1	WP_044106749.1
OG0001421	WP_009543916.1	WP_044106254.1
OG0001422	WP_009543922.1	WP_044107071.1
OG0001423	WP_009543962.1	WP_232509843.1
OG0001425	WP_009543998.1	WP_044106385.1
OG0001426	WP_009543999.1	WP_044106386.1
OG0001427	WP_009544011.1	WP_044106719.1
OG0001431	WP_009544039.1	WP_044107453.1
OG0001432	WP_009544040.1	WP_044107451.1
OG0001436	WP_009545000.1, WP_009544092.1	WP_044106207.1
OG0001437	WP_009544093.1	WP_044106899.1
OG0001438	WP_009544098.1	WP_044107631.1
OG0001441	WP_009544117.1	WP_084220194.1
OG0001443	WP_009544150.1	WP_044105607.1
OG0001444	WP_009544151.1	WP_044106316.1
OG0001445	WP_009544157.1	WP_044105466.1
OG0001448	WP_009544172.1	WP_044105746.1
OG0001449	WP_009544186.1	WP_044106758.1
OG0001452	WP_009544227.1	WP_044106561.1
OG0001453	WP_009544230.1	WP_044106959.1
OG0001454	WP_009544235.1	WP_044106093.1
OG0001455	WP_009544240.1	WP_044107479.1
OG0001457	WP_009544254.1	WP_044106939.1
OG0001458	WP_009544262.1	WP_084220169.1
OG0001459	WP_009544268.1	WP_044107356.1
OG0001460	WP_009544269.1	WP_044107354.1
OG0001461	WP_009544270.1	WP_044107352.1
OG0001462	WP_009544282.1	WP_044107277.1
OG0001466	WP_009544319.1	WP_044107088.1
OG0001468	WP_009544339.1	WP_044107480.1
OG0001469	WP_009544341.1	WP_044107482.1
OG0001471	WP_009544361.1	WP_232509845.1, WP_232509846.1
OG0001472	WP_009544363.1	WP_044106873.1
OG0001473	WP_009544375.1	WP_044106730.1
OG0001474	WP_009544376.1	WP_044106731.1
OG0001478	WP_009544411.1	WP_044106481.1
OG0001479	WP_009544416.1	WP_044105897.1
OG0001480	WP_009544417.1	WP_044105898.1
OG0001481	WP_009544419.1	WP_145972254.1
OG0001482	WP_009544434.1	WP_044105848.1
OG0001484	WP_009544443.1	WP_044107170.1
OG0001485	WP_009544452.1	WP_171816466.1
OG0001486	WP_009544454.1	WP_052470649.1
OG0001487	WP_009544470.1	WP_044106249.1
OG0001488	WP_009544475.1	WP_044105984.1
OG0001489	WP_009544499.1	WP_044106715.1
OG0001490	WP_009544504.1	WP_044107368.1
OG0001491	WP_009544505.1	WP_044105919.1
OG0001492	WP_009544506.1	WP_044105917.1
OG0001493	WP_009544521.1	WP_044106480.1
OG0001494	WP_009544530.1	WP_044106840.1
OG0001495	WP_009544532.1	WP_044106838.1
OG0001496	WP_024750347.1, WP_009544538.1	WP_052470599.1
OG0001497	WP_009544588.1	WP_044106126.1
OG0001498	WP_009544609.1	WP_044106903.1
OG0001499	WP_009544610.1	WP_044106905.1
OG0001500	WP_009544612.1	WP_044106391.1
OG0001501	WP_009544627.1	WP_044106849.1
OG0001504	WP_009544665.1	WP_044106929.1
OG0001505	WP_009544669.1	WP_044107132.1
OG0001507	WP_009544679.1	WP_044107186.1
OG0001508	WP_009544694.1	WP_044106604.1
OG0001510	WP_009544710.1	WP_171816408.1
OG0001514	WP_009544739.1	WP_070104601.1
OG0001516	WP_009544776.1	WP_232509882.1
OG0001517	WP_009544812.1	WP_044105703.1
OG0001518	WP_009544828.1	WP_044106120.1
OG0001519	WP_009544831.1	WP_171816372.1
OG0001521	WP_009544840.1	WP_044105957.1
OG0001522	WP_009544851.1	WP_044106327.1
OG0001523	WP_009544859.1	WP_044105721.1
OG0001525	WP_009544901.1	WP_044107218.1
OG0001526	WP_009544907.1	WP_044106252.1
OG0001527	WP_009544915.1	WP_044105794.1
OG0001528	WP_009544922.1	WP_044107096.1
OG0001529	WP_009544925.1	WP_044106844.1
OG0001530	WP_009544938.1	WP_044107190.1
OG0001531	WP_009544944.1	WP_044106562.1
OG0001532	WP_009544946.1	WP_044105912.1
OG0001535	WP_009544953.1	WP_044106571.1
OG0001536	WP_009544956.1	WP_044106538.1
OG0001537	WP_009544962.1	WP_044105697.1
OG0001538	WP_009544963.1	WP_044105698.1
OG0001539	WP_009544987.1	WP_044106879.1
OG0001540	WP_009544994.1	WP_044106668.1
OG0001541	WP_009544995.1	WP_044106665.1
OG0001542	WP_009545010.1	WP_044107357.1
OG0001543	WP_009545024.1	WP_044107202.1
OG0001544	WP_009545027.1	WP_044105882.1
OG0001545	WP_009545029.1	WP_044107545.1
OG0001548	WP_009545087.1	WP_044106500.1
OG0001549	WP_009545092.1	WP_052470613.1
OG0001550	WP_009545102.1	WP_044106507.1
OG0001551	WP_009545104.1	WP_232509927.1
OG0001552	WP_009545126.1	WP_232509825.1
OG0001554	WP_009545146.1	WP_044107702.1
OG0001555	WP_009545148.1	WP_044106212.1
OG0001556	WP_009545149.1	WP_145972226.1
OG0001557	WP_009545155.1	WP_232509877.1
OG0001558	WP_009545167.1	WP_044105644.1
OG0001559	WP_009545170.1	WP_044106201.1
OG0001560	WP_009545171.1	WP_044106202.1
OG0001562	WP_009545197.1	WP_044107112.1
OG0001563	WP_009545198.1	WP_044107111.1
OG0001564	WP_009545199.1	WP_044107110.1
OG0001565	WP_009545200.1	WP_044107109.1
OG0001566	WP_009545202.1	WP_044105977.1
OG0001568	WP_009545210.1	WP_044107406.1
OG0001569	WP_009545220.1	WP_044106331.1
OG0001570	WP_009545222.1	WP_044105709.1
OG0001571	WP_009545223.1	WP_044105707.1
OG0001572	WP_009545254.1	WP_044106338.1
OG0001573	WP_009545266.1	WP_044106796.1
OG0001574	WP_009545268.1	WP_044106795.1
OG0001576	WP_009545300.1	WP_044105769.1
OG0001577	WP_009545302.1	WP_044106790.1
OG0001578	WP_009545314.1	WP_044107577.1
OG0001579	WP_009545326.1	WP_044105881.1
OG0001580	WP_009545327.1	WP_044105880.1
OG0001581	WP_009545328.1	WP_044105879.1
OG0001582	WP_009545329.1	WP_044106830.1
OG0001583	WP_009545343.1	WP_044105939.1
OG0001585	WP_009545366.1	WP_044106075.1
OG0001587	WP_009545381.1	WP_044106971.1
OG0001588	WP_009545405.1	WP_044106196.1
OG0001589	WP_009545424.1	WP_044107158.1
OG0001590	WP_009545441.1	WP_044107512.1
OG0001593	WP_009545470.1	WP_044106760.1
OG0001594	WP_009545485.1	WP_145972229.1
OG0001595	WP_009545502.1	WP_171816411.1
OG0001596	WP_009545507.1	WP_044106641.1
OG0001599	WP_009545553.1	WP_044107183.1
OG0001600	WP_009545565.1	WP_044107093.1
OG0001601	WP_009545569.1	WP_044107509.1
OG0001602	WP_009545575.1	WP_044106820.1
OG0001603	WP_009545589.1	WP_044106638.1
OG0001604	WP_009545590.1	WP_044107275.1
OG0001605	WP_009545592.1	WP_044106515.1
OG0001606	WP_009545595.1	WP_044107146.1
OG0001607	WP_009545623.1	WP_044107655.1
OG0001608	WP_009545658.1	WP_044106931.1
OG0001609	WP_009545669.1	WP_171816377.1
OG0001610	WP_009545682.1	WP_044107318.1
OG0001611	WP_009545707.1	WP_044106067.1
OG0001612	WP_009545710.1	WP_044107549.1
OG0001613	WP_009545714.1	WP_044107394.1
OG0001614	WP_009545723.1	WP_044106724.1
OG0001616	WP_009545726.1	WP_044106485.1
OG0001617	WP_009545752.1	WP_171816423.1
OG0001619	WP_009545769.1	WP_044105999.1
OG0001621	WP_009545789.1	WP_044107338.1
OG0001622	WP_009545801.1	WP_232509884.1
OG0001624	WP_009545839.1	WP_044105730.1
OG0001626	WP_009545854.1	WP_044106531.1
OG0001628	WP_009545858.1	WP_044106732.1
OG0001629	WP_009545861.1	WP_044107465.1
OG0001630	WP_009545874.1	WP_232509910.1
OG0001631	WP_009545884.1	WP_044106649.1
OG0001632	WP_009545885.1	WP_044106650.1
OG0001634	WP_009545907.1	WP_044105929.1
OG0001636	WP_009545928.1	WP_044107303.1
OG0001637	WP_009545961.1	WP_044106645.1
OG0001638	WP_009545977.1	WP_232509904.1
OG0001639	WP_009545978.1	WP_044105951.1
OG0001640	WP_009546030.1	WP_044105803.1
OG0001642	WP_009546034.1	WP_044107057.1
OG0001643	WP_009546042.1	WP_044107434.1
OG0001645	WP_009546049.1	WP_044106511.1
OG0001646	WP_009546059.1	WP_044105860.1
OG0001647	WP_009546060.1	WP_044105859.1
OG0001648	WP_009546066.1	WP_044106436.1
OG0001649	WP_009546072.1	WP_044105749.1
OG0001650	WP_009546075.1	WP_044106995.1
OG0001651	WP_009546076.1	WP_195910196.1
OG0001652	WP_009546077.1	WP_044107538.1
OG0001653	WP_009546124.1	WP_044105795.1
OG0001654	WP_009546128.1	WP_044105843.1
OG0001655	WP_009546131.1	WP_044105844.1
OG0001659	WP_009546812.1, WP_009546349.1	WP_171816360.1
OG0001661	WP_009546447.1	WP_044106810.1
OG0001662	WP_009546453.1	WP_044106459.1
OG0001663	WP_009546480.1	WP_044106909.1
OG0001664	WP_009546483.1	WP_044106688.1
OG0001665	WP_009546484.1	WP_044106788.1
OG0001666	WP_009546497.1	WP_044107429.1
OG0001667	WP_009546503.1	WP_044107119.1
OG0001669	WP_009546512.1	WP_232509840.1
OG0001670	WP_009546514.1	WP_044106174.1
OG0001671	WP_009546525.1	WP_044106973.1
OG0001672	WP_009546538.1	WP_044106352.1
OG0001673	WP_009546552.1	WP_084220173.1
OG0001674	WP_009546561.1	WP_044105618.1
OG0001675	WP_009546566.1	WP_044107304.1
OG0001676	WP_009546612.1	WP_044106981.1
OG0001678	WP_009546628.1	WP_044107042.1
OG0001679	WP_009546632.1	WP_044107037.1
OG0001680	WP_009546646.1	WP_044107026.1
OG0001681	WP_009546653.1	WP_044107018.1
OG0001682	WP_009546656.1	WP_044107013.1
OG0001683	WP_009546670.1	WP_044107650.1
OG0001684	WP_009546679.1	WP_044105571.1
OG0001685	WP_009546680.1	WP_044105821.1
OG0001686	WP_009546703.1	WP_044106354.1
OG0001687	WP_009546717.1	WP_171816373.1
OG0001688	WP_009546725.1	WP_044105717.1
OG0001689	WP_009546726.1	WP_232509827.1
OG0001690	WP_009546728.1	WP_044105865.1
OG0001691	WP_009546743.1	WP_044107233.1
OG0001693	WP_009546763.1	WP_044106800.1
OG0001694	WP_009546775.1	WP_044106837.1
OG0001695	WP_009546776.1	WP_044105970.1
OG0001698	WP_009546801.1	WP_044105635.1
OG0001699	WP_009546806.1	WP_044106960.1
OG0001700	WP_009546808.1	WP_044105817.1
OG0001701	WP_009546873.1	WP_044106275.1
OG0001702	WP_009546879.1	WP_044106182.1
OG0001703	WP_009546882.1	WP_044106674.1
OG0001704	WP_009546954.1	WP_044106425.1
OG0001705	WP_009546964.1	WP_044105519.1
OG0001706	WP_009546968.1	WP_044106885.1
OG0001707	WP_009546973.1	WP_044106580.1
OG0001708	WP_009546977.1	WP_044105841.1
OG0001709	WP_009546980.1	WP_044106949.1
OG0001711	WP_009546995.1	WP_044107502.1
OG0001713	WP_009547020.1	WP_044106769.1
OG0001714	WP_009547087.1	WP_044106594.1
OG0001715	WP_009547103.1	WP_044106320.1
OG0001716	WP_009547106.1	WP_044107676.1
OG0001717	WP_009547107.1	WP_044106149.1
OG0001718	WP_009547110.1	WP_044106319.1
OG0001719	WP_009547113.1	WP_044106961.1
OG0001720	WP_009547126.1	WP_044105857.1
OG0001721	WP_009547128.1	WP_044106911.1
OG0001723	WP_009547138.1	WP_044106388.1
OG0001724	WP_009547149.1	WP_171816429.1
OG0001725	WP_009547153.1	WP_044107239.1
OG0001726	WP_009547179.1	WP_044106648.1
OG0001727	WP_009547193.1	WP_044106334.1
OG0001728	WP_009547203.1	WP_044105948.1
OG0001729	WP_009547204.1	WP_044107559.1
OG0001730	WP_009547208.1	WP_044107388.1
OG0001731	WP_009547209.1	WP_044107386.1
OG0001732	WP_009547211.1	WP_044106614.1
OG0001733	WP_009547214.1	WP_044106547.1
OG0001734	WP_009547228.1	WP_044106811.1
OG0001735	WP_009547265.1	WP_044107067.1
OG0001736	WP_009547328.1	WP_044106975.1
OG0001737	WP_009547329.1	WP_044106943.1
OG0001738	WP_009547341.1	WP_044105781.1
OG0001739	WP_009547343.1	WP_044106006.1
OG0001740	WP_009547344.1	WP_044106005.1
OG0001741	WP_009547348.1	WP_044107359.1
OG0001742	WP_009547356.1	WP_044106268.1
OG0001743	WP_009547363.1	WP_044106773.1
OG0001744	WP_009547368.1	WP_044106584.1
OG0001745	WP_009547378.1	WP_052470610.1
OG0001746	WP_009547387.1	WP_044107172.1
OG0001747	WP_009547394.1	WP_044107153.1
OG0001748	WP_009547408.1	WP_044106244.1
OG0001749	WP_009547419.1	WP_044106806.1
OG0001750	WP_009547420.1	WP_044106805.1
OG0001751	WP_009547425.1	WP_044107248.1
OG0001753	WP_009547450.1	WP_044106573.1
OG0001754	WP_009547456.1	WP_044106652.1
OG0001755	WP_009547465.1	WP_044106404.1
OG0001756	WP_009547508.1	WP_171816418.1
OG0001757	WP_009547509.1	WP_044107649.1
OG0001758	WP_009547593.1	WP_232509869.1
OG0001759	WP_009547594.1	WP_044106815.1
OG0001760	WP_009547595.1	WP_044106814.1
OG0001761	WP_009547602.1	WP_044107595.1
OG0001762	WP_009547616.1	WP_044105869.1
OG0001763	WP_009547636.1	WP_044105789.1
OG0001764	WP_009547652.1	WP_232509890.1
OG0001765	WP_009547669.1	WP_044106552.1
OG0001766	WP_009547673.1	WP_044106451.1
OG0001767	WP_009547674.1	WP_044106453.1
OG0001768	WP_009547694.1	WP_044106626.1
OG0001769	WP_009547700.1	WP_044105785.1
OG0001770	WP_009547755.1	WP_044106681.1
OG0001771	WP_009547759.1	WP_171816436.1
OG0001772	WP_009547763.1	WP_044107399.1
OG0001774	WP_009547808.1	WP_044105624.1
OG0001775	WP_009547809.1	WP_044106118.1
OG0001776	WP_009547821.1	WP_171816441.1, WP_171816442.1
OG0001777	WP_009547826.1	WP_044106335.1
OG0001778	WP_009547913.1	WP_044106952.1
OG0001779	WP_009547915.1	WP_044106017.1
OG0001780	WP_009547916.1	WP_044105931.1
OG0001781	WP_009547921.1	WP_044106486.1
OG0001782	WP_009548016.1	WP_044107064.1
OG0001783	WP_009548018.1	WP_044105455.1
OG0001784	WP_012361328.1	WP_044106686.1
OG0001785	WP_012361382.1	WP_044106280.1
OG0001786	WP_012361474.1	WP_044105633.1
OG0001787	WP_012361763.1	WP_044107491.1
OG0001788	WP_012361771.1	WP_044105998.1
OG0001789	WP_012361913.1	WP_044107693.1
OG0001790	WP_012361925.1	WP_084220191.1
OG0001791	WP_012362008.1	WP_044107361.1
OG0001792	WP_012362013.1	WP_232509867.1
OG0001793	WP_012362110.1	WP_044106292.1
OG0001794	WP_012362124.1	WP_044106332.1
OG0001796	WP_012362190.1	WP_070104596.1
OG0001797	WP_012362234.1	WP_044107228.1
OG0001798	WP_024750127.1	WP_044106144.1
OG0001799	WP_024750131.1	WP_044107369.1
OG0001800	WP_024750183.1	WP_044105629.1
OG0001801	WP_024750206.1	WP_044105619.1
OG0001802	WP_024750221.1	WP_044106932.1
OG0001803	WP_024750224.1	WP_044106954.1
OG0001805	WP_024750274.1	WP_044105547.1
OG0001806	WP_024750306.1	WP_044105913.1
OG0001807	WP_024750307.1	WP_044107683.1
OG0001808	WP_024750311.1	WP_232509880.1
OG0001810	WP_024750343.1	WP_044105866.1
OG0001811	WP_024750352.1	WP_044107292.1
OG0001812	WP_035857537.1	WP_044106557.1
OG0001814	WP_071818235.1	WP_044106593.1
OG0001815	WP_198019416.1	WP_171816390.1
OG0001816	WP_198019431.1	WP_044105916.1
OG0001817	WP_243397332.1	WP_232509886.1
OG0001818	WP_243397347.1	WP_044106408.1
OG0001819	WP_243397361.1, WP_243397451.1	WP_145972227.1
OG0001820	WP_243397384.1	WP_044107580.1
OG0001822	WP_243397420.1	WP_145972255.1
OG0001846	WP_009543037.1	WP_171816392.1
OG0001848	WP_009543055.1	WP_171816446.1
OG0001855	WP_009543137.1	WP_145972239.1
OG0001857	WP_009543201.1	WP_171816393.1
OG0001880	WP_009543502.1	WP_084220226.1
OG0001886	WP_009543623.1	WP_171816359.1
OG0001897	WP_009543837.1	WP_052470651.1
OG0001900	WP_009543950.1	WP_044106183.1
OG0001919	WP_009544160.1	WP_044105662.1
OG0001962	WP_009544664.1	WP_084220207.1
OG0001964	WP_009544700.1	WP_044105791.1
OG0001998	WP_009545189.1	WP_145972228.1
OG0002008	WP_009545301.1	WP_052470601.1
OG0002009	WP_009545313.1	WP_044107697.1
OG0002014	WP_009545430.1	WP_044106055.1
OG0002024	WP_009545681.1	WP_171816394.1
OG0002030	WP_009545773.1	WP_232509854.1
OG0002047	WP_009546063.1	WP_044105695.1
OG0002054	WP_009546210.1	WP_044105494.1
OG0002068	WP_009546664.1	WP_044107009.1
OG0002070	WP_009546698.1	WP_044106985.1
OG0002076	WP_009546788.1	WP_044105904.1
OG0002078	WP_009546797.1	WP_044106418.1
OG0002081	WP_009546878.1	WP_044106441.1
OG0002090	WP_009547198.1	WP_044107316.1
OG0002091	WP_009547237.1	WP_084220215.1
OG0002092	WP_009547255.1	WP_044107664.1
OG0002097	WP_009547405.1	WP_052470633.1
OG0002099	WP_009547441.1	WP_044106284.1
OG0002100	WP_009547449.1	WP_044107115.1
OG0002102	WP_009547486.1	WP_232509923.1
OG0002108	WP_009547561.1	WP_044105705.1
OG0002110	WP_009547589.1	WP_171816425.1
OG0002126	WP_012361478.1	WP_171816401.1
OG0002129	WP_012362164.1	WP_044106657.1
OG0002132	WP_012362548.1	WP_044105962.1
OG0002141	WP_071818209.1	WP_084220210.1
OG0002142	WP_156922833.1	WP_052470604.1
OG0002373	WP_009543951.1	WP_044106229.1
