Orthogroup	Rippkaea_orientalis_PCC_8801_GCF_000021805.1_protein	cyanobacterium_endosymbiont_of_Braarudosphaera_bigelowii_CPSB-1_GCF_020885515.1_protein
OG0000002	WP_012594306.1	WP_229637470.1
OG0000002	WP_012593393.1	WP_229636895.1
OG0000002	WP_012593409.1, WP_012594749.1	WP_040054326.1
OG0000004	WP_012594919.1	WP_229637575.1
OG0000004	WP_203427746.1	WP_229636898.1
OG0000005	WP_012594914.1	WP_229636863.1
OG0000005	WP_012593970.1	WP_229637646.1
OG0000005	WP_015957337.1	WP_229636901.1
OG0000006	WP_012593655.1	WP_229637299.1
OG0000006	WP_012595157.1	WP_229637682.1
OG0000006	WP_012593979.1	WP_229637040.1
OG0000009	WP_241392710.1	WP_229637718.1
OG0000009	WP_012594295.1	WP_040054735.1
OG0000010	WP_012595805.1	WP_229637188.1
OG0000011	WP_012596523.1	WP_040054185.1
OG0000011	WP_012596524.1	WP_040054186.1
OG0000012	WP_012596142.1, WP_012594471.1, WP_157861323.1, WP_012796780.1	WP_040054202.1
OG0000013	WP_012594400.1	WP_040055025.1, WP_040054568.1
OG0000013	WP_012593716.1	WP_040054550.1
OG0000016	WP_012593760.1	WP_229637191.1
OG0000016	WP_015957439.1	WP_229636910.1
OG0000017	WP_012594218.1, WP_012595624.1	WP_229636979.1
OG0000018	WP_012594879.1	WP_229637316.1
OG0000018	WP_012596839.1	WP_229637064.1
OG0000019	WP_012595938.1	WP_040054889.1
OG0000019	WP_012596598.1	WP_229637377.1
OG0000020	WP_012594334.1	WP_229637398.1
OG0000020	WP_012593861.1, WP_012597235.1	WP_040054446.1
OG0000023	WP_012594825.1	WP_229636896.1
OG0000023	WP_012594459.1	WP_229637634.1
OG0000024	WP_012594128.1	WP_229636849.1
OG0000024	WP_012594863.1	WP_229637201.1
OG0000025	WP_012594546.1	WP_040054455.1
OG0000025	WP_241392701.1	WP_040054938.1
OG0000026	WP_012594333.1	WP_229637397.1
OG0000026	WP_012596082.1	WP_040054535.1
OG0000027	WP_012596303.1, WP_012595814.1	WP_040054460.1
OG0000029	WP_012594738.1	WP_229636955.1
OG0000029	WP_012595625.1	WP_229637558.1
OG0000030	WP_012593771.1	WP_040054680.1
OG0000030	WP_012597010.1	WP_040054617.1
OG0000031	WP_012596199.1	WP_040054966.1
OG0000032	WP_012596416.1	WP_229637118.1
OG0000032	WP_012597073.1	WP_040054980.1
OG0000033	WP_012594695.1	WP_229637658.1
OG0000033	WP_012593929.1	WP_229637681.1
OG0000034	WP_012594532.1	WP_229636836.1
OG0000034	WP_012596119.1	WP_040054706.1
OG0000035	WP_241392715.1	WP_229637715.1
OG0000035	WP_012593750.1	WP_229636860.1
OG0000036	WP_012595422.1	WP_229637270.1
OG0000036	WP_203427679.1	WP_229636891.1
OG0000037	WP_012596483.1	WP_229637109.1
OG0000037	WP_012594303.1	WP_012953946.1
OG0000038	WP_012593581.1	WP_229637120.1
OG0000038	WP_015785396.1	WP_229637395.1
OG0000039	WP_015785241.1, WP_241392603.1	WP_229637186.1
OG0000042	WP_012594469.1	WP_229637328.1
OG0000042	WP_015785216.1	WP_040055095.1
OG0000043	WP_012594033.1, WP_012594202.1	WP_229637679.1
OG0000044	WP_012595098.1, WP_015785270.1, WP_012594479.1	WP_040055050.1
OG0000045	WP_012594193.1	WP_229637225.1
OG0000046	WP_012595612.1, WP_015785163.1	WP_040054829.1
OG0000047	WP_012595503.1, WP_012593998.1	WP_229637368.1
OG0000048	WP_012594781.1	WP_229637417.1
OG0000059	WP_012595567.1	WP_040054316.1
OG0000060	WP_012593905.1	WP_040054387.1
OG0000060	WP_012596047.1	WP_040054640.1
OG0000061	WP_015957341.1	WP_229636765.1
OG0000061	WP_012594290.1	WP_229636775.1
OG0000062	WP_012595942.1, WP_015957441.1	WP_229637285.1
OG0000063	WP_012597266.1, WP_012595665.1	WP_229637071.1
OG0000064	WP_015785140.1, WP_012595400.1	WP_229637737.1
OG0000070	WP_012595832.1, WP_012595002.1	WP_229637501.1
OG0000071	WP_012596454.1, WP_012596462.1, WP_012595988.1	WP_229637566.1
OG0000072	WP_203427683.1, WP_012597036.1	WP_229637620.1
OG0000073	WP_012596709.1	WP_229636879.1
OG0000074	WP_012594005.1	WP_229636926.1
OG0000075	WP_012595418.1, WP_012595329.1	WP_229637097.1
OG0000076	WP_012596716.1	WP_229637729.1
OG0000076	WP_012594955.1	WP_229637162.1
OG0000077	WP_012593430.1, WP_012593761.1	WP_229637193.1
OG0000078	WP_012593764.1	WP_229637197.1
OG0000079	WP_012594259.1, WP_012593427.1, WP_015957296.1	WP_229637235.1
OG0000080	WP_012596919.1	WP_229637431.1
OG0000080	WP_012595549.1	WP_040054345.1
OG0000081	WP_012594445.1	WP_229637409.1
OG0000082	WP_012594042.1, WP_012593415.1	WP_229636940.1
OG0000094	WP_012594920.1, WP_041229691.1	WP_229637576.1
OG0000095	WP_012593703.1	WP_040054784.1
OG0000096	WP_015957414.1, WP_012597268.1	WP_229636838.1
OG0000097	WP_015957364.1	WP_229636851.1
OG0000098	WP_012594114.1	WP_040054223.1
OG0000099	WP_012595319.1, WP_012593637.1, WP_241392626.1	WP_229636878.1
OG0000100	WP_015785162.1	WP_229636928.1
OG0000101	WP_012595482.1	WP_040055029.1
OG0000102	WP_012593820.1, WP_041229573.1, WP_012594581.1	WP_040054934.1
OG0000103	WP_012595522.1, WP_012594660.1	WP_229637037.1
OG0000104	WP_015785086.1	WP_040054741.1
OG0000104	WP_015785087.1	WP_040054740.1
OG0000105	WP_012596179.1, WP_012596178.1	WP_040054356.1
OG0000106	WP_012596108.1, WP_012596398.1	WP_229637252.1
OG0000107	WP_012596485.1, WP_012596486.1	WP_229637374.1
OG0000108	WP_012596917.1	WP_229637437.1
OG0000126	WP_015957418.1, WP_012593865.1	WP_229637513.1
OG0000127	WP_015957401.1, WP_012595439.1	WP_229637527.1
OG0000128	WP_012594763.1	WP_229637528.1
OG0000129	WP_041229730.1, WP_012594805.1	WP_040054663.1
OG0000130	WP_012594988.1	WP_229637559.1
OG0000131	WP_015957321.1, WP_012594691.1	WP_229637560.1
OG0000132	WP_012594366.1	WP_229637563.1
OG0000133	WP_012595989.1	WP_229637565.1
OG0000134	WP_012595984.1	WP_040054677.1
OG0000135	WP_012595644.1	WP_229637577.1
OG0000136	WP_012595479.1	WP_229637609.1
OG0000137	WP_012594337.1, WP_012595640.1	WP_229637622.1
OG0000138	WP_012596073.1, WP_012593588.1	WP_229637631.1
OG0000139	WP_012595057.1	WP_229637632.1
OG0000140	WP_012596877.1	WP_229637640.1
OG0000141	WP_012594416.1	WP_229637657.1
OG0000142	WP_012593511.1	WP_040054959.1
OG0000143	WP_012594949.1	WP_229636769.1
OG0000144	WP_012594160.1	WP_040054173.1
OG0000145	WP_012596664.1	WP_229636832.1
OG0000146	WP_012596526.1	WP_040054188.1
OG0000147	WP_015785160.1	WP_229636855.1
OG0000148	WP_015957424.1, WP_012593424.1	WP_040054230.1
OG0000149	WP_012593847.1, WP_015957423.1	WP_040054236.1
OG0000150	WP_012593636.1	WP_040054237.1
OG0000151	WP_012594201.1	WP_229636892.1
OG0000152	WP_012593569.1	WP_229636920.1, WP_229636919.1, WP_261345096.1
OG0000153	WP_012595642.1	WP_229636938.1
OG0000154	WP_012595103.1, WP_012595438.1	WP_229636965.1
OG0000155	WP_012596725.1	WP_229636993.1
OG0000156	WP_012595010.1	WP_229637005.1
OG0000157	WP_012596253.1, WP_012595147.1	WP_040055126.1
OG0000158	WP_012594198.1	WP_040055121.1
OG0000159	WP_015957304.1	WP_229637044.1
OG0000160	WP_012597253.1	WP_229637175.1
OG0000161	WP_012596564.1, WP_012595658.1	WP_229637189.1
OG0000162	WP_012594272.1, WP_012594787.1	WP_229637243.1
OG0000163	WP_012595130.1	WP_229637253.1
OG0000164	WP_012596408.1, WP_012594769.1	WP_040054309.1
OG0000165	WP_012596278.1, WP_012593645.1	WP_229637311.1
OG0000166	WP_012596831.1	WP_040054578.1
OG0000167	WP_012595347.1	WP_229637355.1
OG0000168	WP_012595040.1, WP_012595915.1	WP_229637366.1
OG0000170	WP_012595415.1	WP_229637385.1
OG0000171	WP_012596566.1, WP_012594960.1	WP_229637413.1
OG0000172	WP_012595847.1	WP_229637416.1
OG0000173	WP_203427710.1, WP_012596482.1	WP_229637424.1
OG0000174	WP_041229611.1	WP_229637433.1
OG0000175	WP_203427739.1	WP_229637489.1
OG0000176	WP_012595983.1	WP_229637702.1
OG0000177	WP_012593812.1	WP_229636790.1
OG0000178	WP_015957285.1	WP_040054214.1
OG0000179	WP_012593831.1	WP_229637240.1
OG0000180	WP_012594966.1	WP_040054824.1
OG0000181	WP_012595123.1	WP_229637554.1
OG0000182	WP_041229695.1	WP_229637468.1
OG0000183	WP_012595945.1, WP_012596143.1	WP_040054197.1
OG0000184	WP_012595374.1	WP_229637584.1
OG0000185	WP_015785214.1	WP_229637608.1
OG0000186	WP_012595365.1, WP_012595446.1	WP_229637727.1
OG0000187	WP_012596644.1	WP_229637297.1
OG0000188	WP_012594741.1, WP_015957416.1	WP_229636954.1
OG0000204	WP_012597054.1	WP_229637494.1
OG0000205	WP_012595772.1, WP_012596969.1	WP_229637495.1
OG0000206	WP_012593773.1	WP_040054432.1
OG0000207	WP_012596604.1	WP_229637496.1
OG0000208	WP_012596606.1	WP_040054430.1
OG0000209	WP_041229666.1	WP_040054429.1
OG0000210	WP_241392578.1	WP_040054507.1
OG0000211	WP_012595966.1	WP_229637498.1
OG0000212	WP_012596410.1	WP_229637499.1
OG0000213	WP_012597286.1	WP_229637500.1
OG0000214	WP_015785332.1	WP_229637502.1
OG0000215	WP_012596472.1	WP_229637503.1
OG0000216	WP_012594625.1	WP_229637504.1
OG0000218	WP_012596189.1	WP_040054418.1
OG0000219	WP_012596188.1	WP_229637506.1
OG0000220	WP_012593915.1	WP_040054416.1
OG0000221	WP_012594414.1	WP_229637508.1
OG0000222	WP_012595449.1	WP_229637509.1
OG0000223	WP_241392706.1	WP_229637510.1
OG0000224	WP_012595975.1	WP_229637511.1
OG0000225	WP_012595221.1	WP_229637696.1
OG0000226	WP_012596165.1	WP_040055176.1
OG0000227	WP_012595802.1	WP_229637515.1
OG0000228	WP_015957373.1	WP_229637517.1
OG0000229	WP_012594390.1	WP_229637519.1
OG0000230	WP_012594391.1	WP_040055183.1
OG0000231	WP_012593739.1	WP_229637520.1
OG0000232	WP_012596038.1	WP_229637521.1
OG0000233	WP_012596401.1	WP_229637522.1
OG0000234	WP_012596164.1	WP_229637523.1
OG0000235	WP_012593780.1	WP_229637524.1
OG0000236	WP_012596405.1	WP_229637525.1
OG0000237	WP_012593914.1	WP_040055191.1
OG0000238	WP_012594192.1, WP_012596770.1	WP_229637526.1
OG0000239	WP_012594762.1	WP_040055225.1
OG0000240	WP_015783767.1	WP_229637529.1
OG0000241	WP_012596449.1	WP_229637530.1
OG0000242	WP_012596450.1	WP_229637531.1
OG0000243	WP_015957410.1	WP_229637532.1
OG0000244	WP_203427731.1	WP_040055208.1
OG0000245	WP_012595552.1	WP_229637535.1
OG0000246	WP_015785349.1	WP_040055211.1
OG0000247	WP_012596112.1	WP_229637536.1
OG0000248	WP_012595804.1	WP_229637537.1
OG0000249	WP_012594232.1	WP_040055235.1
OG0000250	WP_012594234.1	WP_229637540.1
OG0000251	WP_041229716.1	WP_040055237.1
OG0000252	WP_012593538.1	WP_040054635.1
OG0000253	WP_012593537.1	WP_040054636.1
OG0000254	WP_012593536.1	WP_040054637.1
OG0000255	WP_012596595.1	WP_229637541.1
OG0000256	WP_012596593.1	WP_040054639.1
OG0000257	WP_012596575.1	WP_229637544.1
OG0000258	WP_012596576.1	WP_229637545.1
OG0000259	WP_012594229.1	WP_040054645.1
OG0000260	WP_012594228.1	WP_229637546.1
OG0000261	WP_012595629.1	WP_040054649.1
OG0000262	WP_012595628.1	WP_229637547.1
OG0000263	WP_012593882.1	WP_229637548.1
OG0000264	WP_012593881.1	WP_229637549.1
OG0000265	WP_012593685.1	WP_229637550.1
OG0000266	WP_012593686.1	WP_040054653.1
OG0000267	WP_012596332.1	WP_229637552.1
OG0000268	WP_012594680.1	WP_040054656.1
OG0000269	WP_012595125.1	WP_229637553.1
OG0000270	WP_012594219.1	WP_229637555.1
OG0000271	WP_012594220.1	WP_229637556.1
OG0000272	WP_012595296.1	WP_229637557.1
OG0000273	WP_012594382.1	WP_229637561.1
OG0000274	WP_015785343.1	WP_040054668.1
OG0000275	WP_012595987.1	WP_229637567.1
OG0000276	WP_012595986.1	WP_040054675.1
OG0000277	WP_012595985.1	WP_040054676.1
OG0000278	WP_203427735.1	WP_229637568.1
OG0000279	WP_012593772.1	WP_229637569.1
OG0000280	WP_041229918.1	WP_229637571.1
OG0000281	WP_015785099.1	WP_040054683.1
OG0000282	WP_241392705.1	WP_229637572.1
OG0000283	WP_012596610.1	WP_229637573.1
OG0000284	WP_203427730.1	WP_229637574.1
OG0000285	WP_012596667.1	WP_040054691.1
OG0000286	WP_015957363.1	WP_229637579.1
OG0000287	WP_012593395.1	WP_040055091.1
OG0000288	WP_012596537.1	WP_229637590.1
OG0000289	WP_012595867.1	WP_040055089.1
OG0000290	WP_012595868.1	WP_229637589.1
OG0000291	WP_012595870.1	WP_229637588.1
OG0000292	WP_012595620.1	WP_229637587.1
OG0000293	WP_012596430.1	WP_229637586.1
OG0000294	WP_012596431.1	WP_229637585.1
OG0000295	WP_015785403.1	WP_229637583.1
OG0000296	WP_012595748.1	WP_229637581.1
OG0000297	WP_012595834.1	WP_040055093.1
OG0000298	WP_012595385.1	WP_229637592.1
OG0000299	WP_012593963.1	WP_040055098.1
OG0000300	WP_012594621.1	WP_040055100.1
OG0000301	WP_012595573.1	WP_040055101.1
OG0000302	WP_241392536.1	WP_229637594.1
OG0000303	WP_015785312.1	WP_229637595.1
OG0000304	WP_015957385.1	WP_229637596.1
OG0000305	WP_012594443.1	WP_229637597.1
OG0000306	WP_012593757.1	WP_229637598.1
OG0000307	WP_012595526.1	WP_229637600.1
OG0000308	WP_012594943.1	WP_229637704.1
OG0000309	WP_012594142.1	WP_040055111.1
OG0000310	WP_012595076.1	WP_229637602.1
OG0000311	WP_012593708.1	WP_229637603.1
OG0000312	WP_012593707.1	WP_040055116.1
OG0000313	WP_012596093.1	WP_229637604.1
OG0000314	WP_012595776.1	WP_229637607.1
OG0000315	WP_012595249.1	WP_040054796.1
OG0000316	WP_012596869.1	WP_229637610.1
OG0000317	WP_012594558.1	WP_261345102.1
OG0000318	WP_012594557.1	WP_229637612.1
OG0000319	WP_012596661.1	WP_040054792.1
OG0000320	WP_012596660.1	WP_040054791.1
OG0000321	WP_012593866.1	WP_040054789.1
OG0000322	WP_012596298.1	WP_040054788.1
OG0000323	WP_012594276.1	WP_229637613.1
OG0000324	WP_012594277.1	WP_040054786.1
OG0000325	WP_012593668.1	WP_229637614.1
OG0000326	WP_012593988.1	WP_040054805.1
OG0000327	WP_012596163.1	WP_229637615.1
OG0000328	WP_012595794.1	WP_229637705.1
OG0000329	WP_012595793.1	WP_229637616.1
OG0000330	WP_012595792.1	WP_229637617.1
OG0000331	WP_012595706.1	WP_229637619.1
OG0000332	WP_012593749.1	WP_040054777.1
OG0000333	WP_012593953.1	WP_040054776.1
OG0000334	WP_012596006.1	WP_229637621.1
OG0000335	WP_012595533.1	WP_040054772.1
OG0000336	WP_015785178.1	WP_229637623.1
OG0000337	WP_012594885.1	WP_229637624.1
OG0000338	WP_012594507.1	WP_229637625.1
OG0000339	WP_012593456.1	WP_229637626.1
OG0000340	WP_012595611.1	WP_229637627.1
OG0000341	WP_012597105.1	WP_229637628.1
OG0000342	WP_012593807.1	WP_229637629.1
OG0000343	WP_012593806.1	WP_229637630.1
OG0000344	WP_012593903.1	WP_040054765.1
OG0000345	WP_012595059.1	WP_040054762.1
OG0000346	WP_012595060.1	WP_229637633.1
OG0000347	WP_012595061.1	WP_040054760.1
OG0000348	WP_012595062.1	WP_229637707.1
OG0000349	WP_203427725.1	WP_040054758.1
OG0000350	WP_012594616.1	WP_229637635.1
OG0000351	WP_041229900.1	WP_229637636.1
OG0000352	WP_012597102.1	WP_229637637.1
OG0000353	WP_015785330.1	WP_040054800.1
OG0000354	WP_012593664.1	WP_229637638.1
OG0000355	WP_012597254.1	WP_229637639.1
OG0000356	WP_012596876.1	WP_040055241.1
OG0000357	WP_012595972.1	WP_229637641.1
OG0000358	WP_012596351.1	WP_229637642.1
OG0000359	WP_012594019.1	WP_229637643.1
OG0000360	WP_012594560.1	WP_229637644.1
OG0000361	WP_012594340.1	WP_229637645.1
OG0000362	WP_012596654.1	WP_040054991.1
OG0000363	WP_012593938.1	WP_229637648.1
OG0000364	WP_012596333.1	WP_229637649.1
OG0000365	WP_012597041.1	WP_229637650.1
OG0000366	WP_012596657.1	WP_040054985.1
OG0000367	WP_012597097.1	WP_229637652.1
OG0000368	WP_012593407.1	WP_229637653.1
OG0000369	WP_012595861.1	WP_229637654.1
OG0000370	WP_012595859.1	WP_229637655.1
OG0000371	WP_012595048.1	WP_040054975.1
OG0000372	WP_241392679.1	WP_040054974.1
OG0000373	WP_012593515.1	WP_040054972.1
OG0000374	WP_012595692.1	WP_229637659.1
OG0000375	WP_012593702.1	WP_229637660.1
OG0000376	WP_012593844.1	WP_040054965.1
OG0000377	WP_012594850.1	WP_040054964.1
OG0000378	WP_012594851.1	WP_229637662.1
OG0000379	WP_012597249.1	WP_229637665.1
OG0000380	WP_012597251.1	WP_229637666.1
OG0000381	WP_071819093.1	WP_229637667.1
OG0000382	WP_012593510.1	WP_229637668.1
OG0000383	WP_012593509.1	WP_229637711.1
OG0000384	WP_012596314.1	WP_229637669.1
OG0000385	WP_012594015.1	WP_229637671.1
OG0000386	WP_012596342.1	WP_229637672.1
OG0000387	WP_015785333.1	WP_040055274.1
OG0000388	WP_012594032.1	WP_229637678.1
OG0000389	WP_012594036.1	WP_040054113.1
OG0000390	WP_012594947.1	WP_040054114.1
OG0000391	WP_012595156.1	WP_229637683.1
OG0000392	WP_012595432.1	WP_229637684.1
OG0000393	WP_012596247.1	WP_040054120.1
OG0000394	WP_041229585.1	WP_229637685.1
OG0000395	WP_012593815.1	WP_229637687.1
OG0000396	WP_012595621.1	WP_229637688.1
OG0000397	WP_012594139.1	WP_229637689.1
OG0000398	WP_012594522.1	WP_040054126.1
OG0000399	WP_015785146.1	WP_229637691.1
OG0000400	WP_012593698.1	WP_040054128.1
OG0000401	WP_012596579.1	WP_229636766.1
OG0000402	WP_012596580.1	WP_229636767.1
OG0000403	WP_012593778.1	WP_040054133.1
OG0000404	WP_012593909.1	WP_229636768.1
OG0000405	WP_012596092.1	WP_229636770.1
OG0000406	WP_012596091.1	WP_229636772.1
OG0000407	WP_015957326.1	WP_229636776.1
OG0000408	WP_015957328.1	WP_229636777.1
OG0000409	WP_015785220.1	WP_229636779.1
OG0000410	WP_012595063.1	WP_229636784.1
OG0000411	WP_012597143.1	WP_229636786.1
OG0000412	WP_012596086.1	WP_040054146.1
OG0000413	WP_012593728.1	WP_040054150.1
OG0000414	WP_012595398.1	WP_229636792.1
OG0000415	WP_012596371.1	WP_229636793.1
OG0000416	WP_012595646.1	WP_229636794.1
OG0000417	WP_012596931.1	WP_229636796.1
OG0000418	WP_012594600.1	WP_229636799.1
OG0000419	WP_012596049.1	WP_040054158.1
OG0000420	WP_012596050.1	WP_229636802.1
OG0000421	WP_015957400.1	WP_040054161.1
OG0000422	WP_012597051.1	WP_229636805.1
OG0000423	WP_012594429.1	WP_229636809.1
OG0000424	WP_012594318.1	WP_040054163.1
OG0000425	WP_012593471.1	WP_229636815.1
OG0000426	WP_012595345.1	WP_229636819.1
OG0000427	WP_012595346.1	WP_040054167.1
OG0000428	WP_012596104.1	WP_229636822.1
OG0000429	WP_012596989.1	WP_229636825.1
OG0000430	WP_012596150.1	WP_229636827.1
OG0000431	WP_012594157.1	WP_229636830.1
OG0000432	WP_012594821.1	WP_229636833.1
OG0000433	WP_015957413.1	WP_229637714.1
OG0000434	WP_015785357.1	WP_040054179.1
OG0000435	WP_015957412.1	WP_229636841.1
OG0000436	WP_015957431.1	WP_229636842.1
OG0000437	WP_012596710.1	WP_229636843.1
OG0000438	WP_012594844.1	WP_229636844.1
OG0000439	WP_012594503.1	WP_229636845.1
OG0000440	WP_012596525.1	WP_229636846.1
OG0000441	WP_012596037.1	WP_229636847.1
OG0000442	WP_012596691.1	WP_040054195.1
OG0000443	WP_012597120.1	WP_229636852.1
OG0000444	WP_012594591.1	WP_040054198.1
OG0000445	WP_012594592.1	WP_040054199.1
OG0000446	WP_012593889.1	WP_040054201.1
OG0000447	WP_012595907.1	WP_040054203.1
OG0000448	WP_012593784.1	WP_040054204.1
OG0000449	WP_012593785.1	WP_040054205.1
OG0000450	WP_012596331.1	WP_040054206.1
OG0000451	WP_012596192.1	WP_229636854.1
OG0000452	WP_012594137.1	WP_040054209.1
OG0000453	WP_015785100.1	WP_229636856.1
OG0000454	WP_012596354.1	WP_229636858.1
OG0000455	WP_012596353.1	WP_229636859.1
OG0000456	WP_012596636.1	WP_229636861.1
OG0000457	WP_012596137.1	WP_229636862.1
OG0000458	WP_012595213.1	WP_040054217.1
OG0000459	WP_012594113.1	WP_229636866.1
OG0000460	WP_041229914.1	WP_229636868.1
OG0000461	WP_012596172.1	WP_040054227.1
OG0000462	WP_012594756.1	WP_229636869.1
OG0000463	WP_012596947.1	WP_229636870.1
OG0000464	WP_012595490.1	WP_040054229.1
OG0000465	WP_241392640.1	WP_229636872.1
OG0000466	WP_012596779.1	WP_229636873.1
OG0000467	WP_012595311.1	WP_229636874.1
OG0000468	WP_012596465.1	WP_040054233.1
OG0000469	WP_015785310.1	WP_229636875.1
OG0000470	WP_015785311.1	WP_040054235.1
OG0000471	WP_012593850.1	WP_261345104.1
OG0000472	WP_012594267.1	WP_229636880.1
OG0000473	WP_012593401.1	WP_040054240.1
OG0000474	WP_012595267.1	WP_229636881.1
OG0000475	WP_012596765.1	WP_229636882.1
OG0000476	WP_012596764.1	WP_229636883.1
OG0000477	WP_012594897.1	WP_229636884.1
OG0000478	WP_012597233.1	WP_229636885.1
OG0000479	WP_012595765.1	WP_229636886.1
OG0000480	WP_012593711.1	WP_229636887.1
OG0000481	WP_012593710.1	WP_040054247.1
OG0000482	WP_012595610.1	WP_229636888.1
OG0000483	WP_012595550.1	WP_040054249.1
OG0000484	WP_012595853.1	WP_229636889.1
OG0000485	WP_012595852.1	WP_040054250.1
OG0000486	WP_012595851.1	WP_229636890.1
OG0000487	WP_012595379.1	WP_229636893.1
OG0000488	WP_012596832.1	WP_229636894.1
OG0000489	WP_012596412.1	WP_040054256.1
OG0000490	WP_241392697.1	WP_229636897.1
OG0000491	WP_012595535.1	WP_229636899.1
OG0000492	WP_012594513.1	WP_229636900.1
OG0000493	WP_015785230.1	WP_229636903.1
OG0000494	WP_012594283.1	WP_229636904.1
OG0000495	WP_012593993.1	WP_229636905.1
OG0000496	WP_012593504.1	WP_040054265.1
OG0000497	WP_012593474.1	WP_229636907.1
OG0000498	WP_203427747.1	WP_040054269.1
OG0000499	WP_012594567.1	WP_040054272.1
OG0000500	WP_012595833.1	WP_229636911.1
OG0000501	WP_012597278.1	WP_040055005.1
OG0000502	WP_041229606.1	WP_229636912.1
OG0000503	WP_012593633.1	WP_040055007.1
OG0000504	WP_012593634.1	WP_229636913.1
OG0000505	WP_012593893.1	WP_229636914.1
OG0000506	WP_012595946.1	WP_229636915.1
OG0000507	WP_012595027.1	WP_229636916.1
OG0000508	WP_012594624.1	WP_229636917.1
OG0000509	WP_041229671.1	WP_229636918.1
OG0000510	WP_012595635.1	WP_040055014.1
OG0000511	WP_012597048.1	WP_040055015.1
OG0000512	WP_012597047.1	WP_040055016.1
OG0000513	WP_012595384.1	WP_229636921.1
OG0000514	WP_012596882.1	WP_229636922.1
OG0000515	WP_012595546.1	WP_229636924.1
OG0000516	WP_012594006.1	WP_229636925.1
OG0000517	WP_012596185.1	WP_229636929.1
OG0000518	WP_012595541.1	WP_229636930.1
OG0000519	WP_012594783.1	WP_040055031.1
OG0000520	WP_012594782.1	WP_229636931.1
OG0000521	WP_012596257.1	WP_040055033.1
OG0000522	WP_012594109.1	WP_229636932.1
OG0000523	WP_012595247.1	WP_229636935.1
OG0000524	WP_012595246.1	WP_040055039.1
OG0000525	WP_012596061.1	WP_229636939.1
OG0000526	WP_012594225.1	WP_040055154.1
OG0000527	WP_012593828.1	WP_040055155.1
OG0000528	WP_012594360.1	WP_229636941.1
OG0000529	WP_012595461.1	WP_229636942.1
OG0000530	WP_012593801.1	WP_229636943.1
OG0000531	WP_012593800.1	WP_229636944.1
OG0000532	WP_012593496.1	WP_040055160.1
OG0000533	WP_012595073.1	WP_229636945.1
OG0000534	WP_012595071.1	WP_040055162.1
OG0000535	WP_012595070.1	WP_261345105.1
OG0000536	WP_012594282.1	WP_229637719.1
OG0000537	WP_012595691.1	WP_229636948.1
OG0000538	WP_012594608.1	WP_040055167.1
OG0000539	WP_012595881.1	WP_229636950.1
OG0000540	WP_012594883.1	WP_229636952.1
OG0000541	WP_012594742.1	WP_229636953.1
OG0000542	WP_012596007.1	WP_229636956.1
OG0000543	WP_012596796.1	WP_229636957.1
OG0000544	WP_012595091.1	WP_229636958.1
OG0000545	WP_012595093.1	WP_040055245.1
OG0000546	WP_012595094.1	WP_229636959.1
OG0000547	WP_012595095.1	WP_229636960.1
OG0000548	WP_012595096.1	WP_229636961.1
OG0000549	WP_012595099.1	WP_229636962.1
OG0000550	WP_012595102.1	WP_229636964.1
OG0000551	WP_012595104.1	WP_040054948.1
OG0000552	WP_012595105.1	WP_229636966.1
OG0000553	WP_012595106.1	WP_229636967.1
OG0000554	WP_012595107.1	WP_229636968.1
OG0000555	WP_012595109.1	WP_040054943.1
OG0000556	WP_012595113.1	WP_040054940.1
OG0000557	WP_012595114.1	WP_040054939.1
OG0000558	WP_012595464.1	WP_229636972.1
OG0000559	WP_012595121.1	WP_040054935.1
OG0000560	WP_012595430.1	WP_229636974.1
OG0000561	WP_015785409.1	WP_040054931.1
OG0000562	WP_015785115.1	WP_229636978.1
OG0000563	WP_012594666.1	WP_040054924.1
OG0000564	WP_012594477.1	WP_040054923.1
OG0000565	WP_012596365.1	WP_229636980.1
OG0000566	WP_012595211.1	WP_229636981.1
OG0000567	WP_012594039.1	WP_229636982.1
OG0000568	WP_012594828.1	WP_040054918.1
OG0000569	WP_012594171.1	WP_040054917.1
OG0000570	WP_012594172.1	WP_229636983.1
OG0000571	WP_012594461.1	WP_229636984.1
OG0000572	WP_015957350.1	WP_040054915.1
OG0000573	WP_015785253.1	WP_040054914.1
OG0000574	WP_012595475.1	WP_229636985.1
OG0000575	WP_012595563.1	WP_040054912.1
OG0000576	WP_012595561.1	WP_040054911.1
OG0000577	WP_012595998.1	WP_229637721.1
OG0000579	WP_012594487.1	WP_040054909.1
OG0000580	WP_012595880.1	WP_229636987.1
OG0000581	WP_012595023.1	WP_229636988.1
OG0000582	WP_012594263.1	WP_040054905.1
OG0000583	WP_012594262.1	WP_229636989.1
OG0000584	WP_012597217.1	WP_229636992.1
OG0000585	WP_012594642.1	WP_229636994.1
OG0000586	WP_012596875.1	WP_012954051.1
OG0000587	WP_012595757.1	WP_229636995.1
OG0000588	WP_012595279.1	WP_229636996.1
OG0000589	WP_012594748.1	WP_040055221.1
OG0000590	WP_012596147.1	WP_229636997.1
OG0000591	WP_012596148.1	WP_040055143.1
OG0000592	WP_012596149.1	WP_229636998.1
OG0000593	WP_012596631.1	WP_229636999.1
OG0000594	WP_012596898.1	WP_229637001.1
OG0000595	WP_012594826.1	WP_229637002.1
OG0000596	WP_012596064.1	WP_040055148.1
OG0000597	WP_012596076.1	WP_229637723.1
OG0000598	WP_203427701.1	WP_229637008.1
OG0000599	WP_012597052.1	WP_229637009.1
OG0000600	WP_012593526.1	WP_229637021.1
OG0000601	WP_012595351.1	WP_229637023.1
OG0000602	WP_015957302.1	WP_229637035.1
OG0000603	WP_012595547.1	WP_040055125.1
OG0000604	WP_012595256.1	WP_040055123.1
OG0000605	WP_012594456.1	WP_229637038.1
OG0000606	WP_012594482.1	WP_040054747.1
OG0000607	WP_012595723.1	WP_229637726.1
OG0000608	WP_012595722.1	WP_229637052.1
OG0000609	WP_012593404.1	WP_229637061.1
OG0000610	WP_012594294.1	WP_040054734.1
OG0000611	WP_012593870.1	WP_040054733.1
OG0000612	WP_012595980.1	WP_040054731.1
OG0000613	WP_012595979.1	WP_040054730.1
OG0000614	WP_012595978.1	WP_229637065.1
OG0000615	WP_012596489.1	WP_229637066.1
OG0000616	WP_012595901.1	WP_229637067.1
OG0000617	WP_012596952.1	WP_229637068.1
OG0000618	WP_012593577.1	WP_040054726.1
OG0000619	WP_012594772.1	WP_229637070.1
OG0000620	WP_012595671.1	WP_040054722.1
OG0000621	WP_012593792.1	WP_229637072.1
OG0000622	WP_012593791.1	WP_229637074.1
OG0000623	WP_012593790.1	WP_229637079.1
OG0000624	WP_012593789.1	WP_229637081.1
OG0000625	WP_012594426.1	WP_229637083.1
OG0000626	WP_012597185.1	WP_229637085.1
OG0000627	WP_012597183.1	WP_229637086.1
OG0000628	WP_012596128.1	WP_229637088.1
OG0000629	WP_015785265.1	WP_229637095.1
OG0000630	WP_012594205.1	WP_229637096.1
OG0000631	WP_012596120.1	WP_012954133.1
OG0000632	WP_015785209.1	WP_229637098.1
OG0000633	WP_012594453.1	WP_040054703.1
OG0000634	WP_012596915.1	WP_229637099.1
OG0000635	WP_012596484.1	WP_229637111.1
OG0000636	WP_015785134.1	WP_040055045.1
OG0000637	WP_012594807.1	WP_229637116.1
OG0000638	WP_012597191.1	WP_040055049.1
OG0000639	WP_012594708.1	WP_229637122.1
OG0000640	WP_241392687.1	WP_040055054.1
OG0000641	WP_012595653.1	WP_229637125.1
OG0000642	WP_012593654.1	WP_229637127.1
OG0000643	WP_012594951.1	WP_229637142.1
OG0000644	WP_012594993.1	WP_040055066.1
OG0000645	WP_012594992.1	WP_229637164.1
OG0000646	WP_012597056.1	WP_229637166.1
OG0000647	WP_012594075.1	WP_229637168.1
OG0000648	WP_012594091.1	WP_229637170.1
OG0000649	WP_012596426.1	WP_229637171.1
OG0000650	WP_012597258.1	WP_229637173.1
OG0000651	WP_012597259.1	WP_040055072.1
OG0000652	WP_012593539.1	WP_040055073.1
OG0000653	WP_012596889.1	WP_229637177.1
OG0000654	WP_041229609.1	WP_229637179.1
OG0000655	WP_012593924.1	WP_229637181.1
OG0000656	WP_012593925.1	WP_229637182.1
OG0000657	WP_012596512.1	WP_229637731.1
OG0000658	WP_012595266.1	WP_040055199.1
OG0000659	WP_012596613.1	WP_229637183.1
OG0000660	WP_015785323.1	WP_040055196.1
OG0000661	WP_012595830.1	WP_229637184.1
OG0000662	WP_012595831.1	WP_229637732.1
OG0000663	WP_012595769.1	WP_229637187.1
OG0000664	WP_012593762.1	WP_229637195.1
OG0000665	WP_012595142.1	WP_229637199.1
OG0000666	WP_012594865.1	WP_040054393.1
OG0000667	WP_012594864.1	WP_040054392.1
OG0000668	WP_012594862.1	WP_229637202.1
OG0000669	WP_012594861.1	WP_040054389.1
OG0000670	WP_012593841.1	WP_229637203.1
OG0000671	WP_012596168.1	WP_229637204.1
OG0000672	WP_241392716.1	WP_229637205.1
OG0000673	WP_012594297.1	WP_229637206.1
OG0000674	WP_012596323.1	WP_229637207.1
OG0000675	WP_012595696.1	WP_229637208.1
OG0000676	WP_012594364.1	WP_229637209.1
OG0000677	WP_012594363.1	WP_229637210.1
OG0000678	WP_012594362.1	WP_229637211.1
OG0000679	WP_012594361.1	WP_229637212.1
OG0000680	WP_012595604.1	WP_229637213.1
OG0000681	WP_012595602.1	WP_040054376.1
OG0000682	WP_012595601.1	WP_229637214.1
OG0000683	WP_012595600.1	WP_229637215.1
OG0000684	WP_012595599.1	WP_229637216.1
OG0000685	WP_012594934.1	WP_040054372.1
OG0000686	WP_012596979.1	WP_229637217.1
OG0000687	WP_012593583.1	WP_040054370.1
OG0000688	WP_012593855.1	WP_229637218.1
OG0000689	WP_012593734.1	WP_229637219.1
OG0000690	WP_012595251.1	WP_040054366.1
OG0000691	WP_015957299.1	WP_229637221.1
OG0000692	WP_012593981.1	WP_040054363.1
OG0000693	WP_012596749.1	WP_229637222.1
OG0000694	WP_012596295.1	WP_229637223.1
OG0000695	WP_012596296.1	WP_040054359.1
OG0000696	WP_049769551.1	WP_229637224.1
OG0000697	WP_203427684.1	WP_229637227.1
OG0000698	WP_241392676.1	WP_229637228.1
OG0000699	WP_012594526.1	WP_229637229.1
OG0000700	WP_012596681.1	WP_229637230.1
OG0000701	WP_012596682.1	WP_229637231.1
OG0000702	WP_012596683.1	WP_229637232.1
OG0000703	WP_041229799.1	WP_040054348.1
OG0000704	WP_012595122.1	WP_229637236.1
OG0000705	WP_012595994.1	WP_229637237.1
OG0000706	WP_012594706.1	WP_229637238.1
OG0000707	WP_012593836.1	WP_229637239.1
OG0000708	WP_012596968.1	WP_229637241.1
OG0000709	WP_012595571.1	WP_040054338.1
OG0000710	WP_012595181.1	WP_229637242.1
OG0000711	WP_012595357.1	WP_229637734.1
OG0000712	WP_012595359.1	WP_229637248.1
OG0000713	WP_012594753.1	WP_229637250.1
OG0000714	WP_012596718.1	WP_229637251.1
OG0000715	WP_012596646.1	WP_229637736.1
OG0000716	WP_012595129.1	WP_040054329.1
OG0000717	WP_015785189.1	WP_040054327.1
OG0000718	WP_012595185.1	WP_229637254.1
OG0000719	WP_012594971.1	WP_229637257.1
OG0000720	WP_012594970.1	WP_040054321.1
OG0000721	WP_012594489.1	WP_229637258.1
OG0000722	WP_012596107.1	WP_229637259.1
OG0000723	WP_012595568.1	WP_229637260.1
OG0000724	WP_012596132.1	WP_229637261.1
OG0000725	WP_012596129.1	WP_229637262.1
OG0000726	WP_012595595.1	WP_229637263.1
OG0000727	WP_012595026.1	WP_040054310.1
OG0000728	WP_012596337.1	WP_229637265.1
OG0000729	WP_012595589.1	WP_040054306.1
OG0000730	WP_012595590.1	WP_229637268.1
OG0000731	WP_012595420.1	WP_229637269.1
OG0000732	WP_012595421.1	WP_040054304.1
OG0000733	WP_203427726.1	WP_229637271.1
OG0000734	WP_012596865.1	WP_040054301.1
OG0000735	WP_012593490.1	WP_229637272.1
OG0000736	WP_012594613.1	WP_229637273.1
OG0000737	WP_012593944.1	WP_229637274.1
OG0000738	WP_012593512.1	WP_229637275.1
OG0000739	WP_012595176.1	WP_040054294.1
OG0000740	WP_012595177.1	WP_040054293.1
OG0000741	WP_012595178.1	WP_229637278.1
OG0000742	WP_012595179.1	WP_040054292.1
OG0000743	WP_012595180.1	WP_229637279.1
OG0000744	WP_012593420.1	WP_229637280.1
OG0000745	WP_012595306.1	WP_229637281.1
OG0000746	WP_015785366.1	WP_229637284.1
OG0000747	WP_012596612.1	WP_040054848.1
OG0000748	WP_012597203.1	WP_229637287.1
OG0000749	WP_012595705.1	WP_229637288.1
OG0000750	WP_012595704.1	WP_040054856.1
OG0000751	WP_012596761.1	WP_012954334.1
OG0000752	WP_012596760.1	WP_040054842.1
OG0000753	WP_012594378.1	WP_229637289.1
OG0000754	WP_012593507.1	WP_229637290.1
OG0000755	WP_012594564.1	WP_229637292.1
OG0000756	WP_015785239.1	WP_229637293.1
OG0000757	WP_015785240.1	WP_229637294.1
OG0000758	WP_012595314.1	WP_229637295.1
OG0000759	WP_012595829.1	WP_229637296.1
OG0000760	WP_012595051.1	WP_040054832.1
OG0000761	WP_012595688.1	WP_229637298.1
OG0000762	WP_012595796.1	WP_040054827.1
OG0000763	WP_012597169.1	WP_229637300.1
OG0000764	WP_012594964.1	WP_229637301.1
OG0000765	WP_012594961.1	WP_040054823.1
OG0000766	WP_012595882.1	WP_040054822.1
OG0000767	WP_012595269.1	WP_040054821.1
OG0000768	WP_012593863.1	WP_229637303.1
OG0000769	WP_241392674.1	WP_229637304.1
OG0000770	WP_012593566.1	WP_229637306.1
OG0000771	WP_012596800.1	WP_229637308.1
OG0000772	WP_012593983.1	WP_229637309.1
OG0000773	WP_012593647.1	WP_229637310.1
OG0000774	WP_015957437.1	WP_229637312.1
OG0000775	WP_012595333.1	WP_229637313.1
OG0000776	WP_012594310.1	WP_229637314.1
OG0000777	WP_012594501.1	WP_040054808.1
OG0000778	WP_012594500.1	WP_229637315.1
OG0000779	WP_012594875.1	WP_229637318.1
OG0000780	WP_012596534.1	WP_229637319.1
OG0000781	WP_012596893.1	WP_229637323.1
OG0000782	WP_012597008.1	WP_229637325.1
OG0000783	WP_012597007.1	WP_229637326.1
OG0000784	WP_203427711.1	WP_229637331.1
OG0000785	WP_012593632.1	WP_229637332.1
OG0000786	WP_012593631.1	WP_040054608.1
OG0000787	WP_012593630.1	WP_040054607.1
OG0000788	WP_012593629.1	WP_229637333.1
OG0000789	WP_012593628.1	WP_229637334.1
OG0000790	WP_012593627.1	WP_229637335.1
OG0000791	WP_012593626.1	WP_040054603.1
OG0000792	WP_012593625.1	WP_040054602.1
OG0000793	WP_012593624.1	WP_229637336.1
OG0000794	WP_012593622.1	WP_040054599.1
OG0000795	WP_012593621.1	WP_040054598.1
OG0000796	WP_012593620.1	WP_229637338.1
OG0000797	WP_012593619.1	WP_040054596.1
OG0000798	WP_012593618.1	WP_040054595.1
OG0000799	WP_012593617.1	WP_229637339.1
OG0000800	WP_012593616.1	WP_040054593.1
OG0000801	WP_012593615.1	WP_229637340.1
OG0000802	WP_012593614.1	WP_229637341.1
OG0000803	WP_012593613.1	WP_040054590.1
OG0000804	WP_012593612.1	WP_012954409.1
OG0000805	WP_012593610.1	WP_040054589.1
OG0000806	WP_012593609.1	WP_012954411.1
OG0000807	WP_041229708.1	WP_040054588.1
OG0000808	WP_012593607.1	WP_229637343.1
OG0000809	WP_012593606.1	WP_229637738.1
OG0000810	WP_012593605.1	WP_040054585.1
OG0000811	WP_012593589.1	WP_229637345.1
OG0000812	WP_012595686.1	WP_229637348.1
OG0000813	WP_012594255.1	WP_229637349.1
OG0000814	WP_012594256.1	WP_229637350.1
OG0000815	WP_012596187.1	WP_229637351.1
OG0000816	WP_041229843.1	WP_229637353.1
OG0000817	WP_012596622.1	WP_229637356.1
OG0000818	WP_012596833.1	WP_229637357.1
OG0000819	WP_012594399.1	WP_229637360.1
OG0000820	WP_012594398.1	WP_229637361.1
OG0000821	WP_012594348.1	WP_229637739.1
OG0000822	WP_012595258.1	WP_040054564.1
OG0000823	WP_012596552.1	WP_229637363.1
OG0000824	WP_012595017.1	WP_229637364.1
OG0000825	WP_012595465.1	WP_040054557.1
OG0000826	WP_012595885.1	WP_229637367.1
OG0000827	WP_012595500.1	WP_229637741.1
OG0000828	WP_012597067.1	WP_229637369.1
OG0000829	WP_012594235.1	WP_229637371.1
OG0000830	WP_012594240.1	WP_040054551.1
OG0000831	WP_012596488.1	WP_229637372.1
OG0000832	WP_012595821.1	WP_229637375.1
OG0000833	WP_012597236.1	WP_040054544.1
OG0000834	WP_012597257.1	WP_040054542.1
OG0000835	WP_012593418.1	WP_229637378.1
OG0000836	WP_012597220.1	WP_229637379.1
OG0000837	WP_012595304.1	WP_229637380.1
OG0000838	WP_012595887.1	WP_229637381.1
OG0000839	WP_012594818.1	WP_229637382.1
OG0000840	WP_012596362.1	WP_229637383.1
OG0000841	WP_012596360.1	WP_229637384.1
OG0000842	WP_012593769.1	WP_229637386.1
OG0000843	WP_012595018.1	WP_040054529.1
OG0000844	WP_012596035.1	WP_229637387.1
OG0000845	WP_012596034.1	WP_229637388.1
OG0000846	WP_012594627.1	WP_229637389.1
OG0000847	WP_012594073.1	WP_229637393.1
OG0000848	WP_012594071.1	WP_040054623.1
OG0000849	WP_012596695.1	WP_229637396.1
OG0000850	WP_012597243.1	WP_229637400.1
OG0000851	WP_012597242.1	WP_040054901.1
OG0000852	WP_012594582.1	WP_229637401.1
OG0000853	WP_012594585.1	WP_229637403.1
OG0000854	WP_012595087.1	WP_229637405.1
OG0000855	WP_012593888.1	WP_229637407.1
OG0000856	WP_012594304.1	WP_229637410.1
OG0000857	WP_012595941.1	WP_229637412.1
OG0000858	WP_012594959.1	WP_229637414.1
OG0000859	WP_012595576.1	WP_229637415.1
OG0000860	WP_012595339.1	WP_040054885.1
OG0000861	WP_203427664.1	WP_040054884.1
OG0000862	WP_012597032.1	WP_261345101.1
OG0000863	WP_012593860.1	WP_229637419.1
OG0000864	WP_012593736.1	WP_229637420.1
OG0000865	WP_012596098.1	WP_229637421.1
OG0000866	WP_012596213.1	WP_229637422.1
OG0000867	WP_012596212.1	WP_229637423.1
OG0000868	WP_012596481.1	WP_040054872.1
OG0000869	WP_012596857.1	WP_229637425.1
OG0000870	WP_012595856.1	WP_229637426.1
OG0000871	WP_012594246.1	WP_040054867.1
OG0000872	WP_012594247.1	WP_229637428.1
OG0000873	WP_012596400.1	WP_229637429.1
OG0000874	WP_012593485.1	WP_229637430.1
OG0000875	WP_012595394.1	WP_229637434.1
OG0000876	WP_012595877.1	WP_040054859.1
OG0000877	WP_012595878.1	WP_040054858.1
OG0000878	WP_012594893.1	WP_040055229.1
OG0000879	WP_012594166.1	WP_040055230.1
OG0000880	WP_241392590.1	WP_229637435.1
OG0000881	WP_012596070.1	WP_040055232.1
OG0000882	WP_012596117.1	WP_040054501.1
OG0000883	WP_012597014.1	WP_040054500.1
OG0000884	WP_012597015.1	WP_040054499.1
OG0000885	WP_012595184.1	WP_229637438.1
OG0000886	WP_012594702.1	WP_229637439.1
OG0000887	WP_041229645.1	WP_229637440.1
OG0000888	WP_012594492.1	WP_229637441.1
OG0000889	WP_041229689.1	WP_229637444.1
OG0000890	WP_012595039.1	WP_229637445.1
OG0000891	WP_012596775.1	WP_229637446.1
OG0000892	WP_015785393.1	WP_229637447.1
OG0000893	WP_012593967.1	WP_040054485.1
OG0000894	WP_012593966.1	WP_040054484.1
OG0000895	WP_012593965.1	WP_040054483.1
OG0000896	WP_012595224.1	WP_229637450.1
OG0000897	WP_012597092.1	WP_229637452.1
OG0000898	WP_203427742.1	WP_229637453.1
OG0000899	WP_012595079.1	WP_229637454.1
OG0000900	WP_012595078.1	WP_229637455.1
OG0000901	WP_012597110.1	WP_229637457.1
OG0000902	WP_012597111.1	WP_229637458.1
OG0000903	WP_012593936.1	WP_040054474.1
OG0000904	WP_012593935.1	WP_229637459.1
OG0000905	WP_012597272.1	WP_229637461.1
OG0000906	WP_012597273.1	WP_229637693.1
OG0000907	WP_012597085.1	WP_229637462.1
OG0000908	WP_012594933.1	WP_229637463.1
OG0000909	WP_015784071.1	WP_229637464.1
OG0000910	WP_015785153.1	WP_229637465.1
OG0000911	WP_012594512.1	WP_040054466.1
OG0000912	WP_012596080.1	WP_229637469.1
OG0000913	WP_012596302.1	WP_040054459.1
OG0000914	WP_012594244.1	WP_229637471.1
OG0000915	WP_041229722.1	WP_229637472.1
OG0000916	WP_012594549.1	WP_040054456.1
OG0000917	WP_012595497.1	WP_229637474.1
OG0000918	WP_012595884.1	WP_040054454.1
OG0000919	WP_012595962.1	WP_040054453.1
OG0000920	WP_012597157.1	WP_229637475.1
OG0000921	WP_012595338.1	WP_229637477.1
OG0000922	WP_012595337.1	WP_229637478.1
OG0000923	WP_012595935.1	WP_040054448.1
OG0000924	WP_012595275.1	WP_229637480.1
OG0000925	WP_012595003.1	WP_229637481.1
OG0000926	WP_012597030.1	WP_229637483.1
OG0000927	WP_012595656.1	WP_229637488.1
OG0000928	WP_012596493.1	WP_229637491.1
OG0000929	WP_041229734.1	WP_040055239.1
OG0000930	WP_012596350.1	WP_229637505.1
OG0000931	WP_012596190.1	WP_040054419.1
OG0000932	WP_012593916.1	WP_040054415.1
OG0000933	WP_015785233.1	WP_040055187.1
OG0000934	WP_012595463.1	WP_229637538.1
OG0000935	WP_012594989.1	WP_229637700.1
OG0000936	WP_015957403.1	WP_229637701.1
OG0000937	WP_012596541.1	WP_229637580.1
OG0000938	WP_012596429.1	WP_229637703.1
OG0000939	WP_012594571.1	WP_229637593.1
OG0000940	WP_203427699.1	WP_229637599.1
OG0000941	WP_012596033.1	WP_040054999.1
OG0000942	WP_012594014.1	WP_229637670.1
OG0000943	WP_012595528.1	WP_229637674.1
OG0000944	WP_012593730.1	WP_040054151.1
OG0000945	WP_012596584.1	WP_229636795.1
OG0000946	WP_012596446.1	WP_040054165.1
OG0000947	WP_012593546.1	WP_229636937.1
OG0000948	WP_012595108.1	WP_229636969.1
OG0000949	WP_012595112.1	WP_229636970.1
OG0000950	WP_012593525.1	WP_229637010.1
OG0000951	WP_012593576.1	WP_229637069.1
OG0000952	WP_012596914.1	WP_229637100.1
OG0000953	WP_012593678.1	WP_229637133.1
OG0000954	WP_012593843.1	WP_229637733.1
OG0000955	WP_012595137.1	WP_229637233.1
OG0000956	WP_012596717.1	WP_040054330.1
OG0000957	WP_012596031.1	WP_229637256.1
OG0000958	WP_012596336.1	WP_229637266.1
OG0000959	WP_012597033.1	WP_040054297.1
OG0000960	WP_012594846.1	WP_229637305.1
OG0000961	WP_012593604.1	WP_040054584.1
OG0000962	WP_012594402.1	WP_229637358.1
OG0000963	WP_012593681.1, WP_012594099.1	WP_229637376.1
OG0000964	WP_012595637.1	WP_229637404.1
OG0000965	WP_012595855.1	WP_229637427.1
OG0000966	WP_012596820.1	WP_229637448.1
OG0000967	WP_012593934.1	WP_040054472.1
OG0000968	WP_012595336.1	WP_229637479.1
OG0000969	WP_012594440.1	WP_229637695.1
OG0000970	WP_012597267.1	WP_229637533.1
OG0000971	WP_012595551.1	WP_040055210.1
OG0000972	WP_012596938.1	WP_229637606.1
OG0000973	WP_012597270.1	WP_229637706.1
OG0000974	WP_012595058.1	WP_040054763.1
OG0000975	WP_012594068.1	WP_040054752.1
OG0000976	WP_012595050.1	WP_229637708.1
OG0000977	WP_241392694.1	WP_229637709.1
OG0000978	WP_012594520.1	WP_229637673.1
OG0000979	WP_012595252.1	WP_229636923.1
OG0000980	WP_012595676.1	WP_040055166.1
OG0000981	WP_012594948.1	WP_040055169.1
OG0000982	WP_012596797.1	WP_040055247.1
OG0000983	WP_012595111.1	WP_229637720.1
OG0000984	WP_012593740.1	WP_040054920.1
OG0000985	WP_012594021.1	WP_229636991.1
OG0000986	WP_041229910.1	WP_229637728.1
OG0000987	WP_012594077.1	WP_229637132.1
OG0000988	WP_012594784.1	WP_229637247.1
OG0000989	WP_012596659.1	WP_040054318.1
OG0000990	WP_012595077.1	WP_229637456.1
OG0000991	WP_015785342.1	WP_229637562.1
OG0000992	WP_012594568.1	WP_229637663.1
OG0000993	WP_012596943.1	WP_229636787.1
OG0000994	WP_241392702.1	WP_040054697.1
OG0000995	WP_012595860.1	WP_261345103.1
OG0000996	WP_012596334.1	WP_229636864.1
OG0000997	WP_241392709.1	WP_229637694.1
OG0000998	WP_012594994.1	WP_229637163.1
OG0000999	WP_015957279.1	WP_229637291.1
OG0001000	WP_012593796.1	WP_071813731.1
OG0001001	WP_012593445.1	WP_229637347.1
OG0001002	WP_012596495.1	WP_229637490.1
OG0001003	WP_012597160.1	WP_229637724.1
OG0001004	WP_012596650.1	WP_229637255.1
OG0001005	WP_012594401.1	WP_229637359.1
OG0001006	WP_012594697.1	WP_229636850.1
OG0001007	WP_015957336.1	WP_229636902.1
OG0001008	WP_012597028.1	WP_229637482.1
OG0001009	WP_203427666.1	WP_040055092.1
OG0001010	WP_012596808.1	WP_229636949.1
OG0001011	WP_203427740.1	WP_229637712.1
OG0001012	WP_012593460.1	WP_229637717.1
OG0001013	WP_012594250.1	WP_229637391.1
OG0001014	WP_012595752.1	WP_040054879.1
OG0001015	WP_241392607.1	WP_229637036.1
OG0001016	WP_012593883.1	WP_040054707.1
OG0001017	WP_012594709.1	WP_229637124.1
OG0001018	WP_012595603.1	WP_040054377.1
OG0001019	WP_012594845.1	WP_229637436.1
OG0001020	WP_012593811.1	WP_229637542.1
OG0001021	WP_012594224.1	WP_229637699.1
OG0001022	WP_012594106.1	WP_229636828.1
OG0001023	WP_012594115.1	WP_229637514.1
OG0001024	WP_012594389.1	WP_229637518.1
OG0001025	WP_241392708.1	WP_229637698.1
OG0001026	WP_012596522.1	WP_229637539.1
OG0001027	WP_012593600.1	WP_229637618.1
OG0001029	WP_012594264.1	WP_040054906.1
OG0001030	WP_241392723.1	WP_229637722.1
OG0001031	WP_012593540.1	WP_229637730.1
OG0001032	WP_012595358.1	WP_229637735.1
OG0001033	WP_012593639.1	WP_229637267.1
OG0001034	WP_015785417.1	WP_229637354.1
OG0001035	WP_012596487.1	WP_229637373.1
OG0001036	WP_203427717.1	WP_229637742.1
OG0001042	WP_012594891.1	WP_229637390.1
OG0001066	WP_012594176.1	WP_229637327.1
OG0001071	WP_012593827.1	WP_229637493.1
OG0001073	WP_012595450.1	WP_040054411.1
OG0001075	WP_015957320.1	WP_229637697.1
OG0001076	WP_012595763.1	WP_229637551.1
OG0001077	WP_012594498.1	WP_229637570.1
OG0001078	WP_012595643.1	WP_229637578.1
OG0001079	WP_012596852.1	WP_040055099.1
OG0001080	WP_241392692.1	WP_229637605.1
OG0001081	WP_012595044.1	WP_229637656.1
OG0001082	WP_015785167.1	WP_229637676.1
OG0001083	WP_012593817.1	WP_229637686.1
OG0001084	WP_012595809.1	WP_229637713.1
OG0001085	WP_015785297.1	WP_229636789.1
OG0001087	WP_012596555.1	WP_229636811.1
OG0001088	WP_012594593.1	WP_229636853.1
OG0001091	WP_012596848.1	WP_229637716.1
OG0001092	WP_012596156.1	WP_229636906.1
OG0001094	WP_012597175.1	WP_040055021.1
OG0001095	WP_012594773.1, WP_203427715.1	WP_229636927.1
OG0001096	WP_012594974.1	WP_229636933.1
OG0001097	WP_012594352.1	WP_040055036.1
OG0001098	WP_012593635.1	WP_229636936.1
OG0001100	WP_012595871.1	WP_229636947.1
OG0001101	WP_012594833.1	WP_229637006.1
OG0001102	WP_012594025.1	WP_229637007.1
OG0001103	WP_012594481.1	WP_229637042.1
OG0001104	WP_012595726.1	WP_229637046.1
OG0001105	WP_012596736.1	WP_229637094.1
OG0001106	WP_012594452.1	WP_040054704.1
OG0001107	WP_012594806.1	WP_229637114.1
OG0001108	WP_015785267.1	WP_040055055.1
OG0001109	WP_012594149.1	WP_040055060.1
OG0001110	WP_012594147.1	WP_229637140.1
OG0001111	WP_012594953.1	WP_229637160.1
OG0001112	WP_012594074.1	WP_229637743.1
OG0001113	WP_015785348.1	WP_229637174.1
OG0001115	WP_012596346.1	WP_040054365.1
OG0001116	WP_012594794.1	WP_229637226.1
OG0001117	WP_041229660.1	WP_229637234.1
OG0001119	WP_015785368.1	WP_229637276.1
OG0001121	WP_012596533.1	WP_229637320.1
OG0001122	WP_012597013.1	WP_229637324.1
OG0001124	WP_012593603.1	WP_229637344.1
OG0001125	WP_012594257.1	WP_229637352.1
OG0001126	WP_012596911.1	WP_229637740.1
OG0001127	WP_012596361.1	WP_040054533.1
OG0001129	WP_012593923.1, WP_241392648.1	WP_229637394.1
OG0001130	WP_012594210.1	WP_229637399.1
OG0001132	WP_012594873.1	WP_229637408.1
OG0001133	WP_012594212.1	WP_229637442.1
OG0001134	WP_008277373.1	WP_229637443.1
OG0001135	WP_012597207.1	WP_040054492.1
OG0001136	WP_015957329.1	WP_229637449.1
OG0001137	WP_041229883.1	WP_229637451.1
OG0001138	WP_012594511.1	WP_229637466.1
OG0001139	WP_012595012.1	WP_229637476.1
OG0001140	WP_012593805.1	WP_229637484.1
OG0001141	WP_012597225.1	WP_229637485.1
OG0001142	WP_012596629.1	WP_040054926.1
OG0001143	WP_012594952.1	WP_229637153.1
OG0001144	WP_012596198.1	WP_229637661.1
OG0001145	WP_012593439.1	WP_229637245.1
OG0001147	WP_012593611.1	WP_229637342.1
OG0001149	WP_012596729.1	WP_229637370.1
OG0001150	WP_012594913.1	WP_040054218.1
OG0001163	WP_012594882.1	WP_229636951.1
OG0001167	WP_012594876.1	WP_229637317.1
OG0001179	WP_012593447.1	WP_229637346.1
OG0001180	WP_012593623.1	WP_229637337.1
OG0001183	WP_012594589.1	WP_040054880.1
OG0001187	WP_015957283.1	WP_229636857.1
OG0001189	WP_012597248.1	WP_229637664.1
OG0001190	WP_012595309.1	WP_229637411.1
OG0001197	WP_015957370.1	WP_229637004.1
OG0001202	WP_015785367.1	WP_229637277.1
OG0001203	WP_012594820.1	WP_229637185.1
OG0001204	WP_012597245.1	WP_040055112.1
OG0001205	WP_012594563.1	WP_040054995.1
OG0001221	WP_012593642.1	WP_229637534.1
OG0001222	WP_012595981.1	WP_040054732.1
OG0001224	WP_015957292.1	WP_229636975.1
OG0001225	WP_015785114.1	WP_229636977.1
OG0001230	WP_012596528.1	WP_040054189.1
OG0001239	WP_012595360.1	WP_229637249.1
OG0001240	WP_012595801.1	WP_229637516.1
OG0001241	WP_012595584.1	WP_229637307.1
OG0001242	WP_012595100.1	WP_229636963.1
OG0001243	WP_012596977.1	WP_229637680.1
OG0001245	WP_012595655.1	WP_229637487.1
OG0001252	WP_012595056.1	WP_229637651.1
OG0001254	WP_012593964.1	WP_229636800.1
OG0001262	WP_015785113.1	WP_229636976.1
OG0001265	WP_012596106.1	WP_229637677.1
OG0001270	WP_012596248.1	WP_229637492.1
OG0001271	WP_012596249.1	WP_040054647.1
OG0001272	WP_012596250.1	WP_040054648.1
OG0001273	WP_012596004.1	WP_229637582.1
OG0001274	WP_012593999.1	WP_229637591.1
OG0001275	WP_012594945.1	WP_040055109.1
OG0001276	WP_012595075.1	WP_229637601.1
OG0001278	WP_012593753.1	WP_040054753.1
OG0001280	WP_012593514.1	WP_040054973.1
OG0001281	WP_015785193.1	WP_040054970.1
OG0001282	WP_012594667.1	WP_229637675.1
OG0001284	WP_012593910.1	WP_040054134.1
OG0001285	WP_012596089.1	WP_229636773.1
OG0001286	WP_012594468.1	WP_229636820.1
OG0001287	WP_012595937.1	WP_229636848.1
OG0001288	WP_012596927.1	WP_229636865.1
OG0001289	WP_012594849.1	WP_040054270.1
OG0001290	WP_012594848.1	WP_229636909.1
OG0001291	WP_241392680.1	WP_229636971.1
OG0001292	WP_012596630.1	WP_040054927.1
OG0001293	WP_012595280.1	WP_040055219.1
OG0001294	WP_012593696.1	WP_229637000.1
OG0001295	WP_012596445.1	WP_040055136.1
OG0001296	WP_012595164.1	WP_229637062.1
OG0001297	WP_012595923.1	WP_261345099.1
OG0001298	WP_015957343.1	WP_229637180.1
OG0001299	WP_012593733.1	WP_229637220.1
OG0001301	WP_203427680.1	WP_229637283.1
OG0001302	WP_012597205.1	WP_229637286.1
OG0001303	WP_012597204.1	WP_040054846.1
OG0001306	WP_012595916.1	WP_229637365.1
OG0001307	WP_012595849.1	WP_229637406.1
OG0001308	WP_012596002.1	WP_229637418.1
OG0001310	WP_012596918.1	WP_040054502.1
OG0001311	WP_012596338.1	WP_040054475.1
OG0001312	WP_015785108.1	WP_229637460.1
OG0001313	WP_012595204.1	WP_229637467.1
OG0001314	WP_012594547.1	WP_229637473.1
OG0001315	WP_012594617.1	WP_040054756.1
OG0001316	WP_012595914.1	WP_040054558.1
OG0001317	WP_012595220.1	WP_229637512.1
OG0001318	WP_012594351.1	WP_229637564.1
OG0001319	WP_012594204.1	WP_040054708.1
OG0001833	WP_012593939.1	WP_229637647.1
OG0001864	WP_012594418.1	WP_229636973.1
