Orthogroup	Rippkaea_orientalis_PCC_8801_GCF_000021805.1_protein	cyanobacterium_endosymbiont_of_Epithemia_turgida_isolate_EtSB_Lake_Yunoko_ETSB_Lake_Yunoko_GCF_000829235.1_protein
OG0000001	WP_012595241.1, WP_012596802.1, WP_012593748.1	WP_052470631.1
OG0000002	WP_012594306.1	WP_044107455.1
OG0000002	WP_012593393.1	WP_044107086.1
OG0000002	WP_012594749.1	WP_044105586.1
OG0000004	WP_012594919.1	WP_044107682.1
OG0000004	WP_203427746.1	WP_171816450.1
OG0000005	WP_012594914.1	WP_044106509.1
OG0000005	WP_012593970.1	WP_044107588.1
OG0000005	WP_015957337.1	WP_044105651.1
OG0000006	WP_012593655.1	WP_044106285.1
OG0000006	WP_012595157.1	WP_195910197.1
OG0000006	WP_012593979.1	WP_044106813.1
OG0000009	WP_241392710.1	WP_232509908.1
OG0000009	WP_012596758.1	WP_044107246.1
OG0000009	WP_012594295.1	WP_044106882.1
OG0000010	WP_012595805.1	WP_044105555.1
OG0000010	WP_012596210.1	WP_044106279.1
OG0000011	WP_012596523.1	WP_044106088.1
OG0000011	WP_012596524.1	WP_044106087.1
OG0000012	WP_012596142.1	WP_044105968.1
OG0000012	WP_157861323.1	WP_044105796.1
OG0000012	WP_012796780.1	WP_044105915.1
OG0000013	WP_012594400.1, WP_012594852.1, WP_012593716.1	WP_044105701.1
OG0000016	WP_012593760.1	WP_044106471.1
OG0000016	WP_015957439.1	WP_171816456.1
OG0000017	WP_012594218.1, WP_012595624.1	WP_044106804.1
OG0000018	WP_012594879.1	WP_044105505.1
OG0000018	WP_012596839.1	WP_084220214.1
OG0000019	WP_012595938.1	WP_044106759.1
OG0000019	WP_012596598.1	WP_044105906.1
OG0000020	WP_012594334.1	WP_044106868.1
OG0000020	WP_012597235.1	WP_044106105.1
OG0000021	WP_012596349.1	WP_232509851.1
OG0000023	WP_012594825.1	WP_044106752.1
OG0000023	WP_012594459.1	WP_044106195.1
OG0000024	WP_012594128.1	WP_044106831.1
OG0000024	WP_012594863.1	WP_044107440.1
OG0000025	WP_012594546.1	WP_044106482.1
OG0000025	WP_241392701.1	WP_232509920.1
OG0000026	WP_012594333.1	WP_044106869.1
OG0000026	WP_012596082.1	WP_044107610.1
OG0000027	WP_012596303.1	WP_044106434.1
OG0000027	WP_012595814.1	WP_044106355.1
OG0000029	WP_012594738.1	WP_044106819.1
OG0000029	WP_012595625.1	WP_044106393.1
OG0000030	WP_012593771.1	WP_084220174.1
OG0000030	WP_012597010.1	WP_044106349.1
OG0000031	WP_012594308.1	WP_044106866.1
OG0000031	WP_012596199.1	WP_044106353.1
OG0000032	WP_012596416.1	WP_232509865.1
OG0000032	WP_012597073.1	WP_044106634.1
OG0000033	WP_012594695.1	WP_044106073.1
OG0000033	WP_012593929.1	WP_044107314.1
OG0000034	WP_012594532.1	WP_044106690.1
OG0000034	WP_012596119.1	WP_044107155.1
OG0000035	WP_241392715.1	WP_171816400.1, WP_052470624.1
OG0000035	WP_012593750.1	WP_044106970.1
OG0000036	WP_012595422.1	WP_044105840.1
OG0000036	WP_203427679.1	WP_044107593.1
OG0000037	WP_012596483.1	WP_012596483.1
OG0000037	WP_012594303.1	WP_044106680.1
OG0000038	WP_012593581.1	WP_044106151.1
OG0000038	WP_015785396.1	WP_044106330.1
OG0000039	WP_015785241.1	WP_044107707.1
OG0000042	WP_015785216.1	WP_044107488.1
OG0000044	WP_012595098.1	WP_044107036.1
OG0000044	WP_012594479.1	WP_044107433.1
OG0000045	WP_012594097.1	WP_171816403.1
OG0000045	WP_012594193.1	WP_044107656.1
OG0000046	WP_015785163.1	WP_044106148.1
OG0000047	WP_012595503.1	WP_232509866.1
OG0000047	WP_012593998.1	WP_044106383.1
OG0000048	WP_012595429.1	WP_044107351.1
OG0000048	WP_012594781.1	WP_044106080.1
OG0000049	WP_012597189.1	WP_044105832.1
OG0000049	WP_012594467.1	WP_084220185.1, WP_044107456.1
OG0000051	WP_012594612.1	WP_044106406.1
OG0000059	WP_012595567.1	WP_232509915.1
OG0000061	WP_012594290.1	WP_044107080.1
OG0000062	WP_012595942.1	WP_044106103.1
OG0000062	WP_015957441.1	WP_044105515.1
OG0000063	WP_012597266.1	WP_044105722.1
OG0000063	WP_012595665.1	WP_044106673.1
OG0000064	WP_012595400.1	WP_044106748.1
OG0000070	WP_012595832.1	WP_044105531.1
OG0000071	WP_012595988.1	WP_044105992.1
OG0000072	WP_203427683.1	WP_171816376.1
OG0000073	WP_012596709.1	WP_044106761.1
OG0000074	WP_012594005.1	WP_044107238.1
OG0000075	WP_012595418.1	WP_044105525.1
OG0000076	WP_012594955.1	WP_044105599.1
OG0000078	WP_012593764.1	WP_044106473.1, WP_044106475.1
OG0000079	WP_012594259.1, WP_012593427.1, WP_015957296.1	WP_044107249.1
OG0000081	WP_012594445.1	WP_044105623.1
OG0000082	WP_012594042.1	WP_044106137.1
OG0000085	WP_012595699.1, WP_012594394.1	WP_044105809.1
OG0000088	WP_012593825.1	WP_044107501.1
OG0000090	WP_241392598.1, WP_012594496.1, WP_012594069.1	WP_044107366.1
OG0000094	WP_012594920.1	WP_044107173.1
OG0000095	WP_012593703.1	WP_044107534.1
OG0000096	WP_015957414.1, WP_012597268.1	WP_044106710.1
OG0000097	WP_015957364.1	WP_044106411.1
OG0000098	WP_012594114.1	WP_044105757.1
OG0000099	WP_012595319.1, WP_012593637.1, WP_241392626.1	WP_044106161.1
OG0000100	WP_015785162.1	WP_044107613.1
OG0000101	WP_012595482.1	WP_044106542.1
OG0000102	WP_012593820.1, WP_041229573.1, WP_012594581.1	WP_044107007.1
OG0000103	WP_012594660.1	WP_044106544.1
OG0000105	WP_012596179.1	WP_044105642.1
OG0000106	WP_012596108.1, WP_012596398.1	WP_044106136.1
OG0000107	WP_012596485.1	WP_044106477.1
OG0000108	WP_012596917.1	WP_044105626.1
OG0000109	WP_012594062.1, WP_012595559.1, WP_012596399.1	WP_232509847.1
OG0000111	WP_012597070.1, WP_015957408.1	WP_145972230.1
OG0000114	WP_012593735.1	WP_232509841.1
OG0000118	WP_012596620.1	WP_044106621.1
OG0000121	WP_012594165.1, WP_012596055.1, WP_012593078.1, WP_012596316.1	WP_232509924.1
OG0000125	WP_203427668.1, WP_203427749.1, WP_203427674.1	WP_145972258.1
OG0000126	WP_015957418.1, WP_012593865.1	WP_044106596.1
OG0000127	WP_015957401.1, WP_012595439.1	WP_044106974.1
OG0000128	WP_012594763.1	WP_044105811.1
OG0000129	WP_041229730.1, WP_012594805.1	WP_044105678.1
OG0000130	WP_012594988.1	WP_044106395.1
OG0000131	WP_015957321.1	WP_044106738.1
OG0000132	WP_012594366.1	WP_044105502.1
OG0000133	WP_012595989.1	WP_044105993.1
OG0000134	WP_012595984.1	WP_044105988.1
OG0000135	WP_012595644.1	WP_052470611.1, WP_171816381.1
OG0000136	WP_012595479.1	WP_044106713.1
OG0000137	WP_012594337.1, WP_012595640.1	WP_044106646.1
OG0000138	WP_012596073.1, WP_012593588.1	WP_044107701.1
OG0000139	WP_012595057.1	WP_044107262.1
OG0000140	WP_012596877.1	WP_044105569.1
OG0000141	WP_012594416.1	WP_232509862.1
OG0000142	WP_012593511.1	WP_044107062.1
OG0000143	WP_012594949.1	WP_044105826.1
OG0000144	WP_012594160.1	WP_044107240.1
OG0000145	WP_012596664.1	WP_044105833.1
OG0000146	WP_012596526.1	WP_044106085.1
OG0000147	WP_015785160.1	WP_044106247.1
OG0000149	WP_012593847.1	WP_044107116.1
OG0000150	WP_012593636.1	WP_044106163.1
OG0000151	WP_012594201.1	WP_044106603.1
OG0000153	WP_012595642.1	WP_044106282.1
OG0000154	WP_012595438.1	WP_232509875.1
OG0000155	WP_012596725.1	WP_044105876.1
OG0000156	WP_012595010.1	WP_044106793.1
OG0000157	WP_012596253.1, WP_012595147.1	WP_044106944.1
OG0000158	WP_012594198.1	WP_044105725.1
OG0000159	WP_015957304.1	WP_044105592.1
OG0000160	WP_012597253.1	WP_044105733.1
OG0000161	WP_012596564.1, WP_012595658.1	WP_044106466.1
OG0000163	WP_012595130.1	WP_044106768.1
OG0000164	WP_012596408.1, WP_012594769.1	WP_044106755.1
OG0000165	WP_012596278.1, WP_012593645.1	WP_044107085.1
OG0000166	WP_012596831.1	WP_044106669.1
OG0000167	WP_012595347.1	WP_044106525.1
OG0000170	WP_012595415.1	WP_044106513.1
OG0000171	WP_012596566.1, WP_012594960.1	WP_044105470.1
OG0000172	WP_012595847.1	WP_044105861.1
OG0000173	WP_203427710.1, WP_012596482.1	WP_044107296.1
OG0000174	WP_041229611.1	WP_232509834.1
OG0000175	WP_203427739.1	WP_044106185.1
OG0000176	WP_012595983.1	WP_044105987.1
OG0000177	WP_012593812.1	WP_044106551.1
OG0000178	WP_015957285.1	WP_044106694.1
OG0000179	WP_012593831.1	WP_044105806.1
OG0000180	WP_012594966.1	WP_044106116.1
OG0000181	WP_012595123.1	WP_044106854.1
OG0000182	WP_041229695.1	WP_044106409.1
OG0000183	WP_012595945.1, WP_012596143.1	WP_232509928.1
OG0000184	WP_012595374.1	WP_232509858.1
OG0000185	WP_015785214.1	WP_044107489.1
OG0000186	WP_012595365.1, WP_012595446.1	WP_044107006.1
OG0000187	WP_012596644.1	WP_044107263.1
OG0000188	WP_012594741.1, WP_015957416.1	WP_232509823.1
OG0000189	WP_012597216.1	WP_044105680.1
OG0000196	WP_015957427.1	WP_044105925.1
OG0000199	WP_012594626.1	WP_044107397.1
OG0000202	WP_012595276.1	WP_044106691.1
OG0000204	WP_012597054.1	WP_044107090.1
OG0000205	WP_012595772.1, WP_012596969.1	WP_232509903.1
OG0000206	WP_012593773.1	WP_084220183.1
OG0000207	WP_012596604.1	WP_044106886.1
OG0000208	WP_012596606.1	WP_044106888.1
OG0000209	WP_041229666.1	WP_044106889.1
OG0000210	WP_241392578.1	WP_044106063.1
OG0000211	WP_012595966.1	WP_044106427.1
OG0000212	WP_012596410.1	WP_044106439.1
OG0000213	WP_012597286.1	WP_044106413.1
OG0000214	WP_015785332.1	WP_044106141.1
OG0000215	WP_012596472.1	WP_044105908.1
OG0000216	WP_012594625.1	WP_044105595.1
OG0000217	WP_015785184.1, WP_012596517.1	WP_044107431.1
OG0000218	WP_012596189.1	WP_044106236.1
OG0000219	WP_012596188.1	WP_044106238.1
OG0000220	WP_012593915.1	WP_044107371.1
OG0000221	WP_012594414.1	WP_044106505.1
OG0000222	WP_012595449.1	WP_044107108.1
OG0000223	WP_241392706.1	WP_044106735.1
OG0000224	WP_012595975.1	WP_044107053.1
OG0000225	WP_012595221.1	WP_044106343.1
OG0000226	WP_012596165.1	WP_044106179.1
OG0000227	WP_012595802.1	WP_044107137.1
OG0000228	WP_015957373.1	WP_044105660.1
OG0000229	WP_012594390.1	WP_044107004.1
OG0000230	WP_012594391.1	WP_044107003.1
OG0000231	WP_012593739.1	WP_044107393.1
OG0000232	WP_012596038.1	WP_044106918.1
OG0000233	WP_012596401.1	WP_232509821.1
OG0000234	WP_012596164.1	WP_044105766.1
OG0000235	WP_012593780.1	WP_044106449.1
OG0000236	WP_012596405.1	WP_044106533.1
OG0000237	WP_012593914.1	WP_044107373.1
OG0000239	WP_012594762.1	WP_044105812.1
OG0000240	WP_015783767.1	WP_044105673.1
OG0000241	WP_012596449.1	WP_044106703.1
OG0000242	WP_012596450.1	WP_044106699.1
OG0000243	WP_015957410.1	WP_044107205.1
OG0000244	WP_203427731.1	WP_070104604.1
OG0000245	WP_012595552.1	WP_044107144.1
OG0000246	WP_015785349.1	WP_044106291.1
OG0000247	WP_012596112.1	WP_044107324.1
OG0000248	WP_012595804.1	WP_044107550.1
OG0000249	WP_012594232.1	WP_044106455.1
OG0000250	WP_012594234.1	WP_052470606.1
OG0000251	WP_041229716.1	WP_044106828.1
OG0000252	WP_012593538.1	WP_044106225.1
OG0000253	WP_012593537.1	WP_044106223.1
OG0000254	WP_012593536.1	WP_044106219.1
OG0000255	WP_012596595.1	WP_044106079.1
OG0000256	WP_012596593.1	WP_044105847.1
OG0000257	WP_012596575.1	WP_044107147.1
OG0000258	WP_012596576.1	WP_044107149.1
OG0000259	WP_012594229.1	WP_044106617.1
OG0000260	WP_012594228.1	WP_044106618.1
OG0000261	WP_012595629.1	WP_044106101.1
OG0000262	WP_012595628.1	WP_044106098.1
OG0000263	WP_012593882.1	WP_044107001.1
OG0000264	WP_012593881.1	WP_070104603.1
OG0000265	WP_012593685.1	WP_044106256.1
OG0000266	WP_012593686.1	WP_044106258.1
OG0000267	WP_012596332.1	WP_044106874.1
OG0000268	WP_012594680.1	WP_084220189.1
OG0000269	WP_012595125.1	WP_044106856.1
OG0000270	WP_012594219.1	WP_044106852.1
OG0000271	WP_012594220.1	WP_044106076.1
OG0000272	WP_012595296.1	WP_044107398.1
OG0000273	WP_012594382.1	WP_044107410.1
OG0000274	WP_015785343.1	WP_044106068.1
OG0000275	WP_012595987.1	WP_044105991.1
OG0000276	WP_012595986.1	WP_044105990.1
OG0000277	WP_012595985.1	WP_044105989.1
OG0000278	WP_203427735.1	WP_232509905.1
OG0000279	WP_012593772.1	WP_044106013.1
OG0000280	WP_041229918.1	WP_044107072.1
OG0000281	WP_015785099.1	WP_044107073.1
OG0000282	WP_241392705.1	WP_044105927.1
OG0000283	WP_012596610.1	WP_044105744.1
OG0000284	WP_203427730.1	WP_171816455.1
OG0000285	WP_012596667.1	WP_044107199.1
OG0000286	WP_015957363.1	WP_044106347.1
OG0000287	WP_012593395.1	WP_044107087.1
OG0000288	WP_012596537.1	WP_232509892.1
OG0000289	WP_012595867.1	WP_044105627.1
OG0000290	WP_012595868.1	WP_044105628.1
OG0000291	WP_012595870.1	WP_044105630.1
OG0000292	WP_012595620.1	WP_044106447.1
OG0000293	WP_012596430.1	WP_044107651.1
OG0000294	WP_012596431.1	WP_044106863.1
OG0000295	WP_015785403.1	WP_044106295.1
OG0000296	WP_012595748.1	WP_044106590.1
OG0000297	WP_012595834.1	WP_044106058.1
OG0000298	WP_012595385.1	WP_044105965.1
OG0000299	WP_012593963.1	WP_044106178.1
OG0000300	WP_012594621.1	WP_044107315.1
OG0000301	WP_012595573.1	WP_044106913.1
OG0000302	WP_241392536.1	WP_232509872.1
OG0000303	WP_015785312.1	WP_044105853.1
OG0000304	WP_015957385.1	WP_171816451.1
OG0000305	WP_012594443.1	WP_044106786.1
OG0000306	WP_012593757.1	WP_044106529.1
OG0000307	WP_012595526.1	WP_044106146.1
OG0000308	WP_012594943.1	WP_044106576.1
OG0000309	WP_012594142.1	WP_044107574.1
OG0000310	WP_012595076.1	WP_070104597.1
OG0000311	WP_012593708.1	WP_044106289.1
OG0000312	WP_012593707.1	WP_044106290.1
OG0000313	WP_012596093.1	WP_044105868.1
OG0000314	WP_012595776.1	WP_044106506.1
OG0000315	WP_012595249.1	WP_044106711.1
OG0000316	WP_012596869.1	WP_044107208.1
OG0000317	WP_012594558.1	WP_145972266.1
OG0000318	WP_012594557.1	WP_044105801.1
OG0000319	WP_012596661.1	WP_044106305.1
OG0000320	WP_012596660.1	WP_044106304.1
OG0000321	WP_012593866.1	WP_044106821.1
OG0000322	WP_012596298.1	WP_044106160.1
OG0000323	WP_012594276.1	WP_232509849.1
OG0000324	WP_012594277.1	WP_044106199.1
OG0000325	WP_012593668.1	WP_044107382.1
OG0000326	WP_012593988.1	WP_044106877.1
OG0000327	WP_012596163.1	WP_044105947.1
OG0000328	WP_012595794.1	WP_044106322.1
OG0000329	WP_012595793.1	WP_044106323.1
OG0000330	WP_012595792.1	WP_044106326.1
OG0000331	WP_012595706.1	WP_044106056.1
OG0000332	WP_012593749.1	WP_044105959.1
OG0000333	WP_012593953.1	WP_044105958.1
OG0000334	WP_012596006.1	WP_044107462.1
OG0000335	WP_012595533.1	WP_044106143.1
OG0000336	WP_015785178.1	WP_044106980.1
OG0000337	WP_012594885.1	WP_044106598.1
OG0000338	WP_012594507.1	WP_044105518.1
OG0000339	WP_012593456.1	WP_044106865.1
OG0000340	WP_012595611.1	WP_044105979.1
OG0000341	WP_012597105.1	WP_044106884.1
OG0000342	WP_012593807.1	WP_044106004.1
OG0000343	WP_012593806.1	WP_044107327.1
OG0000344	WP_012593903.1	WP_044106168.1
OG0000345	WP_012595059.1	WP_044107258.1
OG0000346	WP_012595060.1	WP_044107256.1
OG0000347	WP_012595061.1	WP_044107255.1
OG0000348	WP_012595062.1	WP_232509926.1
OG0000349	WP_203427725.1	WP_044107521.1
OG0000350	WP_012594616.1	WP_044106210.1
OG0000351	WP_041229900.1	WP_044106727.1
OG0000352	WP_012597102.1	WP_044107640.1
OG0000353	WP_015785330.1	WP_044105834.1
OG0000354	WP_012593664.1	WP_044107094.1
OG0000355	WP_012597254.1	WP_044105732.1
OG0000356	WP_012596876.1	WP_044105567.1
OG0000357	WP_012595972.1	WP_044107670.1
OG0000358	WP_012596351.1	WP_044107054.1
OG0000359	WP_012594019.1	WP_044105512.1
OG0000360	WP_012594560.1	WP_232509896.1
OG0000361	WP_012594340.1	WP_084220236.1
OG0000362	WP_012596654.1	WP_044106493.1
OG0000363	WP_012593938.1	WP_044107282.1
OG0000364	WP_012596333.1	WP_044105638.1
OG0000365	WP_012597041.1	WP_044107446.1
OG0000366	WP_012596657.1	WP_044107323.1
OG0000367	WP_012597097.1	WP_044106728.1
OG0000368	WP_012593407.1	WP_044106850.1
OG0000369	WP_012595861.1	WP_044107348.1
OG0000370	WP_012595859.1	WP_044107346.1
OG0000371	WP_012595048.1	WP_044107216.1
OG0000372	WP_241392679.1	WP_145972291.1
OG0000373	WP_012593515.1	WP_044105985.1
OG0000374	WP_012595692.1	WP_044105609.1
OG0000375	WP_012593702.1	WP_044105615.1
OG0000376	WP_012593844.1	WP_044105621.1
OG0000377	WP_012594850.1	WP_044106583.1
OG0000378	WP_012594851.1	WP_044106582.1
OG0000379	WP_012597249.1	WP_044106896.1
OG0000380	WP_012597251.1	WP_044106897.1
OG0000381	WP_071819093.1	WP_044106898.1
OG0000382	WP_012593510.1	WP_044107060.1
OG0000383	WP_012593509.1	WP_044107059.1
OG0000384	WP_012596314.1	WP_044106908.1
OG0000385	WP_012594015.1	WP_044105658.1
OG0000386	WP_012596342.1	WP_171816434.1
OG0000387	WP_015785333.1	WP_044106851.1
OG0000388	WP_012594032.1	WP_044106337.1
OG0000389	WP_012594036.1	WP_044106339.1
OG0000390	WP_012594947.1	WP_044105783.1
OG0000391	WP_012595156.1	WP_044106644.1
OG0000392	WP_012595432.1	WP_044106818.1
OG0000393	WP_012596247.1	WP_044106817.1
OG0000394	WP_041229585.1	WP_044107447.1
OG0000395	WP_012593815.1	WP_044107448.1
OG0000396	WP_012595621.1	WP_044106803.1
OG0000397	WP_012594139.1	WP_044105849.1
OG0000398	WP_012594522.1	WP_171816458.1
OG0000400	WP_012593698.1	WP_044105648.1
OG0000401	WP_012596579.1	WP_044107283.1
OG0000402	WP_012596580.1	WP_044107284.1
OG0000403	WP_012593778.1	WP_044106514.1
OG0000404	WP_012593909.1	WP_044105824.1
OG0000405	WP_012596092.1	WP_044107365.1
OG0000406	WP_012596091.1	WP_084220222.1
OG0000407	WP_015957326.1	WP_044107698.1
OG0000408	WP_015957328.1	WP_145972257.1
OG0000409	WP_015785220.1	WP_044107404.1
OG0000410	WP_012595063.1	WP_044107253.1
OG0000411	WP_012597143.1	WP_044106822.1
OG0000412	WP_012596086.1	WP_044107367.1
OG0000413	WP_012593728.1	WP_044106841.1
OG0000414	WP_012595398.1	WP_044107069.1
OG0000415	WP_012596371.1	WP_044106107.1
OG0000416	WP_012595646.1	WP_044105751.1
OG0000417	WP_012596931.1	WP_044106390.1
OG0000418	WP_012594600.1	WP_044107604.1
OG0000419	WP_012596049.1	WP_044106826.1
OG0000420	WP_012596050.1	WP_044106827.1
OG0000421	WP_015957400.1	WP_044107665.1
OG0000422	WP_012597051.1	WP_044106423.1
OG0000423	WP_012594429.1	WP_044107051.1
OG0000424	WP_012594318.1	WP_044107364.1
OG0000425	WP_012593471.1	WP_044106139.1
OG0000426	WP_012595345.1	WP_044107140.1
OG0000427	WP_012595346.1	WP_044107142.1
OG0000428	WP_012596104.1	WP_044107436.1
OG0000429	WP_012596989.1	WP_044107223.1
OG0000430	WP_012596150.1	WP_044107597.1
OG0000431	WP_012594157.1	WP_145972280.1
OG0000432	WP_012594821.1	WP_044106689.1
OG0000433	WP_015957413.1	WP_044107047.1
OG0000434	WP_015785357.1	WP_044107046.1
OG0000435	WP_015957412.1	WP_044107045.1
OG0000436	WP_015957431.1	WP_044106706.1
OG0000437	WP_012596710.1	WP_044106663.1
OG0000438	WP_012594844.1	WP_044106131.1
OG0000439	WP_012594503.1	WP_044105934.1
OG0000440	WP_012596525.1	WP_044106086.1
OG0000441	WP_012596037.1	WP_044106920.1
OG0000442	WP_012596691.1	WP_044105952.1
OG0000443	WP_012597120.1	WP_044105954.1
OG0000444	WP_012594591.1	WP_044105974.1
OG0000445	WP_012594592.1	WP_044105973.1
OG0000446	WP_012593889.1	WP_044105963.1
OG0000447	WP_012595907.1	WP_044106978.1
OG0000448	WP_012593784.1	WP_044106461.1
OG0000449	WP_012593785.1	WP_044106464.1
OG0000450	WP_012596331.1	WP_044107379.1
OG0000451	WP_012596192.1	WP_044107377.1
OG0000452	WP_012594137.1	WP_044105850.1
OG0000453	WP_015785100.1	WP_044107074.1
OG0000454	WP_012596354.1	WP_171816445.1
OG0000455	WP_012596353.1	WP_044107449.1
OG0000456	WP_012596636.1	WP_044105776.1
OG0000457	WP_012596137.1	WP_145972287.1
OG0000458	WP_012595213.1	WP_044107608.1
OG0000459	WP_012594113.1	WP_044105755.1
OG0000460	WP_041229914.1	WP_044106906.1
OG0000461	WP_012596172.1	WP_044107290.1
OG0000462	WP_012594756.1	WP_044106549.1
OG0000463	WP_012596947.1	WP_044105899.1
OG0000464	WP_012595490.1	WP_171816454.1
OG0000465	WP_241392640.1	WP_232509900.1
OG0000466	WP_012596779.1	WP_044106198.1
OG0000467	WP_012595311.1	WP_044105497.1
OG0000468	WP_012596465.1	WP_044107212.1
OG0000469	WP_015785310.1	WP_044105851.1
OG0000470	WP_015785311.1	WP_044105852.1
OG0000471	WP_012593850.1	WP_044106133.1
OG0000472	WP_012594267.1	WP_044105625.1
OG0000473	WP_012593401.1	WP_232509870.1
OG0000474	WP_012595267.1	WP_044106356.1
OG0000475	WP_012596765.1	WP_044106846.1
OG0000476	WP_012596764.1	WP_044106845.1
OG0000477	WP_012594897.1	WP_044105953.1
OG0000478	WP_012597233.1	WP_044106078.1
OG0000479	WP_012595765.1	WP_044107544.1
OG0000480	WP_012593711.1	WP_232509856.1
OG0000481	WP_012593710.1	WP_044106288.1
OG0000482	WP_012595610.1	WP_044106999.1
OG0000483	WP_012595550.1	WP_232509921.1
OG0000484	WP_012595853.1	WP_044107485.1
OG0000485	WP_012595852.1	WP_044107486.1
OG0000486	WP_012595851.1	WP_044107487.1
OG0000487	WP_012595379.1	WP_044107188.1
OG0000488	WP_012596832.1	WP_044106990.1
OG0000489	WP_012596412.1	WP_044106438.1
OG0000490	WP_241392697.1	WP_232509922.1
OG0000491	WP_012595535.1	WP_044105753.1
OG0000492	WP_012594513.1	WP_044107168.1
OG0000493	WP_015785230.1	WP_232509894.1
OG0000494	WP_012594283.1	WP_044107499.1
OG0000495	WP_012593993.1	WP_044107390.1
OG0000496	WP_012593504.1	WP_044107095.1
OG0000497	WP_012593474.1	WP_044106950.1
OG0000498	WP_203427747.1	WP_044107281.1
OG0000499	WP_012594567.1	WP_044106403.1
OG0000500	WP_012595833.1	WP_145972253.1
OG0000501	WP_012597278.1	WP_044106750.1
OG0000502	WP_041229606.1	WP_044105972.1
OG0000503	WP_012593633.1	WP_044107320.1
OG0000504	WP_012593634.1	WP_044107319.1
OG0000505	WP_012593893.1	WP_044107328.1
OG0000506	WP_012595946.1	WP_044107329.1
OG0000507	WP_012595027.1	WP_044107278.1
OG0000508	WP_012594624.1	WP_232509815.1
OG0000509	WP_041229671.1	WP_171816427.1
OG0000510	WP_012595635.1	WP_044107672.1
OG0000511	WP_012597048.1	WP_232509912.1
OG0000512	WP_012597047.1	WP_044106945.1
OG0000513	WP_012595384.1	WP_044106591.1
OG0000514	WP_012596882.1	WP_044107537.1
OG0000515	WP_012595546.1	WP_044107321.1
OG0000516	WP_012594006.1	WP_044107237.1
OG0000517	WP_012596185.1	WP_044106242.1
OG0000518	WP_012595541.1	WP_044106651.1
OG0000519	WP_012594783.1	WP_044107342.1
OG0000520	WP_012594782.1	WP_044107695.1
OG0000521	WP_012596257.1	WP_044106156.1
OG0000522	WP_012594109.1	WP_044105823.1
OG0000523	WP_012595247.1	WP_044106154.1
OG0000524	WP_012595246.1	WP_044106153.1
OG0000525	WP_012596061.1	WP_044107575.1
OG0000526	WP_012594225.1	WP_044105738.1
OG0000527	WP_012593828.1	WP_044106422.1
OG0000528	WP_012594360.1	WP_044106421.1
OG0000529	WP_012595461.1	WP_044106536.1
OG0000530	WP_012593801.1	WP_044106152.1
OG0000531	WP_012593800.1	WP_044107578.1
OG0000532	WP_012593496.1	WP_044106009.1
OG0000533	WP_012595073.1	WP_044105938.1
OG0000534	WP_012595071.1	WP_044105940.1
OG0000535	WP_012595070.1	WP_044105941.1
OG0000536	WP_012594282.1	WP_044107497.1
OG0000537	WP_012595691.1	WP_044107511.1
OG0000538	WP_012594608.1	WP_044105978.1
OG0000539	WP_012595881.1	WP_044106870.1
OG0000540	WP_012594883.1	WP_044106599.1
OG0000541	WP_012594742.1	WP_044105645.1
OG0000542	WP_012596007.1	WP_044105945.1
OG0000543	WP_012596796.1	WP_044107680.1
OG0000544	WP_012595091.1	WP_044107044.1
OG0000545	WP_012595093.1	WP_044107041.1
OG0000546	WP_012595094.1	WP_044107040.1
OG0000547	WP_012595095.1	WP_044107039.1
OG0000548	WP_012595096.1	WP_044107038.1
OG0000549	WP_012595099.1	WP_044107035.1
OG0000550	WP_012595102.1	WP_044107034.1
OG0000551	WP_012595104.1	WP_044107033.1
OG0000552	WP_012595105.1	WP_044107032.1
OG0000553	WP_012595106.1	WP_044107031.1
OG0000554	WP_012595107.1	WP_044107030.1
OG0000555	WP_012595109.1	WP_044107028.1
OG0000556	WP_012595113.1	WP_044107023.1
OG0000557	WP_012595114.1	WP_044107022.1
OG0000558	WP_012595464.1	WP_044107011.1
OG0000559	WP_012595121.1	WP_044107010.1
OG0000560	WP_012595430.1	WP_044107350.1
OG0000561	WP_015785409.1	WP_044106969.1
OG0000562	WP_015785115.1	WP_044106825.1
OG0000563	WP_012594666.1	WP_044107336.1
OG0000564	WP_012594477.1	WP_044105787.1
OG0000565	WP_012596365.1	WP_044107159.1
OG0000566	WP_012595211.1	WP_044106283.1
OG0000567	WP_012594039.1	WP_044106171.1
OG0000568	WP_012594828.1	WP_044105634.1
OG0000569	WP_012594171.1	WP_044107660.1
OG0000570	WP_012594172.1	WP_044106942.1
OG0000571	WP_012594461.1	WP_044106595.1
OG0000572	WP_015957350.1	WP_044107194.1
OG0000573	WP_015785253.1	WP_044107193.1
OG0000574	WP_012595475.1	WP_044105902.1
OG0000575	WP_012595563.1	WP_044107362.1
OG0000576	WP_012595561.1	WP_044107360.1
OG0000577	WP_012595998.1	WP_044105690.1
OG0000579	WP_012594487.1	WP_044105976.1
OG0000580	WP_012595880.1	WP_044106930.1
OG0000581	WP_012595023.1	WP_232509906.1
OG0000582	WP_012594263.1	WP_044107271.1
OG0000583	WP_012594262.1	WP_044107269.1
OG0000584	WP_012597217.1	WP_044105682.1
OG0000585	WP_012594642.1	WP_044107092.1
OG0000586	WP_012596875.1	WP_171816448.1
OG0000587	WP_012595757.1	WP_145972242.1
OG0000588	WP_012595279.1	WP_044107207.1
OG0000589	WP_012594748.1	WP_044105589.1
OG0000590	WP_012596147.1	WP_044107308.1
OG0000591	WP_012596148.1	WP_044107309.1
OG0000592	WP_012596149.1	WP_044107310.1
OG0000593	WP_012596631.1	WP_044106587.1
OG0000594	WP_012596898.1	WP_044105574.1
OG0000595	WP_012594826.1	WP_044106753.1
OG0000596	WP_012596064.1	WP_044105937.1
OG0000597	WP_012596076.1	WP_044106984.1
OG0000598	WP_203427701.1	WP_044107546.1
OG0000599	WP_012597052.1	WP_044106894.1
OG0000600	WP_012593526.1	WP_084220190.1
OG0000601	WP_012595351.1	WP_044105770.1
OG0000602	WP_015957302.1	WP_044105886.1
OG0000603	WP_012595547.1	WP_044105550.1
OG0000604	WP_012595256.1	WP_044107478.1
OG0000605	WP_012594456.1	WP_044105488.1
OG0000606	WP_012594482.1	WP_044106956.1
OG0000607	WP_012595723.1	WP_044105475.1
OG0000608	WP_012595722.1	WP_044105478.1
OG0000609	WP_012593404.1	WP_044107131.1
OG0000610	WP_012594294.1	WP_044106883.1
OG0000611	WP_012593870.1	WP_044106491.1
OG0000612	WP_012595980.1	WP_044105922.1
OG0000613	WP_012595979.1	WP_044105921.1
OG0000614	WP_012595978.1	WP_044105920.1
OG0000615	WP_012596489.1	WP_044106479.1
OG0000616	WP_012595901.1	WP_044105763.1
OG0000617	WP_012596952.1	WP_044107217.1
OG0000618	WP_012593577.1	WP_044105798.1
OG0000619	WP_012594772.1	WP_044105799.1
OG0000620	WP_012595671.1	WP_044107633.1
OG0000621	WP_012593792.1	WP_044107298.1
OG0000622	WP_012593791.1	WP_044107299.1
OG0000623	WP_012593790.1	WP_044107302.1
OG0000624	WP_012593789.1	WP_044107692.1
OG0000625	WP_012594426.1	WP_044105685.1
OG0000626	WP_012597185.1	WP_044106832.1
OG0000627	WP_012597183.1	WP_044106835.1
OG0000628	WP_012596128.1	WP_044106672.1
OG0000629	WP_015785265.1	WP_171816457.1
OG0000630	WP_012594205.1	WP_044107531.1
OG0000631	WP_012596120.1	WP_044107154.1
OG0000632	WP_015785209.1	WP_044105888.1
OG0000633	WP_012594453.1	WP_044107472.1
OG0000634	WP_012596915.1	WP_044107473.1
OG0000635	WP_012596484.1	WP_044106014.1
OG0000636	WP_015785134.1	WP_044107560.1
OG0000637	WP_012594807.1	WP_232509836.1
OG0000638	WP_012597191.1	WP_044105723.1
OG0000639	WP_012594708.1	WP_044106809.1
OG0000640	WP_241392687.1	WP_044107066.1
OG0000641	WP_012595653.1	WP_044105828.1
OG0000642	WP_012593654.1	WP_044105893.1
OG0000643	WP_012594951.1	WP_044105605.1
OG0000644	WP_012594993.1	WP_044106293.1
OG0000645	WP_012594992.1	WP_044107596.1
OG0000646	WP_012597056.1	WP_044106394.1
OG0000647	WP_012594075.1	WP_044106130.1
OG0000648	WP_012594091.1	WP_044105807.1
OG0000649	WP_012596426.1	WP_044106112.1
OG0000650	WP_012597258.1	WP_044106799.1
OG0000651	WP_012597259.1	WP_044106798.1
OG0000652	WP_012593539.1	WP_044105816.1
OG0000653	WP_012596889.1	WP_052470614.1
OG0000654	WP_041229609.1	WP_084220198.1
OG0000655	WP_012593924.1	WP_044105926.1
OG0000656	WP_012593925.1	WP_044107293.1
OG0000657	WP_012596512.1	WP_044105461.1
OG0000658	WP_012595266.1	WP_044105666.1
OG0000659	WP_012596613.1	WP_044106064.1
OG0000660	WP_015785323.1	WP_044105499.1
OG0000661	WP_012595830.1	WP_044107220.1
OG0000662	WP_012595831.1	WP_044107219.1
OG0000663	WP_012595769.1	WP_044105632.1
OG0000664	WP_012593762.1	WP_044106472.1
OG0000665	WP_012595142.1	WP_044106314.1
OG0000666	WP_012594865.1	WP_044107437.1
OG0000667	WP_012594864.1	WP_044107439.1
OG0000668	WP_012594862.1	WP_044107442.1
OG0000669	WP_012594861.1	WP_044107444.1
OG0000670	WP_012593841.1	WP_044107049.1
OG0000671	WP_012596168.1	WP_044107286.1
OG0000672	WP_241392716.1	WP_171816464.1
OG0000673	WP_012594297.1	WP_044106685.1
OG0000674	WP_012596323.1	WP_044106414.1
OG0000675	WP_012595696.1	WP_044106968.1
OG0000676	WP_012594364.1	WP_044106967.1
OG0000677	WP_012594363.1	WP_044106965.1
OG0000678	WP_012594362.1	WP_044106964.1
OG0000679	WP_012594361.1	WP_044106963.1
OG0000680	WP_012595604.1	WP_044106369.1
OG0000681	WP_012595602.1	WP_044106365.1
OG0000682	WP_012595601.1	WP_044106363.1
OG0000683	WP_012595600.1	WP_044106362.1
OG0000684	WP_012595599.1	WP_044106360.1
OG0000685	WP_012594934.1	WP_044105903.1
OG0000686	WP_012596979.1	WP_044107312.1
OG0000687	WP_012593583.1	WP_044106878.1
OG0000688	WP_012593855.1	WP_044105969.1
OG0000689	WP_012593734.1	WP_171816467.1
OG0000690	WP_012595251.1	WP_044106265.1
OG0000691	WP_015957299.1	WP_044106206.1
OG0000692	WP_012593981.1	WP_044107204.1
OG0000693	WP_012596749.1	WP_044105994.1
OG0000694	WP_012596295.1	WP_044106157.1
OG0000695	WP_012596296.1	WP_044107579.1
OG0000696	WP_049769551.1	WP_232509848.1
OG0000697	WP_203427684.1	WP_084220180.1
OG0000698	WP_241392676.1	WP_232509863.1
OG0000699	WP_012594526.1	WP_044107065.1
OG0000700	WP_012596681.1	WP_171816388.1
OG0000701	WP_012596682.1	WP_044106215.1
OG0000702	WP_012596683.1	WP_044106216.1
OG0000703	WP_041229799.1	WP_044107630.1
OG0000704	WP_012595122.1	WP_044106948.1
OG0000705	WP_012595994.1	WP_044107114.1
OG0000706	WP_012594706.1	WP_044105758.1
OG0000707	WP_012593836.1	WP_145972222.1
OG0000708	WP_012596968.1	WP_044105877.1
OG0000709	WP_012595571.1	WP_044106914.1
OG0000711	WP_012595357.1	WP_044107415.1
OG0000712	WP_012595359.1	WP_044107418.1
OG0000713	WP_012594753.1	WP_171816387.1
OG0000714	WP_012596718.1	WP_044107668.1
OG0000715	WP_012596646.1	WP_044106936.1
OG0000716	WP_012595129.1	WP_044105942.1
OG0000717	WP_015785189.1	WP_044107435.1
OG0000718	WP_012595185.1	WP_052470652.1
OG0000719	WP_012594971.1	WP_044106577.1
OG0000720	WP_012594970.1	WP_044106578.1
OG0000721	WP_012594489.1	WP_044107145.1
OG0000722	WP_012596107.1	WP_044106744.1
OG0000723	WP_012595568.1	WP_044106677.1
OG0000724	WP_012596132.1	WP_044105892.1
OG0000725	WP_012596129.1	WP_044105620.1
OG0000726	WP_012595595.1	WP_044106357.1
OG0000727	WP_012595026.1	WP_044107279.1
OG0000728	WP_012596337.1	WP_044107195.1
OG0000729	WP_012595589.1	WP_044106096.1
OG0000730	WP_012595590.1	WP_044106095.1
OG0000731	WP_012595420.1	WP_044105837.1
OG0000732	WP_012595421.1	WP_044105838.1
OG0000733	WP_203427726.1	WP_044106836.1
OG0000734	WP_012596865.1	WP_044107624.1
OG0000735	WP_012593490.1	WP_044106742.1
OG0000736	WP_012594613.1	WP_044105890.1
OG0000737	WP_012593944.1	WP_044105583.1
OG0000738	WP_012593512.1	WP_044107063.1
OG0000739	WP_012595176.1	WP_044106927.1
OG0000740	WP_012595177.1	WP_044106926.1
OG0000741	WP_012595178.1	WP_044106924.1
OG0000742	WP_012595179.1	WP_044106923.1
OG0000743	WP_012595180.1	WP_044106921.1
OG0000744	WP_012593420.1	WP_044106983.1
OG0000745	WP_012595306.1	WP_145972286.1
OG0000746	WP_015785366.1	WP_044105873.1
OG0000747	WP_012596612.1	WP_044106065.1
OG0000748	WP_012597203.1	WP_044106717.1
OG0000749	WP_012595705.1	WP_044106516.1
OG0000750	WP_012595704.1	WP_044106518.1
OG0000751	WP_012596761.1	WP_044107123.1
OG0000752	WP_012596760.1	WP_044107121.1
OG0000753	WP_012594378.1	WP_044106197.1
OG0000754	WP_012593507.1	WP_044107058.1
OG0000755	WP_012594564.1	WP_052470642.1
OG0000756	WP_015785239.1	WP_044105982.1
OG0000757	WP_015785240.1	WP_044105980.1
OG0000758	WP_012595314.1	WP_044106300.1
OG0000759	WP_012595829.1	WP_044107222.1
OG0000760	WP_012595051.1	WP_044105856.1
OG0000761	WP_012595688.1	WP_044106907.1
OG0000762	WP_012595796.1	WP_044106062.1
OG0000763	WP_012597169.1	WP_044105631.1
OG0000764	WP_012594964.1	WP_044105473.1
OG0000765	WP_012594961.1	WP_044105472.1
OG0000766	WP_012595882.1	WP_044106871.1
OG0000767	WP_012595269.1	WP_044106296.1
OG0000768	WP_012593863.1	WP_044105553.1
OG0000769	WP_241392674.1	WP_084220219.1
OG0000770	WP_012593566.1	WP_044106586.1
OG0000771	WP_012596800.1	WP_070104606.1
OG0000772	WP_012593983.1	WP_044107203.1
OG0000773	WP_012593647.1	WP_044107673.1
OG0000774	WP_015957437.1	WP_044106374.1
OG0000775	WP_012595333.1	WP_044105842.1
OG0000776	WP_012594310.1	WP_044107201.1
OG0000777	WP_012594501.1	WP_044107070.1
OG0000778	WP_012594500.1	WP_171816426.1
OG0000779	WP_012594875.1	WP_171816361.1
OG0000780	WP_012596534.1	WP_044106891.1
OG0000781	WP_012596893.1	WP_044107554.1
OG0000782	WP_012597008.1	WP_044106348.1
OG0000783	WP_012597007.1	WP_232509861.1
OG0000784	WP_203427711.1	WP_044106572.1
OG0000785	WP_012593632.1	WP_044106020.1
OG0000786	WP_012593631.1	WP_044106021.1
OG0000787	WP_012593630.1	WP_044106022.1
OG0000788	WP_012593629.1	WP_044106023.1
OG0000789	WP_012593628.1	WP_044106025.1
OG0000790	WP_012593627.1	WP_044106026.1
OG0000791	WP_012593626.1	WP_044106027.1
OG0000792	WP_012593625.1	WP_044106028.1
OG0000793	WP_012593624.1	WP_044106029.1
OG0000794	WP_012593622.1	WP_044106032.1
OG0000795	WP_012593621.1	WP_044106033.1
OG0000796	WP_012593620.1	WP_044106034.1
OG0000797	WP_012593619.1	WP_044106036.1
OG0000798	WP_012593618.1	WP_044106037.1
OG0000799	WP_012593617.1	WP_044106038.1
OG0000800	WP_012593616.1	WP_044106039.1
OG0000801	WP_012593615.1	WP_044106040.1
OG0000802	WP_012593614.1	WP_044106041.1
OG0000803	WP_012593613.1	WP_044106042.1
OG0000804	WP_012593612.1	WP_044107563.1
OG0000805	WP_012593610.1	WP_044106043.1
OG0000806	WP_012593609.1	WP_044106045.1
OG0000807	WP_041229708.1	WP_044107565.1
OG0000808	WP_012593607.1	WP_044106046.1
OG0000809	WP_012593606.1	WP_044106047.1
OG0000810	WP_012593605.1	WP_044106049.1
OG0000811	WP_012593589.1	WP_044106054.1
OG0000812	WP_012595686.1	WP_044107468.1
OG0000813	WP_012594255.1	WP_044106524.1
OG0000814	WP_012594256.1	WP_044106522.1
OG0000815	WP_012596187.1	WP_044106239.1
OG0000816	WP_041229843.1	WP_044105983.1
OG0000817	WP_012596622.1	WP_044107226.1
OG0000818	WP_012596833.1	WP_044106991.1
OG0000819	WP_012594399.1	WP_171816368.1
OG0000820	WP_012594398.1	WP_171816367.1
OG0000821	WP_012594348.1	WP_044106132.1
OG0000822	WP_012595258.1	WP_044107573.1
OG0000823	WP_012596552.1	WP_044106902.1
OG0000824	WP_012595017.1	WP_044106608.1
OG0000825	WP_012595465.1	WP_044106379.1
OG0000826	WP_012595885.1	WP_044107561.1
OG0000827	WP_012595500.1	WP_084220196.1
OG0000828	WP_012597067.1	WP_044107375.1
OG0000829	WP_012594235.1	WP_044107184.1
OG0000830	WP_012594240.1	WP_044107185.1
OG0000831	WP_012596488.1	WP_044107609.1
OG0000832	WP_012595821.1	WP_044107667.1
OG0000833	WP_012597236.1	WP_044107129.1
OG0000834	WP_012597257.1	WP_044106214.1
OG0000835	WP_012593418.1	WP_044106382.1
OG0000836	WP_012597220.1	WP_044105719.1
OG0000837	WP_012595304.1	WP_044107229.1
OG0000838	WP_012595887.1	WP_044106496.1
OG0000839	WP_012594818.1	WP_044106675.1
OG0000840	WP_012596362.1	WP_044105577.1
OG0000841	WP_012596360.1	WP_044105580.1
OG0000842	WP_012593769.1	WP_044106802.1
OG0000843	WP_012595018.1	WP_044106607.1
OG0000845	WP_012596034.1	WP_044106346.1
OG0000846	WP_012594627.1	WP_044107396.1
OG0000847	WP_012594073.1	WP_044106129.1
OG0000848	WP_012594071.1	WP_044106124.1
OG0000849	WP_012596695.1	WP_145972225.1
OG0000850	WP_012597243.1	WP_044105714.1
OG0000851	WP_012597242.1	WP_044105712.1
OG0000852	WP_012594582.1	WP_044107461.1
OG0000853	WP_012594585.1	WP_044107458.1
OG0000854	WP_012595087.1	WP_044107389.1
OG0000855	WP_012593888.1	WP_044106977.1
OG0000856	WP_012594304.1	WP_044106678.1
OG0000857	WP_012595941.1	WP_052470612.1
OG0000858	WP_012594959.1	WP_044105468.1
OG0000859	WP_012595576.1	WP_044106910.1
OG0000860	WP_012595339.1	WP_044106585.1
OG0000861	WP_203427664.1	WP_044107467.1
OG0000862	WP_012597032.1	WP_044107209.1
OG0000863	WP_012593860.1	WP_044105960.1
OG0000864	WP_012593736.1	WP_044106138.1
OG0000865	WP_012596098.1	WP_044106928.1
OG0000866	WP_012596213.1	WP_044107197.1
OG0000867	WP_012596212.1	WP_044107196.1
OG0000868	WP_012596481.1	WP_044107295.1
OG0000869	WP_012596857.1	WP_044106729.1
OG0000870	WP_012595856.1	WP_044107326.1
OG0000871	WP_012594246.1	WP_044106231.1
OG0000872	WP_012594247.1	WP_044106232.1
OG0000873	WP_012596400.1	WP_044106134.1
OG0000874	WP_012593485.1	WP_044105696.1
OG0000875	WP_012595394.1	WP_044106946.1
OG0000876	WP_012595877.1	WP_044105910.1
OG0000877	WP_012595878.1	WP_044105909.1
OG0000878	WP_012594893.1	WP_044106654.1
OG0000879	WP_012594166.1	WP_044107214.1
OG0000880	WP_241392590.1	WP_052470645.1
OG0000881	WP_012596070.1	WP_044105896.1
OG0000882	WP_012596117.1	WP_044106660.1
OG0000883	WP_012597014.1	WP_044107333.1
OG0000884	WP_012597015.1	WP_044107334.1
OG0000885	WP_012595184.1	WP_044106662.1
OG0000886	WP_012594702.1	WP_044107274.1
OG0000887	WP_041229645.1	WP_044105814.1
OG0000888	WP_012594492.1	WP_044106301.1
OG0000889	WP_041229689.1	WP_044106487.1
OG0000890	WP_012595039.1	WP_044105677.1
OG0000891	WP_012596775.1	WP_044106653.1
OG0000892	WP_015785393.1	WP_044106707.1
OG0000893	WP_012593967.1	WP_044105491.1
OG0000894	WP_012593966.1	WP_044106600.1
OG0000895	WP_012593965.1	WP_044106601.1
OG0000896	WP_012595224.1	WP_044106602.1
OG0000897	WP_012597092.1	WP_044105727.1
OG0000898	WP_203427742.1	WP_044107079.1
OG0000899	WP_012595079.1	WP_044107515.1
OG0000900	WP_012595078.1	WP_044105670.1
OG0000901	WP_012597110.1	WP_044106987.1
OG0000902	WP_012597111.1	WP_044106988.1
OG0000903	WP_012593936.1	WP_044107163.1
OG0000904	WP_012593935.1	WP_044107165.1
OG0000905	WP_012597272.1	WP_044107494.1
OG0000906	WP_012597273.1	WP_044107492.1
OG0000907	WP_012597085.1	WP_171816452.1
OG0000908	WP_012594933.1	WP_044106623.1
OG0000909	WP_015784071.1	WP_044107151.1
OG0000910	WP_015785153.1	WP_044106392.1
OG0000911	WP_012594512.1	WP_044107169.1
OG0000912	WP_012596080.1	WP_044106008.1
OG0000913	WP_012596302.1	WP_044106432.1
OG0000914	WP_012594244.1	WP_044106091.1
OG0000915	WP_041229722.1	WP_044106389.1
OG0000916	WP_012594549.1	WP_044106483.1
OG0000917	WP_012595497.1	WP_044105777.1
OG0000918	WP_012595884.1	WP_044106417.1
OG0000919	WP_012595962.1	WP_044106859.1
OG0000920	WP_012597157.1	WP_145972272.1
OG0000921	WP_012595338.1	WP_044107243.1
OG0000922	WP_012595337.1	WP_044107101.1
OG0000923	WP_012595935.1	WP_044107557.1
OG0000924	WP_012595275.1	WP_044107635.1
OG0000925	WP_012595003.1	WP_044106399.1
OG0000926	WP_012597030.1	WP_044106778.1
OG0000927	WP_012595656.1	WP_044106861.1
OG0000928	WP_012596493.1	WP_044106192.1
OG0000929	WP_041229734.1	WP_044107617.1
OG0000930	WP_012596350.1	WP_044107056.1
OG0000931	WP_012596190.1	WP_044106235.1
OG0000932	WP_012593916.1	WP_044107370.1
OG0000933	WP_015785233.1	WP_044105901.1
OG0000934	WP_012595463.1	WP_044107540.1
OG0000935	WP_012594989.1	WP_044106396.1
OG0000936	WP_015957403.1	WP_044106071.1
OG0000937	WP_012596541.1	WP_044107411.1
OG0000938	WP_012596429.1	WP_044106862.1
OG0000939	WP_012594571.1	WP_044105997.1
OG0000940	WP_203427699.1	WP_044107612.1
OG0000941	WP_012596033.1	WP_044106344.1
OG0000942	WP_012594014.1	WP_044105659.1
OG0000943	WP_012595528.1	WP_044106145.1
OG0000944	WP_012593730.1	WP_044106842.1
OG0000945	WP_012596584.1	WP_044107306.1
OG0000946	WP_012596446.1	WP_044107637.1
OG0000947	WP_012593546.1	WP_232509829.1
OG0000948	WP_012595108.1	WP_044107029.1
OG0000949	WP_012595112.1	WP_044107024.1
OG0000950	WP_012593525.1	WP_044106579.1
OG0000951	WP_012593576.1	WP_044105797.1
OG0000952	WP_012596914.1	WP_044107475.1
OG0000953	WP_012593678.1	WP_044107187.1
OG0000954	WP_012593843.1	WP_044107048.1
OG0000955	WP_012595137.1	WP_044105704.1
OG0000956	WP_012596717.1	WP_044107000.1
OG0000957	WP_012596031.1	WP_232509832.1
OG0000958	WP_012596336.1	WP_232509885.1
OG0000959	WP_012597033.1	WP_044106955.1
OG0000960	WP_012594846.1	WP_044107244.1
OG0000961	WP_012593604.1	WP_044106051.1
OG0000962	WP_012594402.1	WP_044105742.1
OG0000964	WP_012595637.1	WP_044106901.1
OG0000965	WP_012595855.1	WP_044107325.1
OG0000966	WP_012596820.1	WP_044107162.1
OG0000967	WP_012593934.1	WP_044107166.1
OG0000968	WP_012595336.1	WP_044107103.1
OG0000969	WP_012594440.1	WP_044106737.1
OG0000970	WP_012597267.1	WP_044106708.1
OG0000971	WP_012595551.1	WP_044107143.1
OG0000972	WP_012596938.1	WP_044106880.1
OG0000973	WP_012597270.1	WP_044106166.1
OG0000974	WP_012595058.1	WP_044107260.1
OG0000975	WP_012594068.1	WP_044106589.1
OG0000976	WP_012595050.1	WP_044106193.1
OG0000977	WP_241392694.1	WP_232509917.1
OG0000978	WP_012594520.1	WP_044105683.1
OG0000979	WP_012595252.1	WP_044106266.1
OG0000980	WP_012595676.1	WP_044105774.1
OG0000981	WP_012594948.1	WP_044106169.1
OG0000982	WP_012596797.1	WP_044107156.1
OG0000983	WP_012595111.1	WP_044107025.1
OG0000984	WP_012593740.1	WP_044107391.1
OG0000985	WP_012594021.1	WP_044107264.1
OG0000986	WP_041229910.1	WP_044106834.1
OG0000987	WP_012594077.1	WP_044106397.1
OG0000988	WP_012594784.1	WP_044107344.1
OG0000989	WP_012596659.1	WP_044106303.1
OG0000990	WP_012595077.1	WP_044105671.1
OG0000991	WP_015785342.1	WP_044106070.1
OG0000992	WP_012594568.1	WP_044106401.1
OG0000993	WP_012596943.1	WP_044106559.1
OG0000994	WP_241392702.1	WP_044106855.1
OG0000995	WP_012595860.1	WP_044107347.1
OG0000996	WP_012596334.1	WP_044105639.1
OG0000997	WP_241392709.1	WP_044107605.1
OG0000998	WP_012594994.1	WP_084220182.1
OG0000999	WP_015957279.1	WP_084220192.1
OG0001000	WP_012593796.1	WP_044107471.1
OG0001001	WP_012593445.1	WP_232509893.1
OG0001002	WP_012596495.1	WP_044106188.1
OG0001003	WP_012597160.1	WP_044105810.1
OG0001004	WP_012596650.1	WP_145972231.1
OG0001005	WP_012594401.1	WP_044105740.1
OG0001006	WP_012594697.1	WP_044106072.1
OG0001007	WP_015957336.1	WP_232509824.1
OG0001008	WP_012597028.1	WP_044106780.1
OG0001009	WP_203427666.1	WP_044106060.1
OG0001010	WP_012596808.1	WP_044107322.1
OG0001011	WP_203427740.1	WP_044107691.1
OG0001012	WP_012593460.1	WP_044107703.1
OG0001013	WP_012594250.1	WP_044106647.1
OG0001014	WP_012595752.1	WP_044105864.1
OG0001015	WP_241392607.1	WP_232509839.1
OG0001016	WP_012593883.1	WP_044105830.1
OG0001017	WP_012594709.1	WP_232509909.1
OG0001018	WP_012595603.1	WP_044106367.1
OG0001019	WP_012594845.1	WP_171816435.1
OG0001020	WP_012593811.1	WP_232509864.1
OG0001021	WP_012594224.1	WP_044105735.1
OG0001022	WP_012594106.1	WP_044106570.1
OG0001023	WP_012594115.1	WP_044107425.1
OG0001024	WP_012594389.1	WP_044107005.1
OG0001025	WP_241392708.1	WP_084220228.1
OG0001026	WP_012596522.1	WP_044105561.1
OG0001027	WP_012593600.1	WP_044105966.1
OG0001028	WP_012596173.1	WP_232509888.1, WP_171816438.1
OG0001029	WP_012594264.1	WP_044107272.1
OG0001030	WP_241392723.1	WP_232509916.1
OG0001031	WP_012593540.1	WP_232509898.1
OG0001032	WP_012595358.1	WP_044107417.1
OG0001033	WP_012593639.1	WP_044107567.1
OG0001034	WP_015785417.1	WP_044105716.1
OG0001035	WP_012596487.1	WP_044106478.1
OG0001036	WP_203427717.1	WP_171816459.1
OG0001039	WP_012594321.1	WP_044107078.1
OG0001042	WP_012594891.1	WP_044106659.1
OG0001051	WP_012596378.1	WP_044106767.1
OG0001053	WP_041229798.1	WP_044106405.1
OG0001054	WP_012594386.1	WP_044107674.1
OG0001056	WP_012597094.1	WP_044106807.1
OG0001061	WP_012596169.1, WP_015957430.1	WP_044107287.1
OG0001064	WP_012593819.1	WP_044105486.1
OG0001066	WP_012594176.1	WP_044106726.1
OG0001068	WP_012596367.1, WP_012594288.1	WP_070104599.1
OG0001073	WP_012595450.1	WP_171816431.1
OG0001074	WP_012596750.1	WP_044105995.1
OG0001079	WP_012596852.1	WP_044105949.1
OG0001086	WP_012596043.1	WP_044106917.1
OG0001090	WP_012595491.1	WP_044106203.1
OG0001093	WP_012595083.1	WP_232509881.1
OG0001096	WP_012594974.1	WP_044107082.1
OG0001097	WP_012594352.1	WP_044105855.1
OG0001098	WP_012593635.1	WP_084220217.1
OG0001099	WP_012595863.1	WP_044106381.1
OG0001100	WP_012595871.1	WP_145972238.1
OG0001101	WP_012594833.1	WP_044105636.1
OG0001111	WP_012594953.1	WP_044105602.1
OG0001114	WP_012595265.1	WP_044105664.1
OG0001118	WP_012597237.1	WP_044107130.1
OG0001124	WP_012593603.1	WP_044106052.1
OG0001130	WP_012594210.1	WP_145972240.1
OG0001133	WP_012594212.1	WP_145972235.1
OG0001137	WP_041229883.1	WP_044105930.1
OG0001142	WP_012596629.1	WP_145972282.1
OG0001146	WP_012595697.1	WP_044107363.1
OG0001147	WP_012593611.1	WP_084220176.1
OG0001150	WP_012594913.1	WP_044106424.1
OG0001152	WP_012595118.1	WP_044107015.1
OG0001153	WP_012595968.1	WP_044107402.1
OG0001154	WP_012596079.1, WP_012595401.1	WP_232509844.1
OG0001156	WP_012596662.1	WP_044106306.1
OG0001157	WP_012596658.1	WP_044106302.1
OG0001160	WP_012593651.1	WP_044106528.1
OG0001163	WP_012594882.1	WP_052470627.1
OG0001164	WP_012594230.1	WP_044106615.1
OG0001165	WP_012595944.1	WP_044107331.1
OG0001166	WP_012596071.1	WP_044105894.1
OG0001167	WP_012594876.1	WP_044105509.1
OG0001169	WP_012595892.1	WP_044106498.1
OG0001174	WP_012597156.1	WP_171816369.1, WP_052470602.1
OG0001179	WP_012593447.1	WP_044105538.1
OG0001180	WP_012593623.1	WP_044106030.1
OG0001181	WP_012595015.1	WP_171816405.1
OG0001183	WP_012594589.1	WP_044107457.1
OG0001187	WP_015957283.1	WP_044107075.1
OG0001188	WP_012593752.1	WP_052470629.1, WP_044107081.1
OG0001189	WP_012597248.1	WP_044106895.1
OG0001190	WP_012595309.1	WP_171816397.1
OG0001193	WP_012594238.1, WP_012594433.1	WP_044105650.1
OG0001194	WP_012595542.1	WP_044107251.1
OG0001195	WP_012594771.1	WP_044106756.1
OG0001197	WP_015957370.1	WP_044107413.1
OG0001198	WP_012595494.1	WP_044107241.1
OG0001199	WP_015957383.1, WP_012594031.1	WP_232509859.1
OG0001200	WP_012593887.1	WP_044105808.1
OG0001201	WP_012596010.1	WP_232509816.1, WP_232509817.1
OG0001202	WP_015785367.1	WP_044105875.1
OG0001203	WP_012594820.1	WP_044106520.1
OG0001204	WP_012597245.1	WP_044106588.1
OG0001205	WP_012594563.1	WP_044105805.1
OG0001208	WP_012594442.1	WP_044106782.1, WP_044106784.1
OG0001209	WP_012596634.1, WP_015957419.1	WP_044107358.1
OG0001212	WP_012596347.1	WP_044107099.1
OG0001213	WP_012595000.1	WP_044105528.1
OG0001216	WP_012594095.1	WP_044106568.1
OG0001217	WP_012593768.1	WP_044106801.1
OG0001218	WP_012595700.1, WP_012595569.1	WP_044106915.1
OG0001219	WP_012595694.1	WP_232509819.1
OG0001221	WP_012593642.1	WP_044107341.1
OG0001222	WP_012595981.1	WP_044105924.1
OG0001223	WP_012596171.1	WP_044107288.1
OG0001224	WP_015957292.1	WP_044106823.1
OG0001225	WP_015785114.1	WP_171816416.1
OG0001229	WP_012597093.1	WP_044106484.1
OG0001230	WP_012596528.1	WP_044106083.1
OG0001233	WP_012595119.1	WP_044107014.1
OG0001235	WP_012596358.1	WP_148311208.1
OG0001236	WP_012595025.1, WP_012594448.1	WP_044106173.1
OG0001237	WP_012594450.1, WP_012595758.1	WP_044106175.1
OG0001238	WP_012596045.1, WP_041229755.1	WP_171816422.1
OG0001239	WP_012595360.1	WP_044107421.1
OG0001240	WP_012595801.1	WP_044107139.1
OG0001241	WP_012595584.1	WP_044107374.1
OG0001242	WP_012595100.1	WP_171816358.1
OG0001243	WP_012596977.1	WP_044107311.1
OG0001244	WP_012594413.1	WP_044106508.1
OG0001245	WP_012595655.1	WP_044106860.1
OG0001246	WP_012596003.1, WP_015957425.1	WP_044107106.1
OG0001247	WP_012593928.1, WP_041229896.1	WP_044106636.1
OG0001248	WP_012594053.1, WP_012595343.1	WP_052470639.1
OG0001249	WP_041229640.1, WP_012595126.1	WP_044106857.1
OG0001250	WP_015784416.1	WP_044105693.1
OG0001252	WP_012595056.1	WP_232509878.1
OG0001254	WP_012593964.1	WP_044106176.1
OG0001255	WP_015957340.1, WP_012597170.1	WP_044106671.1
OG0001256	WP_012593975.1	WP_044106829.1
OG0001262	WP_015785113.1	WP_044106824.1
OG0001263	WP_012595558.1	WP_232509857.1
OG0001264	WP_012596783.1	WP_052470615.1, WP_044106213.1
OG0001265	WP_012596106.1	WP_044105748.1
OG0001266	WP_012595997.1, WP_012594538.1	WP_052470635.1
OG0001268	WP_012595324.1	WP_044105845.1, WP_044107424.1
OG0001320	WP_012596159.1	WP_044105872.1
OG0001321	WP_012596511.1	WP_084220164.1
OG0001322	WP_012596714.1	WP_044106667.1
OG0001323	WP_012594209.1	WP_044106445.1
OG0001324	WP_012594208.1	WP_044106442.1
OG0001325	WP_012594907.1	WP_044106935.1
OG0001326	WP_012594908.1	WP_044106933.1
OG0001327	WP_012596141.1	WP_044105484.1
OG0001328	WP_012596140.1	WP_044105481.1
OG0001331	WP_012595733.1	WP_044106122.1
OG0001334	WP_012596201.1	WP_044107124.1
OG0001335	WP_015785408.1	WP_044106502.1
OG0001336	WP_012595380.1	WP_044105829.1
OG0001337	WP_012595771.1	WP_044105935.1
OG0001340	WP_012593640.1	WP_044106940.1
OG0001342	WP_012593786.1	WP_084220187.1
OG0001345	WP_012593804.1	WP_044107332.1
OG0001346	WP_012597053.1	WP_044106892.1
OG0001347	WP_012594785.1	WP_044107345.1
OG0001348	WP_012593520.1	WP_044106271.1
OG0001349	WP_012596983.1	WP_044107180.1
OG0001351	WP_015785123.1	WP_044107384.1
OG0001356	WP_012594417.1	WP_044106504.1
OG0001357	WP_012595664.1	WP_044106110.1
OG0001359	WP_012596404.1	WP_044106535.1
OG0001362	WP_012596324.1	WP_044107177.1
OG0001363	WP_012594631.1	WP_044107339.1
OG0001364	WP_012596970.1	WP_044106329.1
OG0001365	WP_012594485.1	WP_044105779.1
OG0001366	WP_012593986.1	WP_044106278.1
OG0001368	WP_012597174.1	WP_044106575.1
OG0001369	WP_012594705.1	WP_044107189.1
OG0001370	WP_012597188.1	WP_044105831.1
OG0001371	WP_012594632.1	WP_044106150.1
OG0001373	WP_012594254.1	WP_044106309.1
OG0001374	WP_012593961.1	WP_044105956.1
OG0001377	WP_012596363.1	WP_044107160.1
OG0001378	WP_012597269.1	WP_044107638.1
OG0001380	WP_015785362.1	WP_044106377.1
OG0001382	WP_012594654.1	WP_044106001.1
OG0001384	WP_041229607.1	WP_044105928.1
OG0001386	WP_012594320.1	WP_044107076.1
OG0001387	WP_012594623.1	WP_044107503.1
OG0001388	WP_012595956.1, WP_012597263.1	WP_044105675.1
OG0001389	WP_012596394.1	WP_044106016.1
OG0001390	WP_012595451.1	WP_044106147.1
OG0001393	WP_012596583.1	WP_044107307.1
OG0001396	WP_012594067.1	WP_044107615.1
OG0001397	WP_012593473.1	WP_044106140.1
OG0001398	WP_012595904.1	WP_044105760.1
OG0001399	WP_012595903.1	WP_044105762.1
OG0001400	WP_012594227.1	WP_145972256.1
OG0001402	WP_012596116.1	WP_171816439.1
OG0001403	WP_012595229.1	WP_044106002.1
OG0001404	WP_012593706.1	WP_044105802.1
OG0001406	WP_012594780.1	WP_232509907.1
OG0001407	WP_012596838.1	WP_044107463.1
OG0001413	WP_012594866.1	WP_044107704.1
OG0001414	WP_012593444.1	WP_044105544.1
OG0001418	WP_012594249.1	WP_044107247.1
OG0001419	WP_012594190.1	WP_044106721.1
OG0001420	WP_012597282.1	WP_044106749.1
OG0001421	WP_012594339.1	WP_044106254.1
OG0001422	WP_012594493.1	WP_044107071.1
OG0001423	WP_012595230.1	WP_232509843.1
OG0001425	WP_012596396.1	WP_044106385.1
OG0001426	WP_012596395.1	WP_044106386.1
OG0001427	WP_012597202.1	WP_044106719.1
OG0001431	WP_012596906.1	WP_044107453.1
OG0001432	WP_015785157.1	WP_044107451.1
OG0001437	WP_012595636.1	WP_044106899.1
OG0001438	WP_041229715.1	WP_044107631.1
OG0001441	WP_203427673.1	WP_084220194.1
OG0001443	WP_012596812.1	WP_044105607.1
OG0001444	WP_012595616.1	WP_044106316.1
OG0001445	WP_012596111.1	WP_044105466.1
OG0001448	WP_012593667.1	WP_044105746.1
OG0001449	WP_012595939.1	WP_044106758.1
OG0001452	WP_012594152.1	WP_044106561.1
OG0001453	WP_012594552.1	WP_044106959.1
OG0001454	WP_012594242.1	WP_044106093.1
OG0001455	WP_012596127.1	WP_044107479.1
OG0001457	WP_012596432.1	WP_044106939.1
OG0001458	WP_012594375.1	WP_084220169.1
OG0001459	WP_012597177.1	WP_044107356.1
OG0001460	WP_012597178.1	WP_044107354.1
OG0001461	WP_012597179.1	WP_044107352.1
OG0001462	WP_012595013.1	WP_044107277.1
OG0001466	WP_241392582.1	WP_044107088.1
OG0001468	WP_012594646.1	WP_044107480.1
OG0001469	WP_012594648.1	WP_044107482.1
OG0001471	WP_012595261.1	WP_232509845.1, WP_232509846.1
OG0001472	WP_015785170.1	WP_044106873.1
OG0001473	WP_012596859.1	WP_044106730.1
OG0001474	WP_012596860.1	WP_044106731.1
OG0001478	WP_041229739.1	WP_044106481.1
OG0001479	WP_012596069.1	WP_044105897.1
OG0001480	WP_012596068.1	WP_044105898.1
OG0001481	WP_012596464.1	WP_145972254.1
OG0001482	WP_012593973.1	WP_044105848.1
OG0001484	WP_012594510.1	WP_044107170.1
OG0001485	WP_012593793.1	WP_171816466.1
OG0001486	WP_012593562.1	WP_052470649.1
OG0001487	WP_015785159.1	WP_044106249.1
OG0001488	WP_012595933.1	WP_044105984.1
OG0001489	WP_012595478.1	WP_044106715.1
OG0001490	WP_012594274.1	WP_044107368.1
OG0001491	WP_012595673.1	WP_044105919.1
OG0001492	WP_015785158.1	WP_044105917.1
OG0001493	WP_012594737.1	WP_044106480.1
OG0001494	WP_012593906.1	WP_044106840.1
OG0001495	WP_012594690.1	WP_044106838.1
OG0001496	WP_012593697.1	WP_052470599.1
OG0001497	WP_012594072.1	WP_044106126.1
OG0001498	WP_012596551.1	WP_044106903.1
OG0001499	WP_012596550.1	WP_044106905.1
OG0001500	WP_012595597.1	WP_044106391.1
OG0001501	WP_012593406.1	WP_044106849.1
OG0001504	WP_041229590.1	WP_044106929.1
OG0001505	WP_012595922.1	WP_044107132.1
OG0001507	WP_012594241.1	WP_044107186.1
OG0001508	WP_012595021.1	WP_044106604.1
OG0001510	WP_015785192.1	WP_171816408.1
OG0001514	WP_012594486.1	WP_070104601.1
OG0001516	WP_012593643.1	WP_232509882.1
OG0001517	WP_012593718.1	WP_044105703.1
OG0001518	WP_012594307.1	WP_044106120.1
OG0001519	WP_012595271.1	WP_171816372.1
OG0001521	WP_012593954.1	WP_044105957.1
OG0001522	WP_012595791.1	WP_044106327.1
OG0001523	WP_012597221.1	WP_044105721.1
OG0001525	WP_012593431.1, WP_012596955.1	WP_044107218.1
OG0001526	WP_012596823.1	WP_044106252.1
OG0001527	WP_012594473.1	WP_044105794.1
OG0001528	WP_012595081.1	WP_044107096.1
OG0001529	WP_012593731.1	WP_044106844.1
OG0001530	WP_012595895.1	WP_044107190.1
OG0001531	WP_241392695.1	WP_044106562.1
OG0001532	WP_012594531.1	WP_044105912.1
OG0001535	WP_012594543.1	WP_044106571.1
OG0001536	WP_012596053.1	WP_044106538.1
OG0001537	WP_012594559.1	WP_044105697.1
OG0001538	WP_012596162.1	WP_044105698.1
OG0001539	WP_012593586.1	WP_044106879.1
OG0001540	WP_012596715.1	WP_044106668.1
OG0001541	WP_012596713.1	WP_044106665.1
OG0001542	WP_012593705.1	WP_044107357.1
OG0001543	WP_012595816.1	WP_044107202.1
OG0001544	WP_012595363.1	WP_044105882.1
OG0001545	WP_041229771.1	WP_044107545.1
OG0001548	WP_012593725.1	WP_044106500.1
OG0001549	WP_015957369.1	WP_052470613.1
OG0001550	WP_012595777.1	WP_044106507.1
OG0001551	WP_012596834.1, WP_049769552.1	WP_232509927.1
OG0001552	WP_012594145.1	WP_232509825.1
OG0001554	WP_012593587.1	WP_044107702.1
OG0001555	WP_012597127.1	WP_044106212.1
OG0001556	WP_012594881.1	WP_145972226.1
OG0001557	WP_012594428.1	WP_232509877.1
OG0001558	WP_012596180.1	WP_044105644.1
OG0001559	WP_012596135.1	WP_044106201.1
OG0001560	WP_012594191.1	WP_044106202.1
OG0001562	WP_012594370.1	WP_044107112.1
OG0001563	WP_012594369.1	WP_044107111.1
OG0001564	WP_012594368.1	WP_044107110.1
OG0001565	WP_012594367.1	WP_044107109.1
OG0001566	WP_241392613.1	WP_044105977.1
OG0001568	WP_015957327.1	WP_044107406.1
OG0001569	WP_015957432.1	WP_044106331.1
OG0001570	WP_012796756.1	WP_044105709.1
OG0001571	WP_012593715.1	WP_044105707.1
OG0001572	WP_012594034.1	WP_044106338.1
OG0001573	WP_012595043.1	WP_044106796.1
OG0001574	WP_012595045.1	WP_044106795.1
OG0001576	WP_012595350.1	WP_044105769.1
OG0001577	WP_012594678.1	WP_044106790.1
OG0001578	WP_012595825.1	WP_044107577.1
OG0001579	WP_012594808.1	WP_044105881.1
OG0001580	WP_012594809.1	WP_044105880.1
OG0001581	WP_203427716.1	WP_044105879.1
OG0001582	WP_012593597.1	WP_044106830.1
OG0001583	WP_203427719.1	WP_044105939.1
OG0001585	WP_012594010.1	WP_044106075.1
OG0001587	WP_012595414.1	WP_044106971.1
OG0001588	WP_012594380.1	WP_044106196.1
OG0001589	WP_012596799.1	WP_044107158.1
OG0001590	WP_012594265.1	WP_044107512.1
OG0001593	WP_012594956.1	WP_044106760.1
OG0001594	WP_012595557.1	WP_145972229.1
OG0001595	WP_012596656.1	WP_171816411.1
OG0001596	WP_012595162.1	WP_044106641.1
OG0001599	WP_012595540.1	WP_044107183.1
OG0001600	WP_012594641.1	WP_044107093.1
OG0001601	WP_012596874.1	WP_044107509.1
OG0001602	WP_012595824.1	WP_044106820.1
OG0001603	WP_012595163.1	WP_044106638.1
OG0001604	WP_012594701.1	WP_044107275.1
OG0001605	WP_012593775.1	WP_044106515.1
OG0001606	WP_012594387.1	WP_044107146.1
OG0001607	WP_012596605.1	WP_044107655.1
OG0001608	WP_012594677.1	WP_044106931.1
OG0001609	WP_012594590.1	WP_171816377.1
OG0001610	WP_015957294.1	WP_044107318.1
OG0001611	WP_015957407.1	WP_044106067.1
OG0001612	WP_012594711.1	WP_044107549.1
OG0001613	WP_012594628.1	WP_044107394.1
OG0001614	WP_012594181.1	WP_044106724.1
OG0001616	WP_241392579.1	WP_044106485.1
OG0001617	WP_012593469.1	WP_171816423.1
OG0001619	WP_012594653.1	WP_044105999.1
OG0001621	WP_012595850.1	WP_044107338.1
OG0001622	WP_015957324.1	WP_232509884.1
OG0001624	WP_012594722.1	WP_044105730.1
OG0001626	WP_012596020.1	WP_044106531.1
OG0001628	WP_012596861.1	WP_044106732.1
OG0001629	WP_012596921.1	WP_044107465.1
OG0001630	WP_012594573.1	WP_232509910.1
OG0001631	WP_012595873.1	WP_044106649.1
OG0001632	WP_012595872.1	WP_044106650.1
OG0001634	WP_012596936.1	WP_044105929.1
OG0001636	WP_012593788.1	WP_044107303.1
OG0001637	WP_012595501.1	WP_044106645.1
OG0001638	WP_012596690.1	WP_232509904.1
OG0001639	WP_012596023.1	WP_044105951.1
OG0001640	WP_012596920.1	WP_044105803.1
OG0001642	WP_012593506.1	WP_044107057.1
OG0001643	WP_012595807.1	WP_044107434.1
OG0001645	WP_012594917.1	WP_044106511.1
OG0001646	WP_012596368.1	WP_044105860.1
OG0001647	WP_012596369.1	WP_044105859.1
OG0001648	WP_012596305.1	WP_044106436.1
OG0001649	WP_012595647.1	WP_044105749.1
OG0001650	WP_012595709.1	WP_044106995.1
OG0001651	WP_012596158.1	WP_195910196.1
OG0001652	WP_012596160.1	WP_044107538.1
OG0001653	WP_012594472.1	WP_044105795.1
OG0001654	WP_012595332.1	WP_044105843.1
OG0001655	WP_012595326.1	WP_044105844.1
OG0001659	WP_012596935.1	WP_171816360.1
OG0001661	WP_015957409.1	WP_044106810.1
OG0001662	WP_012596355.1	WP_044106459.1
OG0001663	WP_012596313.1	WP_044106909.1
OG0001664	WP_012594536.1	WP_044106688.1
OG0001665	WP_012596439.1	WP_044106788.1
OG0001666	WP_012594116.1	WP_044107429.1
OG0001667	WP_012593694.1	WP_044107119.1
OG0001669	WP_015957322.1	WP_232509840.1
OG0001670	WP_012594449.1	WP_044106174.1
OG0001671	WP_041229698.1	WP_044106973.1
OG0001672	WP_012597011.1	WP_044106352.1
OG0001673	WP_012596751.1	WP_084220173.1
OG0001674	WP_012595729.1	WP_044105618.1
OG0001675	WP_012596451.1	WP_044107304.1
OG0001676	WP_012595820.1	WP_044106981.1
OG0001678	WP_012595092.1	WP_044107042.1
OG0001679	WP_012595097.1	WP_044107037.1
OG0001680	WP_012595110.1	WP_044107026.1
OG0001681	WP_012595117.1	WP_044107018.1
OG0001682	WP_012595120.1	WP_044107013.1
OG0001683	WP_015957389.1	WP_044107650.1
OG0001684	WP_012596878.1	WP_044105571.1
OG0001685	WP_012593545.1	WP_044105821.1
OG0001686	WP_012595810.1	WP_044106354.1
OG0001687	WP_015785212.1	WP_171816373.1
OG0001688	WP_012595353.1	WP_044105717.1
OG0001689	WP_012595354.1	WP_232509827.1
OG0001690	WP_012596880.1	WP_044105865.1
OG0001691	WP_012593822.1	WP_044107233.1
OG0001693	WP_012595390.1	WP_044106800.1
OG0001694	WP_012594047.1	WP_044106837.1
OG0001695	WP_012594046.1	WP_044105970.1
OG0001698	WP_012594830.1	WP_044105635.1
OG0001699	WP_015785347.1	WP_044106960.1
OG0001700	WP_012593541.1	WP_044105817.1
OG0001701	WP_012594342.1	WP_044106275.1
OG0001702	WP_012596166.1	WP_044106182.1
OG0001703	WP_012594819.1	WP_044106674.1
OG0001704	WP_012595799.1	WP_044106425.1
OG0001705	WP_012594506.1	WP_044105519.1
OG0001706	WP_012596603.1	WP_044106885.1
OG0001707	WP_012593720.1	WP_044106580.1
OG0001708	WP_012595335.1	WP_044105841.1
OG0001709	WP_012593885.1	WP_044106949.1
OG0001711	WP_012594316.1	WP_044107502.1
OG0001713	WP_012597190.1	WP_044106769.1
OG0001714	WP_012594463.1	WP_044106594.1
OG0001715	WP_012593830.1	WP_044106320.1
OG0001716	WP_012597129.1	WP_044107676.1
OG0001717	WP_012595818.1	WP_044106149.1
OG0001718	WP_012595554.1	WP_044106319.1
OG0001719	WP_012597193.1	WP_044106961.1
OG0001720	WP_012594530.1	WP_044105857.1
OG0001721	WP_012595575.1	WP_044106911.1
OG0001723	WP_015785271.1	WP_044106388.1
OG0001724	WP_012597119.1	WP_171816429.1
OG0001725	WP_012594874.1	WP_044107239.1
OG0001726	WP_012594899.1	WP_044106648.1
OG0001727	WP_012596693.1	WP_044106334.1
OG0001728	WP_012593574.1	WP_044105948.1
OG0001729	WP_015957297.1	WP_044107559.1
OG0001730	WP_012596686.1	WP_044107388.1
OG0001731	WP_012596687.1	WP_044107386.1
OG0001732	WP_012596723.1	WP_044106614.1
OG0001733	WP_012594662.1	WP_044106547.1
OG0001734	WP_012593980.1	WP_044106811.1
OG0001735	WP_012595397.1	WP_044107067.1
OG0001736	WP_012595412.1	WP_044106975.1
OG0001737	WP_012594169.1	WP_044106943.1
OG0001738	WP_012594317.1	WP_044105781.1
OG0001739	WP_015785119.1	WP_044106006.1
OG0001740	WP_015785120.1	WP_044106005.1
OG0001741	WP_012595560.1	WP_044107359.1
OG0001742	WP_012593517.1	WP_044106268.1
OG0001743	WP_012594100.1	WP_044106773.1
OG0001744	WP_012595341.1	WP_044106584.1
OG0001745	WP_012595732.1	WP_052470610.1
OG0001746	WP_041229594.1	WP_044107172.1
OG0001747	WP_015785400.1	WP_044107153.1
OG0001748	WP_012596928.1	WP_044106244.1
OG0001749	WP_012597095.1	WP_044106806.1
OG0001750	WP_012597096.1	WP_044106805.1
OG0001751	WP_015785126.1	WP_044107248.1
OG0001753	WP_012594598.1	WP_044106573.1
OG0001754	WP_012595069.1	WP_044106652.1
OG0001755	WP_012596790.1	WP_044106404.1
OG0001756	WP_012595586.1	WP_171816418.1
OG0001757	WP_203427743.1	WP_044107649.1
OG0001758	WP_012594016.1	WP_232509869.1
OG0001759	WP_012594017.1	WP_044106815.1
OG0001760	WP_012594018.1	WP_044106814.1
OG0001761	WP_203427712.1	WP_044107595.1
OG0001762	WP_012596157.1	WP_044105869.1
OG0001763	WP_203427685.1	WP_044105789.1
OG0001764	WP_012593931.1	WP_232509890.1
OG0001765	WP_012595931.1	WP_044106552.1
OG0001766	WP_012593912.1	WP_044106451.1
OG0001767	WP_012593911.1	WP_044106453.1
OG0001768	WP_012595630.1	WP_044106626.1
OG0001769	WP_012595598.1	WP_044105785.1
OG0001770	WP_012594302.1	WP_044106681.1
OG0001771	WP_012595004.1	WP_171816436.1
OG0001772	WP_012595295.1	WP_044107399.1
OG0001774	WP_012594266.1	WP_044105624.1
OG0001775	WP_012595734.1	WP_044106118.1
OG0001777	WP_012596692.1	WP_044106335.1
OG0001778	WP_012593475.1	WP_044106952.1
OG0001779	WP_012594801.1	WP_044106017.1
OG0001780	WP_012594799.1	WP_044105931.1
OG0001781	WP_012597206.1	WP_044106486.1
OG0001782	WP_012594525.1	WP_044107064.1
OG0001783	WP_012595195.1	WP_044105455.1
OG0001784	WP_012597158.1	WP_044106686.1
OG0001785	WP_012596211.1	WP_044106280.1
OG0001786	WP_012594676.1	WP_044105633.1
OG0001787	WP_012597274.1	WP_044107491.1
OG0001788	WP_012594652.1	WP_044105998.1
OG0001789	WP_012594724.1	WP_044107693.1
OG0001790	WP_012595019.1	WP_084220191.1
OG0001791	WP_012595562.1	WP_044107361.1
OG0001792	WP_241392625.1	WP_232509867.1
OG0001793	WP_012594570.1	WP_044106292.1
OG0001796	WP_012596809.1	WP_070104596.1
OG0001797	WP_012596012.1	WP_044107228.1
OG0001798	WP_012595531.1	WP_044106144.1
OG0001799	WP_012596753.1	WP_044107369.1
OG0001800	WP_012595869.1	WP_044105629.1
OG0001801	WP_012595727.1	WP_044105619.1
OG0001802	WP_012596202.1	WP_044106932.1
OG0001803	WP_012597034.1	WP_044106954.1
OG0001805	WP_015785097.1	WP_044105547.1
OG0001806	WP_012593894.1	WP_044105913.1
OG0001807	WP_012595894.1	WP_044107683.1
OG0001808	WP_012595082.1	WP_232509880.1
OG0001810	WP_012596094.1	WP_044105866.1
OG0001811	WP_012597164.1	WP_044107292.1
OG0001812	WP_012595257.1	WP_044106557.1
OG0001814	WP_012595784.1	WP_044106593.1
OG0001815	WP_012593523.1	WP_171816390.1
OG0001816	WP_012596256.1	WP_044105916.1
OG0001817	WP_015785127.1	WP_232509886.1
OG0001818	WP_012594604.1	WP_044106408.1
OG0001819	WP_012594779.1	WP_145972227.1
OG0001820	WP_241392570.1	WP_044107580.1
OG0001822	WP_012594732.1	WP_145972255.1
OG0001829	WP_012595626.1	WP_145972241.1
OG0001846	WP_012596074.1	WP_171816392.1
OG0001848	WP_012596402.1	WP_171816446.1
OG0001855	WP_012594180.1	WP_145972239.1
OG0001880	WP_012593930.1	WP_084220226.1
OG0001886	WP_012595711.1	WP_171816359.1
OG0001897	WP_012596134.1	WP_052470651.1
OG0001998	WP_012595209.1	WP_145972228.1
OG0002009	WP_012596685.1	WP_044107697.1
OG0002024	WP_012596651.1	WP_171816394.1
OG0002030	WP_012596926.1	WP_232509854.1
OG0002076	WP_012593813.1	WP_044105904.1
OG0002091	WP_012594381.1	WP_084220215.1
OG0002097	WP_012594904.1	WP_052470633.1
OG0002102	WP_012594928.1	WP_232509923.1
OG0002110	WP_012595999.1	WP_171816425.1
OG0002132	WP_012593862.1	WP_044105962.1
OG0002149	WP_012593494.1	WP_044105765.1
OG0002150	WP_012593544.1	WP_044105819.1
OG0002154	WP_012594008.1	WP_044107181.1
OG0002156	WP_012594335.1	WP_044106371.1
OG0002157	WP_012594336.1	WP_044106373.1
OG0002158	WP_012594383.1	WP_044107409.1
OG0002159	WP_012594505.1	WP_171816363.1
OG0002160	WP_012594516.1	WP_044107268.1
OG0002161	WP_012594580.1	WP_044107179.1
OG0002163	WP_012595141.1	WP_044106415.1
OG0002164	WP_012595413.1	WP_171816424.1
OG0002165	WP_012595460.1	WP_044105700.1
OG0002166	WP_012595493.1	WP_171816386.1
OG0002168	WP_012595693.1	WP_044105611.1
OG0002169	WP_012596535.1	WP_044107490.1
OG0002170	WP_012596539.1	WP_044106745.1
OG0002171	WP_012596988.1	WP_044107224.1
OG0002172	WP_015785164.1	WP_084220205.1
OG0002174	WP_241392577.1	WP_145972223.1
OG0002175	WP_241392633.1	WP_044106474.1
OG0003182	WP_012596884.1	WP_145972245.1
