Orthogroup	Duplications (all)	Duplications (50% support)
OG0000000	19	13
OG0000001	20	18
OG0000002	3	3
OG0000003	15	13
OG0000004	4	2
OG0000005	2	2
OG0000006	2	2
OG0000007	13	11
OG0000008	12	10
OG0000009	2	2
OG0000010	6	1
OG0000011	4	3
OG0000012	3	2
OG0000013	4	2
OG0000014	10	8
OG0000015	11	9
OG0000016	2	1
OG0000017	7	7
OG0000018	3	2
OG0000019	3	2
OG0000020	2	2
OG0000021	7	4
OG0000022	13	13
OG0000023	2	1
OG0000024	2	1
OG0000025	2	1
OG0000026	2	1
OG0000027	3	2
OG0000028	9	9
OG0000029	1	1
OG0000030	1	1
OG0000031	2	1
OG0000032	1	1
OG0000033	1	1
OG0000034	1	1
OG0000035	2	2
OG0000036	1	1
OG0000037	1	1
OG0000038	1	1
OG0000039	5	5
OG0000040	8	7
OG0000041	9	9
OG0000042	1	1
OG0000043	4	2
OG0000044	2	1
OG0000045	1	1
OG0000046	4	4
OG0000047	2	2
OG0000048	1	1
OG0000049	4	4
OG0000050	7	6
OG0000051	5	4
OG0000052	7	5
OG0000053	7	7
OG0000054	8	7
OG0000055	8	7
OG0000056	9	9
OG0000057	9	9
OG0000058	7	7
OG0000059	1	1
OG0000060	1	1
OG0000061	1	1
OG0000062	1	1
OG0000063	1	1
OG0000064	2	2
OG0000065	4	3
OG0000066	6	4
OG0000067	6	6
OG0000068	5	5
OG0000069	4	4
OG0000070	2	1
OG0000071	2	2
OG0000072	2	2
OG0000073	3	3
OG0000074	3	3
OG0000075	1	1
OG0000076	1	1
OG0000077	4	3
OG0000078	1	1
OG0000079	2	2
OG0000080	1	1
OG0000081	3	3
OG0000082	2	2
OG0000083	6	6
OG0000084	7	7
OG0000085	4	4
OG0000086	4	2
OG0000087	7	7
OG0000088	2	2
OG0000089	5	3
OG0000090	3	2
OG0000091	5	5
OG0000092	8	8
OG0000093	8	8
OG0000094	1	1
OG0000095	2	2
OG0000096	1	1
OG0000097	2	2
OG0000098	2	2
OG0000099	2	2
OG0000100	2	2
OG0000101	2	2
OG0000102	2	2
OG0000103	1	1
OG0000104	1	1
OG0000105	1	1
OG0000106	1	1
OG0000107	1	1
OG0000108	2	2
OG0000109	3	3
OG0000110	4	4
OG0000111	4	4
OG0000112	3	2
OG0000113	4	4
OG0000114	4	4
OG0000115	3	3
OG0000116	4	4
OG0000117	5	5
OG0000118	2	2
OG0000119	5	5
OG0000120	3	3
OG0000121	3	3
OG0000122	4	4
OG0000123	5	5
OG0000124	4	3
OG0000125	4	4
OG0000126	1	1
OG0000127	1	1
OG0000128	1	1
OG0000129	1	1
OG0000130	1	1
OG0000131	1	0
OG0000132	1	1
OG0000133	1	1
OG0000134	1	1
OG0000135	1	1
OG0000136	1	1
OG0000137	1	1
OG0000138	1	1
OG0000139	1	1
OG0000140	1	1
OG0000141	1	1
OG0000142	1	1
OG0000143	1	1
OG0000144	1	1
OG0000145	1	1
OG0000146	1	1
OG0000147	1	1
OG0000148	2	2
OG0000149	1	0
OG0000150	1	1
OG0000151	1	1
OG0000152	3	3
OG0000153	1	1
OG0000154	1	0
OG0000155	1	1
OG0000156	1	1
OG0000157	1	1
OG0000158	1	1
OG0000159	1	1
OG0000160	1	1
OG0000161	1	1
OG0000162	1	1
OG0000163	1	1
OG0000164	1	1
OG0000165	1	1
OG0000166	1	1
OG0000167	1	1
OG0000168	1	1
OG0000169	2	1
OG0000170	1	1
OG0000171	1	1
OG0000172	1	1
OG0000173	1	1
OG0000174	1	1
OG0000175	1	1
OG0000176	1	1
OG0000177	1	1
OG0000178	1	1
OG0000179	1	1
OG0000180	1	1
OG0000181	1	1
OG0000182	1	1
OG0000183	1	1
OG0000184	1	1
OG0000185	1	1
OG0000186	1	1
OG0000187	1	1
OG0000188	1	1
OG0000189	2	2
OG0000190	3	3
OG0000191	4	4
OG0000192	5	5
OG0000193	3	2
OG0000194	3	3
OG0000195	3	1
OG0000196	2	2
OG0000197	5	5
OG0000198	5	5
OG0000199	2	2
OG0000200	4	4
OG0000201	6	6
OG0000202	2	2
OG0000203	6	6
OG0000204	0	0
OG0000205	1	1
OG0000206	0	0
OG0000207	0	0
OG0000208	0	0
OG0000209	0	0
OG0000210	0	0
OG0000211	0	0
OG0000212	0	0
OG0000213	0	0
OG0000214	0	0
OG0000215	0	0
OG0000216	0	0
OG0000217	1	1
OG0000218	0	0
OG0000219	0	0
OG0000220	0	0
OG0000221	0	0
OG0000222	0	0
OG0000223	0	0
OG0000224	0	0
OG0000225	0	0
OG0000226	0	0
OG0000227	0	0
OG0000228	0	0
OG0000229	0	0
OG0000230	0	0
OG0000231	0	0
OG0000232	0	0
OG0000233	0	0
OG0000234	0	0
OG0000235	0	0
OG0000236	0	0
OG0000237	0	0
OG0000238	1	1
OG0000239	0	0
OG0000240	0	0
OG0000241	0	0
OG0000242	0	0
OG0000243	0	0
OG0000244	0	0
OG0000245	0	0
OG0000246	0	0
OG0000247	0	0
OG0000248	0	0
OG0000249	0	0
OG0000250	0	0
OG0000251	0	0
OG0000252	0	0
OG0000253	0	0
OG0000254	0	0
OG0000255	0	0
OG0000256	0	0
OG0000257	0	0
OG0000258	0	0
OG0000259	0	0
OG0000260	0	0
OG0000261	0	0
OG0000262	0	0
OG0000263	0	0
OG0000264	0	0
OG0000265	0	0
OG0000266	0	0
OG0000267	0	0
OG0000268	0	0
OG0000269	0	0
OG0000270	0	0
OG0000271	0	0
OG0000272	0	0
OG0000273	0	0
OG0000274	0	0
OG0000275	0	0
OG0000276	0	0
OG0000277	0	0
OG0000278	0	0
OG0000279	0	0
OG0000280	0	0
OG0000281	0	0
OG0000282	0	0
OG0000283	0	0
OG0000284	0	0
OG0000285	0	0
OG0000286	0	0
OG0000287	0	0
OG0000288	0	0
OG0000289	0	0
OG0000290	0	0
OG0000291	0	0
OG0000292	0	0
OG0000293	0	0
OG0000294	0	0
OG0000295	0	0
OG0000296	0	0
OG0000297	0	0
OG0000298	0	0
OG0000299	0	0
OG0000300	0	0
OG0000301	0	0
OG0000302	0	0
OG0000303	0	0
OG0000304	0	0
OG0000305	0	0
OG0000306	0	0
OG0000307	0	0
OG0000308	0	0
OG0000309	0	0
OG0000310	0	0
OG0000311	0	0
OG0000312	0	0
OG0000313	0	0
OG0000314	0	0
OG0000315	0	0
OG0000316	0	0
OG0000317	0	0
OG0000318	0	0
OG0000319	0	0
OG0000320	0	0
OG0000321	0	0
OG0000322	0	0
OG0000323	0	0
OG0000324	0	0
OG0000325	0	0
OG0000326	0	0
OG0000327	0	0
OG0000328	0	0
OG0000329	0	0
OG0000330	0	0
OG0000331	0	0
OG0000332	0	0
OG0000333	0	0
OG0000334	0	0
OG0000335	0	0
OG0000336	0	0
OG0000337	0	0
OG0000338	0	0
OG0000339	0	0
OG0000340	0	0
OG0000341	0	0
OG0000342	0	0
OG0000343	0	0
OG0000344	0	0
OG0000345	0	0
OG0000346	0	0
OG0000347	0	0
OG0000348	0	0
OG0000349	0	0
OG0000350	0	0
OG0000351	0	0
OG0000352	0	0
OG0000353	0	0
OG0000354	0	0
OG0000355	0	0
OG0000356	0	0
OG0000357	0	0
OG0000358	0	0
OG0000359	0	0
OG0000360	0	0
OG0000361	0	0
OG0000362	0	0
OG0000363	0	0
OG0000364	0	0
OG0000365	0	0
OG0000366	0	0
OG0000367	0	0
OG0000368	0	0
OG0000369	0	0
OG0000370	0	0
OG0000371	0	0
OG0000372	0	0
OG0000373	0	0
OG0000374	0	0
OG0000375	0	0
OG0000376	0	0
OG0000377	0	0
OG0000378	0	0
OG0000379	0	0
OG0000380	0	0
OG0000381	0	0
OG0000382	0	0
OG0000383	0	0
OG0000384	0	0
OG0000385	0	0
OG0000386	0	0
OG0000387	0	0
OG0000388	0	0
OG0000389	0	0
OG0000390	0	0
OG0000391	0	0
OG0000392	0	0
OG0000393	0	0
OG0000394	0	0
OG0000395	0	0
OG0000396	0	0
OG0000397	0	0
OG0000398	0	0
OG0000399	1	1
OG0000400	0	0
OG0000401	0	0
OG0000402	0	0
OG0000403	0	0
OG0000404	0	0
OG0000405	0	0
OG0000406	0	0
OG0000407	0	0
OG0000408	0	0
OG0000409	0	0
OG0000410	0	0
OG0000411	0	0
OG0000412	0	0
OG0000413	0	0
OG0000414	0	0
OG0000415	0	0
OG0000416	0	0
OG0000417	0	0
OG0000418	0	0
OG0000419	0	0
OG0000420	0	0
OG0000421	0	0
OG0000422	0	0
OG0000423	0	0
OG0000424	0	0
OG0000425	0	0
OG0000426	0	0
OG0000427	0	0
OG0000428	0	0
OG0000429	0	0
OG0000430	0	0
OG0000431	0	0
OG0000432	0	0
OG0000433	0	0
OG0000434	0	0
OG0000435	0	0
OG0000436	0	0
OG0000437	0	0
OG0000438	0	0
OG0000439	0	0
OG0000440	0	0
OG0000441	0	0
OG0000442	0	0
OG0000443	0	0
OG0000444	0	0
OG0000445	0	0
OG0000446	0	0
OG0000447	0	0
OG0000448	0	0
OG0000449	0	0
OG0000450	0	0
OG0000451	0	0
OG0000452	0	0
OG0000453	0	0
OG0000454	0	0
OG0000455	0	0
OG0000456	0	0
OG0000457	0	0
OG0000458	0	0
OG0000459	0	0
OG0000460	0	0
OG0000461	0	0
OG0000462	0	0
OG0000463	0	0
OG0000464	0	0
OG0000465	0	0
OG0000466	0	0
OG0000467	0	0
OG0000468	0	0
OG0000469	0	0
OG0000470	0	0
OG0000471	0	0
OG0000472	0	0
OG0000473	0	0
OG0000474	0	0
OG0000475	0	0
OG0000476	0	0
OG0000477	0	0
OG0000478	0	0
OG0000479	0	0
OG0000480	0	0
OG0000481	0	0
OG0000482	0	0
OG0000483	0	0
OG0000484	0	0
OG0000485	0	0
OG0000486	0	0
OG0000487	0	0
OG0000488	0	0
OG0000489	0	0
OG0000490	0	0
OG0000491	0	0
OG0000492	0	0
OG0000493	0	0
OG0000494	0	0
OG0000495	0	0
OG0000496	0	0
OG0000497	0	0
OG0000498	0	0
OG0000499	0	0
OG0000500	0	0
OG0000501	0	0
OG0000502	0	0
OG0000503	0	0
OG0000504	0	0
OG0000505	0	0
OG0000506	0	0
OG0000507	0	0
OG0000508	0	0
OG0000509	0	0
OG0000510	0	0
OG0000511	0	0
OG0000512	0	0
OG0000513	0	0
OG0000514	0	0
OG0000515	0	0
OG0000516	0	0
OG0000517	0	0
OG0000518	0	0
OG0000519	0	0
OG0000520	0	0
OG0000521	0	0
OG0000522	0	0
OG0000523	0	0
OG0000524	0	0
OG0000525	0	0
OG0000526	0	0
OG0000527	0	0
OG0000528	0	0
OG0000529	0	0
OG0000530	0	0
OG0000531	0	0
OG0000532	0	0
OG0000533	0	0
OG0000534	0	0
OG0000535	0	0
OG0000536	0	0
OG0000537	0	0
OG0000538	0	0
OG0000539	0	0
OG0000540	0	0
OG0000541	0	0
OG0000542	0	0
OG0000543	0	0
OG0000544	0	0
OG0000545	0	0
OG0000546	0	0
OG0000547	0	0
OG0000548	0	0
OG0000549	0	0
OG0000550	0	0
OG0000551	0	0
OG0000552	0	0
OG0000553	0	0
OG0000554	0	0
OG0000555	0	0
OG0000556	0	0
OG0000557	0	0
OG0000558	0	0
OG0000559	0	0
OG0000560	0	0
OG0000561	0	0
OG0000562	0	0
OG0000563	0	0
OG0000564	0	0
OG0000565	0	0
OG0000566	0	0
OG0000567	0	0
OG0000568	0	0
OG0000569	0	0
OG0000570	0	0
OG0000571	0	0
OG0000572	0	0
OG0000573	0	0
OG0000574	0	0
OG0000575	0	0
OG0000576	0	0
OG0000577	0	0
OG0000578	1	1
OG0000579	0	0
OG0000580	0	0
OG0000581	0	0
OG0000582	0	0
OG0000583	0	0
OG0000584	0	0
OG0000585	0	0
OG0000586	0	0
OG0000587	0	0
OG0000588	0	0
OG0000589	0	0
OG0000590	0	0
OG0000591	0	0
OG0000592	0	0
OG0000593	0	0
OG0000594	0	0
OG0000595	0	0
OG0000596	0	0
OG0000597	0	0
OG0000598	0	0
OG0000599	0	0
OG0000600	0	0
OG0000601	0	0
OG0000602	0	0
OG0000603	0	0
OG0000604	0	0
OG0000605	0	0
OG0000606	0	0
OG0000607	0	0
OG0000608	0	0
OG0000609	0	0
OG0000610	0	0
OG0000611	0	0
OG0000612	0	0
OG0000613	0	0
OG0000614	0	0
OG0000615	0	0
OG0000616	0	0
OG0000617	0	0
OG0000618	0	0
OG0000619	0	0
OG0000620	0	0
OG0000621	0	0
OG0000622	0	0
OG0000623	0	0
OG0000624	0	0
OG0000625	0	0
OG0000626	0	0
OG0000627	0	0
OG0000628	0	0
OG0000629	0	0
OG0000630	0	0
OG0000631	0	0
OG0000632	0	0
OG0000633	0	0
OG0000634	0	0
OG0000635	0	0
OG0000636	0	0
OG0000637	0	0
OG0000638	0	0
OG0000639	0	0
OG0000640	0	0
OG0000641	0	0
OG0000642	0	0
OG0000643	0	0
OG0000644	0	0
OG0000645	0	0
OG0000646	0	0
OG0000647	0	0
OG0000648	0	0
OG0000649	0	0
OG0000650	0	0
OG0000651	0	0
OG0000652	0	0
OG0000653	0	0
OG0000654	0	0
OG0000655	0	0
OG0000656	0	0
OG0000657	0	0
OG0000658	0	0
OG0000659	0	0
OG0000660	0	0
OG0000661	0	0
OG0000662	0	0
OG0000663	0	0
OG0000664	0	0
OG0000665	0	0
OG0000666	0	0
OG0000667	0	0
OG0000668	0	0
OG0000669	0	0
OG0000670	0	0
OG0000671	0	0
OG0000672	0	0
OG0000673	0	0
OG0000674	0	0
OG0000675	0	0
OG0000676	0	0
OG0000677	0	0
OG0000678	0	0
OG0000679	0	0
OG0000680	0	0
OG0000681	0	0
OG0000682	0	0
OG0000683	0	0
OG0000684	0	0
OG0000685	0	0
OG0000686	0	0
OG0000687	0	0
OG0000688	0	0
OG0000689	0	0
OG0000690	0	0
OG0000691	0	0
OG0000692	0	0
OG0000693	0	0
OG0000694	0	0
OG0000695	0	0
OG0000696	0	0
OG0000697	0	0
OG0000698	0	0
OG0000699	0	0
OG0000700	0	0
OG0000701	0	0
OG0000702	0	0
OG0000703	0	0
OG0000704	0	0
OG0000705	0	0
OG0000706	0	0
OG0000707	0	0
OG0000708	0	0
OG0000709	0	0
OG0000710	1	1
OG0000711	0	0
OG0000712	0	0
OG0000713	0	0
OG0000714	0	0
OG0000715	0	0
OG0000716	0	0
OG0000717	0	0
OG0000718	0	0
OG0000719	0	0
OG0000720	0	0
OG0000721	0	0
OG0000722	0	0
OG0000723	0	0
OG0000724	0	0
OG0000725	0	0
OG0000726	0	0
OG0000727	0	0
OG0000728	0	0
OG0000729	0	0
OG0000730	0	0
OG0000731	0	0
OG0000732	0	0
OG0000733	0	0
OG0000734	0	0
OG0000735	0	0
OG0000736	0	0
OG0000737	0	0
OG0000738	0	0
OG0000739	0	0
OG0000740	0	0
OG0000741	0	0
OG0000742	0	0
OG0000743	0	0
OG0000744	0	0
OG0000745	0	0
OG0000746	0	0
OG0000747	0	0
OG0000748	0	0
OG0000749	0	0
OG0000750	0	0
OG0000751	0	0
OG0000752	0	0
OG0000753	0	0
OG0000754	0	0
OG0000755	0	0
OG0000756	0	0
OG0000757	0	0
OG0000758	0	0
OG0000759	0	0
OG0000760	0	0
OG0000761	0	0
OG0000762	0	0
OG0000763	0	0
OG0000764	0	0
OG0000765	0	0
OG0000766	0	0
OG0000767	0	0
OG0000768	0	0
OG0000769	0	0
OG0000770	0	0
OG0000771	0	0
OG0000772	0	0
OG0000773	0	0
OG0000774	0	0
OG0000775	0	0
OG0000776	0	0
OG0000777	0	0
OG0000778	0	0
OG0000779	0	0
OG0000780	0	0
OG0000781	0	0
OG0000782	0	0
OG0000783	0	0
OG0000784	0	0
OG0000785	0	0
OG0000786	0	0
OG0000787	0	0
OG0000788	0	0
OG0000789	0	0
OG0000790	0	0
OG0000791	0	0
OG0000792	0	0
OG0000793	0	0
OG0000794	0	0
OG0000795	0	0
OG0000796	0	0
OG0000797	0	0
OG0000798	0	0
OG0000799	0	0
OG0000800	0	0
OG0000801	0	0
OG0000802	0	0
OG0000803	0	0
OG0000804	0	0
OG0000805	0	0
OG0000806	0	0
OG0000807	0	0
OG0000808	0	0
OG0000809	0	0
OG0000810	0	0
OG0000811	0	0
OG0000812	0	0
OG0000813	0	0
OG0000814	0	0
OG0000815	0	0
OG0000816	0	0
OG0000817	0	0
OG0000818	0	0
OG0000819	0	0
OG0000820	0	0
OG0000821	0	0
OG0000822	0	0
OG0000823	0	0
OG0000824	0	0
OG0000825	0	0
OG0000826	0	0
OG0000827	0	0
OG0000828	0	0
OG0000829	0	0
OG0000830	0	0
OG0000831	0	0
OG0000832	0	0
OG0000833	0	0
OG0000834	0	0
OG0000835	0	0
OG0000836	0	0
OG0000837	0	0
OG0000838	0	0
OG0000839	0	0
OG0000840	0	0
OG0000841	0	0
OG0000842	0	0
OG0000843	0	0
OG0000844	1	1
OG0000845	0	0
OG0000846	0	0
OG0000847	0	0
OG0000848	0	0
OG0000849	0	0
OG0000850	0	0
OG0000851	0	0
OG0000852	0	0
OG0000853	0	0
OG0000854	0	0
OG0000855	0	0
OG0000856	0	0
OG0000857	0	0
OG0000858	0	0
OG0000859	0	0
OG0000860	0	0
OG0000861	0	0
OG0000862	0	0
OG0000863	0	0
OG0000864	0	0
OG0000865	0	0
OG0000866	0	0
OG0000867	0	0
OG0000868	0	0
OG0000869	0	0
OG0000870	0	0
OG0000871	0	0
OG0000872	0	0
OG0000873	0	0
OG0000874	0	0
OG0000875	0	0
OG0000876	0	0
OG0000877	0	0
OG0000878	0	0
OG0000879	0	0
OG0000880	0	0
OG0000881	0	0
OG0000882	0	0
OG0000883	0	0
OG0000884	0	0
OG0000885	0	0
OG0000886	0	0
OG0000887	0	0
OG0000888	0	0
OG0000889	0	0
OG0000890	0	0
OG0000891	0	0
OG0000892	0	0
OG0000893	0	0
OG0000894	0	0
OG0000895	0	0
OG0000896	0	0
OG0000897	0	0
OG0000898	0	0
OG0000899	0	0
OG0000900	0	0
OG0000901	0	0
OG0000902	0	0
OG0000903	0	0
OG0000904	0	0
OG0000905	0	0
OG0000906	0	0
OG0000907	0	0
OG0000908	0	0
OG0000909	0	0
OG0000910	0	0
OG0000911	0	0
OG0000912	0	0
OG0000913	0	0
OG0000914	0	0
OG0000915	0	0
OG0000916	0	0
OG0000917	0	0
OG0000918	0	0
OG0000919	0	0
OG0000920	0	0
OG0000921	0	0
OG0000922	0	0
OG0000923	0	0
OG0000924	0	0
OG0000925	0	0
OG0000926	0	0
OG0000927	0	0
OG0000928	0	0
OG0000929	0	0
OG0000930	0	0
OG0000931	0	0
OG0000932	0	0
OG0000933	0	0
OG0000934	0	0
OG0000935	0	0
OG0000936	0	0
OG0000937	0	0
OG0000938	0	0
OG0000939	0	0
OG0000940	0	0
OG0000941	0	0
OG0000942	0	0
OG0000943	0	0
OG0000944	0	0
OG0000945	0	0
OG0000946	0	0
OG0000947	0	0
OG0000948	0	0
OG0000949	0	0
OG0000950	0	0
OG0000951	0	0
OG0000952	0	0
OG0000953	0	0
OG0000954	0	0
OG0000955	0	0
OG0000956	0	0
OG0000957	0	0
OG0000958	0	0
OG0000959	0	0
OG0000960	0	0
OG0000961	0	0
OG0000962	0	0
OG0000963	1	1
OG0000964	0	0
OG0000965	0	0
OG0000966	0	0
OG0000967	0	0
OG0000968	0	0
OG0000969	0	0
OG0000970	0	0
OG0000971	0	0
OG0000972	0	0
OG0000973	0	0
OG0000974	0	0
OG0000975	0	0
OG0000976	0	0
OG0000977	0	0
OG0000978	0	0
OG0000979	0	0
OG0000980	0	0
OG0000981	0	0
OG0000982	0	0
OG0000983	0	0
OG0000984	0	0
OG0000985	0	0
OG0000986	0	0
OG0000987	0	0
OG0000988	0	0
OG0000989	0	0
OG0000990	0	0
OG0000991	0	0
OG0000992	0	0
OG0000993	0	0
OG0000994	0	0
OG0000995	0	0
OG0000996	0	0
OG0000997	0	0
OG0000998	0	0
OG0000999	0	0
OG0001000	0	0
OG0001001	0	0
OG0001002	0	0
OG0001003	0	0
OG0001004	0	0
OG0001005	0	0
OG0001006	0	0
OG0001007	0	0
OG0001008	0	0
OG0001009	0	0
OG0001010	0	0
OG0001011	0	0
OG0001012	0	0
OG0001013	0	0
OG0001014	0	0
OG0001015	0	0
OG0001016	0	0
OG0001017	0	0
OG0001018	0	0
OG0001019	0	0
OG0001020	0	0
OG0001021	0	0
OG0001022	0	0
OG0001023	0	0
OG0001024	0	0
OG0001025	0	0
OG0001026	0	0
OG0001027	0	0
OG0001028	1	1
OG0001029	0	0
OG0001030	0	0
OG0001031	0	0
OG0001032	0	0
OG0001033	0	0
OG0001034	0	0
OG0001035	0	0
OG0001036	0	0
OG0001037	4	4
OG0001038	3	3
OG0001039	2	2
OG0001040	4	4
OG0001041	4	4
OG0001042	1	1
OG0001043	4	4
OG0001044	4	4
OG0001045	3	3
OG0001046	5	5
OG0001047	2	2
OG0001048	4	4
OG0001049	3	3
OG0001050	4	4
OG0001051	2	2
OG0001052	2	2
OG0001053	1	1
OG0001054	1	1
OG0001055	2	2
OG0001056	2	2
OG0001057	5	5
OG0001058	3	3
OG0001059	2	2
OG0001060	3	3
OG0001061	1	1
OG0001062	3	3
OG0001063	4	4
OG0001064	1	1
OG0001065	4	4
OG0001066	1	1
OG0001067	2	2
OG0001068	1	1
OG0001069	3	3
OG0001070	3	3
OG0001071	0	0
OG0001072	2	2
OG0001073	0	0
OG0001074	0	0
OG0001075	0	0
OG0001076	1	1
OG0001077	0	0
OG0001078	0	0
OG0001079	0	0
OG0001080	0	0
OG0001081	0	0
OG0001082	0	0
OG0001083	0	0
OG0001084	0	0
OG0001085	0	0
OG0001086	0	0
OG0001087	0	0
OG0001088	0	0
OG0001089	0	0
OG0001090	0	0
OG0001091	0	0
OG0001092	0	0
OG0001093	0	0
OG0001094	1	1
OG0001095	1	1
OG0001096	0	0
OG0001097	0	0
OG0001098	0	0
OG0001099	0	0
OG0001100	0	0
OG0001101	0	0
OG0001102	0	0
OG0001103	0	0
OG0001104	0	0
OG0001105	0	0
OG0001106	0	0
OG0001107	0	0
OG0001108	0	0
OG0001109	0	0
OG0001110	0	0
OG0001111	0	0
OG0001112	0	0
OG0001113	0	0
OG0001114	0	0
OG0001115	0	0
OG0001116	0	0
OG0001117	0	0
OG0001118	0	0
OG0001119	0	0
OG0001120	0	0
OG0001121	0	0
OG0001122	0	0
OG0001123	0	0
OG0001124	0	0
OG0001125	0	0
OG0001126	0	0
OG0001127	0	0
OG0001128	0	0
OG0001129	1	1
OG0001130	0	0
OG0001131	0	0
OG0001132	0	0
OG0001133	0	0
OG0001134	0	0
OG0001135	0	0
OG0001136	0	0
OG0001137	0	0
OG0001138	0	0
OG0001139	0	0
OG0001140	0	0
OG0001141	0	0
OG0001142	0	0
OG0001143	0	0
OG0001144	0	0
OG0001145	1	1
OG0001146	0	0
OG0001147	0	0
OG0001148	1	1
OG0001149	0	0
OG0001150	0	0
OG0001151	1	1
OG0001152	1	1
OG0001153	1	1
OG0001154	1	1
OG0001155	3	3
OG0001156	1	1
OG0001157	1	1
OG0001158	2	2
OG0001159	2	2
OG0001160	1	0
OG0001161	2	2
OG0001162	3	3
OG0001163	0	0
OG0001164	1	1
OG0001165	1	1
OG0001166	1	1
OG0001167	0	0
OG0001168	3	3
OG0001169	1	1
OG0001170	2	2
OG0001171	3	3
OG0001172	2	2
OG0001173	3	3
OG0001174	1	1
OG0001175	2	2
OG0001176	3	3
OG0001177	2	2
OG0001178	2	2
OG0001179	0	0
OG0001180	0	0
OG0001181	1	1
OG0001182	3	3
OG0001183	0	0
OG0001184	2	2
OG0001185	3	3
OG0001186	2	2
OG0001187	0	0
OG0001188	1	1
OG0001189	0	0
OG0001190	0	0
OG0001191	2	2
OG0001192	3	3
OG0001193	1	1
OG0001194	1	1
OG0001195	1	1
OG0001196	2	2
OG0001197	0	0
OG0001198	1	1
OG0001199	1	1
OG0001200	1	1
OG0001201	1	1
OG0001202	0	0
OG0001203	0	0
OG0001204	0	0
OG0001205	0	0
OG0001206	4	4
OG0001207	4	4
OG0001208	1	1
OG0001209	1	1
OG0001210	2	2
OG0001211	2	2
OG0001212	1	1
OG0001213	1	1
OG0001214	2	2
OG0001215	3	3
OG0001216	1	1
OG0001217	1	1
OG0001218	1	1
OG0001219	1	0
OG0001220	2	2
OG0001221	0	0
OG0001222	0	0
OG0001223	1	1
OG0001224	0	0
OG0001225	0	0
OG0001226	3	3
OG0001227	3	3
OG0001228	2	2
OG0001229	1	1
OG0001230	0	0
OG0001231	2	2
OG0001232	3	3
OG0001233	1	1
OG0001234	3	3
OG0001235	1	1
OG0001236	1	1
OG0001237	1	1
OG0001238	1	1
OG0001239	0	0
OG0001240	0	0
OG0001241	0	0
OG0001242	0	0
OG0001243	0	0
OG0001244	1	1
OG0001245	0	0
OG0001246	1	1
OG0001247	1	1
OG0001248	1	1
OG0001249	1	1
OG0001250	1	1
OG0001251	3	3
OG0001252	0	0
OG0001253	4	4
OG0001254	0	0
OG0001255	1	1
OG0001256	1	1
OG0001257	3	3
OG0001258	3	3
OG0001259	3	3
OG0001260	3	3
OG0001261	3	3
OG0001262	0	0
OG0001263	1	1
OG0001264	1	1
OG0001265	0	0
OG0001266	1	1
OG0001267	4	4
OG0001268	1	1
OG0001269	4	4
OG0001270	0	0
OG0001271	0	0
OG0001272	0	0
OG0001273	0	0
OG0001274	0	0
OG0001275	0	0
OG0001276	0	0
OG0001277	0	0
OG0001278	0	0
OG0001279	0	0
OG0001280	0	0
OG0001281	0	0
OG0001282	0	0
OG0001283	0	0
OG0001284	0	0
OG0001285	0	0
OG0001286	0	0
OG0001287	0	0
OG0001288	0	0
OG0001289	0	0
OG0001290	0	0
OG0001291	0	0
OG0001292	0	0
OG0001293	0	0
OG0001294	0	0
OG0001295	0	0
OG0001296	0	0
OG0001297	0	0
OG0001298	0	0
OG0001299	0	0
OG0001300	1	1
OG0001301	0	0
OG0001302	0	0
OG0001303	0	0
OG0001304	0	0
OG0001305	0	0
OG0001306	0	0
OG0001307	0	0
OG0001308	0	0
OG0001309	0	0
OG0001310	0	0
OG0001311	0	0
OG0001312	0	0
OG0001313	0	0
OG0001314	0	0
OG0001315	0	0
OG0001316	0	0
OG0001317	0	0
OG0001318	0	0
OG0001319	0	0
OG0001320	0	0
OG0001321	0	0
OG0001322	0	0
OG0001323	0	0
OG0001324	0	0
OG0001325	0	0
OG0001326	0	0
OG0001327	0	0
OG0001328	0	0
OG0001329	3	3
OG0001330	1	1
OG0001331	0	0
OG0001332	2	2
OG0001333	1	1
OG0001334	0	0
OG0001335	0	0
OG0001336	0	0
OG0001337	0	0
OG0001338	1	1
OG0001339	1	1
OG0001340	0	0
OG0001341	1	1
OG0001342	0	0
OG0001343	1	1
OG0001344	1	1
OG0001345	0	0
OG0001346	0	0
OG0001347	0	0
OG0001348	0	0
OG0001349	0	0
OG0001350	1	1
OG0001351	0	0
OG0001352	2	2
OG0001353	2	2
OG0001354	1	1
OG0001355	3	3
OG0001356	0	0
OG0001357	0	0
OG0001358	1	1
OG0001359	0	0
OG0001360	2	2
OG0001361	1	1
OG0001362	0	0
OG0001363	0	0
OG0001364	0	0
OG0001365	0	0
OG0001366	0	0
OG0001367	2	2
OG0001368	0	0
OG0001369	0	0
OG0001370	0	0
OG0001371	0	0
OG0001372	1	1
OG0001373	0	0
OG0001374	0	0
OG0001375	2	2
OG0001376	1	1
OG0001377	0	0
OG0001378	0	0
OG0001379	1	1
OG0001380	0	0
OG0001381	2	2
OG0001382	0	0
OG0001383	2	2
OG0001384	0	0
OG0001385	1	1
OG0001386	0	0
OG0001387	0	0
OG0001388	1	1
OG0001389	0	0
OG0001390	0	0
OG0001391	2	2
OG0001392	2	2
OG0001393	0	0
OG0001394	3	3
OG0001395	1	1
OG0001396	0	0
OG0001397	0	0
OG0001398	0	0
OG0001399	0	0
OG0001400	0	0
OG0001401	1	1
OG0001402	0	0
OG0001403	0	0
OG0001404	0	0
OG0001405	2	2
OG0001406	0	0
OG0001407	0	0
OG0001408	1	1
OG0001409	1	1
OG0001410	1	1
OG0001411	1	1
OG0001412	2	2
OG0001413	0	0
OG0001414	0	0
OG0001415	2	2
OG0001416	2	2
OG0001417	2	2
OG0001418	0	0
OG0001419	0	0
OG0001420	0	0
OG0001421	0	0
OG0001422	0	0
OG0001423	0	0
OG0001424	2	2
OG0001425	0	0
OG0001426	0	0
OG0001427	0	0
OG0001428	2	2
OG0001429	2	2
OG0001430	1	1
OG0001431	0	0
OG0001432	0	0
OG0001433	1	1
OG0001434	2	2
OG0001435	3	3
OG0001436	1	1
OG0001437	0	0
OG0001438	0	0
OG0001439	1	1
OG0001440	1	1
OG0001441	0	0
OG0001442	1	1
OG0001443	0	0
OG0001444	0	0
OG0001445	0	0
OG0001446	1	1
OG0001447	2	2
OG0001448	0	0
OG0001449	0	0
OG0001450	1	1
OG0001451	1	1
OG0001452	0	0
OG0001453	0	0
OG0001454	0	0
OG0001455	0	0
OG0001456	2	2
OG0001457	0	0
OG0001458	0	0
OG0001459	0	0
OG0001460	0	0
OG0001461	0	0
OG0001462	0	0
OG0001463	1	1
OG0001464	3	3
OG0001465	3	3
OG0001466	0	0
OG0001467	2	2
OG0001468	0	0
OG0001469	0	0
OG0001470	2	2
OG0001471	1	1
OG0001472	0	0
OG0001473	0	0
OG0001474	0	0
OG0001475	1	1
OG0001476	1	1
OG0001477	2	2
OG0001478	0	0
OG0001479	0	0
OG0001480	0	0
OG0001481	0	0
OG0001482	0	0
OG0001483	1	1
OG0001484	0	0
OG0001485	0	0
OG0001486	0	0
OG0001487	0	0
OG0001488	0	0
OG0001489	0	0
OG0001490	0	0
OG0001491	0	0
OG0001492	0	0
OG0001493	0	0
OG0001494	0	0
OG0001495	0	0
OG0001496	1	1
OG0001497	0	0
OG0001498	0	0
OG0001499	0	0
OG0001500	0	0
OG0001501	0	0
OG0001502	2	2
OG0001503	2	2
OG0001504	0	0
OG0001505	0	0
OG0001506	3	3
OG0001507	0	0
OG0001508	0	0
OG0001509	2	2
OG0001510	0	0
OG0001511	2	2
OG0001512	1	1
OG0001513	1	1
OG0001514	0	0
OG0001515	2	2
OG0001516	0	0
OG0001517	0	0
OG0001518	0	0
OG0001519	0	0
OG0001520	1	1
OG0001521	0	0
OG0001522	0	0
OG0001523	0	0
OG0001524	2	2
OG0001525	1	1
OG0001526	0	0
OG0001527	0	0
OG0001528	0	0
OG0001529	0	0
OG0001530	0	0
OG0001531	0	0
OG0001532	0	0
OG0001533	2	2
OG0001534	2	2
OG0001535	0	0
OG0001536	0	0
OG0001537	0	0
OG0001538	0	0
OG0001539	0	0
OG0001540	0	0
OG0001541	0	0
OG0001542	0	0
OG0001543	0	0
OG0001544	0	0
OG0001545	0	0
OG0001546	2	2
OG0001547	2	2
OG0001548	0	0
OG0001549	0	0
OG0001550	0	0
OG0001551	1	1
OG0001552	0	0
OG0001553	2	2
OG0001554	0	0
OG0001555	0	0
OG0001556	0	0
OG0001557	0	0
OG0001558	0	0
OG0001559	0	0
OG0001560	0	0
OG0001561	2	2
OG0001562	0	0
OG0001563	0	0
OG0001564	0	0
OG0001565	0	0
OG0001566	0	0
OG0001567	1	1
OG0001568	0	0
OG0001569	0	0
OG0001570	0	0
OG0001571	0	0
OG0001572	0	0
OG0001573	0	0
OG0001574	0	0
OG0001575	1	1
OG0001576	0	0
OG0001577	0	0
OG0001578	0	0
OG0001579	0	0
OG0001580	0	0
OG0001581	0	0
OG0001582	0	0
OG0001583	0	0
OG0001584	2	2
OG0001585	0	0
OG0001586	2	2
OG0001587	0	0
OG0001588	0	0
OG0001589	0	0
OG0001590	0	0
OG0001591	1	1
OG0001592	1	1
OG0001593	0	0
OG0001594	0	0
OG0001595	0	0
OG0001596	0	0
OG0001597	1	1
OG0001598	1	1
OG0001599	0	0
OG0001600	0	0
OG0001601	0	0
OG0001602	0	0
OG0001603	0	0
OG0001604	0	0
OG0001605	0	0
OG0001606	0	0
OG0001607	0	0
OG0001608	0	0
OG0001609	0	0
OG0001610	0	0
OG0001611	0	0
OG0001612	0	0
OG0001613	0	0
OG0001614	0	0
OG0001615	1	1
OG0001616	0	0
OG0001617	0	0
OG0001618	1	1
OG0001619	0	0
OG0001620	2	2
OG0001621	0	0
OG0001622	0	0
OG0001623	2	2
OG0001624	0	0
OG0001625	2	2
OG0001626	0	0
OG0001627	2	2
OG0001628	0	0
OG0001629	0	0
OG0001630	0	0
OG0001631	0	0
OG0001632	0	0
OG0001633	1	1
OG0001634	0	0
OG0001635	2	2
OG0001636	0	0
OG0001637	0	0
OG0001638	0	0
OG0001639	0	0
OG0001640	0	0
OG0001641	2	2
OG0001642	0	0
OG0001643	0	0
OG0001644	1	1
OG0001645	0	0
OG0001646	0	0
OG0001647	0	0
OG0001648	0	0
OG0001649	0	0
OG0001650	0	0
OG0001651	0	0
OG0001652	0	0
OG0001653	0	0
OG0001654	0	0
OG0001655	0	0
OG0001656	1	1
OG0001657	1	1
OG0001658	1	1
OG0001659	1	1
OG0001660	2	2
OG0001661	0	0
OG0001662	0	0
OG0001663	0	0
OG0001664	0	0
OG0001665	0	0
OG0001666	0	0
OG0001667	0	0
OG0001668	1	1
OG0001669	0	0
OG0001670	0	0
OG0001671	0	0
OG0001672	0	0
OG0001673	0	0
OG0001674	0	0
OG0001675	0	0
OG0001676	0	0
OG0001677	1	1
OG0001678	0	0
OG0001679	0	0
OG0001680	0	0
OG0001681	0	0
OG0001682	0	0
OG0001683	0	0
OG0001684	0	0
OG0001685	0	0
OG0001686	0	0
OG0001687	0	0
OG0001688	0	0
OG0001689	0	0
OG0001690	0	0
OG0001691	0	0
OG0001692	2	2
OG0001693	0	0
OG0001694	0	0
OG0001695	0	0
OG0001696	2	2
OG0001697	2	2
OG0001698	0	0
OG0001699	0	0
OG0001700	0	0
OG0001701	0	0
OG0001702	0	0
OG0001703	0	0
OG0001704	0	0
OG0001705	0	0
OG0001706	0	0
OG0001707	0	0
OG0001708	0	0
OG0001709	0	0
OG0001710	1	1
OG0001711	0	0
OG0001712	1	1
OG0001713	0	0
OG0001714	0	0
OG0001715	0	0
OG0001716	0	0
OG0001717	0	0
OG0001718	0	0
OG0001719	0	0
OG0001720	0	0
OG0001721	0	0
OG0001722	2	2
OG0001723	0	0
OG0001724	0	0
OG0001725	0	0
OG0001726	0	0
OG0001727	0	0
OG0001728	0	0
OG0001729	0	0
OG0001730	0	0
OG0001731	0	0
OG0001732	0	0
OG0001733	0	0
OG0001734	0	0
OG0001735	0	0
OG0001736	0	0
OG0001737	0	0
OG0001738	0	0
OG0001739	0	0
OG0001740	0	0
OG0001741	0	0
OG0001742	0	0
OG0001743	0	0
OG0001744	0	0
OG0001745	0	0
OG0001746	0	0
OG0001747	0	0
OG0001748	0	0
OG0001749	0	0
OG0001750	0	0
OG0001751	0	0
OG0001752	1	1
OG0001753	0	0
OG0001754	0	0
OG0001755	0	0
OG0001756	0	0
OG0001757	0	0
OG0001758	0	0
OG0001759	0	0
OG0001760	0	0
OG0001761	0	0
OG0001762	0	0
OG0001763	0	0
OG0001764	0	0
OG0001765	0	0
OG0001766	0	0
OG0001767	0	0
OG0001768	0	0
OG0001769	0	0
OG0001770	0	0
OG0001771	0	0
OG0001772	0	0
OG0001773	2	2
OG0001774	0	0
OG0001775	0	0
OG0001776	1	1
OG0001777	0	0
OG0001778	0	0
OG0001779	0	0
OG0001780	0	0
OG0001781	0	0
OG0001782	0	0
OG0001783	0	0
OG0001784	0	0
OG0001785	0	0
OG0001786	0	0
OG0001787	0	0
OG0001788	0	0
OG0001789	0	0
OG0001790	0	0
OG0001791	0	0
OG0001792	0	0
OG0001793	0	0
OG0001794	0	0
OG0001795	2	2
OG0001796	0	0
OG0001797	0	0
OG0001798	0	0
OG0001799	0	0
OG0001800	0	0
OG0001801	0	0
OG0001802	0	0
OG0001803	0	0
OG0001804	2	2
OG0001805	0	0
OG0001806	0	0
OG0001807	0	0
OG0001808	0	0
OG0001809	2	2
OG0001810	0	0
OG0001811	0	0
OG0001812	0	0
OG0001813	1	1
OG0001814	0	0
OG0001815	0	0
OG0001816	0	0
OG0001817	0	0
OG0001818	0	0
OG0001819	1	1
OG0001820	0	0
OG0001821	2	2
OG0001822	0	0
OG0001823	2	2
OG0001824	3	3
OG0001825	3	3
OG0001826	3	3
OG0001827	3	3
OG0001828	3	3
OG0001829	1	1
OG0001830	3	3
OG0001831	3	3
