Orthogroup	cyanobacterium_endosymbiont_of_Rhopalodia_gibberula_RgSB_GCF_003574135.1_protein	Crocosphaera_subtropica_ATCC_51142_GCF_000017845.1_protein
OG0000001	WP_232014520.1	WP_009545753.1
OG0000002	WP_119260188.1	WP_009545745.1
OG0000002	WP_119260492.1	WP_009547639.1
OG0000002	WP_119259283.1	WP_009543682.1
OG0000004	WP_119260999.1	WP_009544490.1
OG0000004	WP_172582107.1	WP_009543637.1
OG0000005	WP_119260956.1	WP_009543121.1
OG0000005	WP_119260937.1	WP_009543917.1
OG0000005	WP_119259336.1	WP_009544188.1
OG0000006	WP_119259854.1	WP_009545257.1
OG0000006	WP_232014621.1	WP_182670735.1
OG0000006	WP_119260741.1	WP_009544095.1
OG0000009	WP_232014601.1	WP_024750155.1
OG0000009	WP_119260356.1	WP_009545890.1
OG0000009	WP_119260673.1	WP_009545720.1
OG0000010	WP_232014529.1	WP_009546667.1
OG0000010	WP_232014569.1	WP_009546565.1
OG0000011	WP_119259714.1	WP_009546116.1, WP_009547563.1
OG0000011	WP_119259713.1	WP_009547562.1, WP_009546117.1
OG0000012	WP_119259605.1	WP_009547713.1
OG0000012	WP_119259430.1	WP_009543676.1
OG0000012	WP_119259554.1	WP_024750201.1
OG0000013	WP_119259368.1	WP_009547756.1, WP_009547089.1, WP_009545746.1, WP_009543059.1, WP_009545489.1
OG0000016	WP_119259995.1	WP_009546466.1
OG0000016	WP_172582113.1	WP_009547210.1
OG0000017	WP_119260749.1	WP_009544298.1, WP_009546399.1, WP_009546408.1, WP_009544297.1, WP_009546409.1, WP_009544307.1, WP_009546394.1, WP_009547633.1
OG0000018	WP_119260137.1	WP_009543558.1
OG0000018	WP_119261003.1	WP_009545725.1, WP_009545518.1
OG0000019	WP_119260781.1	WP_009544187.1
OG0000019	WP_119259544.1	WP_009544094.1, WP_009545025.1
OG0000020	WP_119260686.1	WP_009544175.1
OG0000020	WP_119259726.1	WP_009545807.1
OG0000021	WP_119259805.1	WP_009547079.1
OG0000023	WP_172582091.1	WP_009543540.1
OG0000023	WP_232014562.1	WP_009544544.1
OG0000024	WP_119260719.1	WP_009545850.1
OG0000024	WP_119260198.1	WP_009543829.1
OG0000025	WP_119260007.1	WP_009544410.1
OG0000025	WP_232014617.1	WP_243397415.1
OG0000026	WP_119260685.1	WP_009544174.1
OG0000026	WP_119260046.1	WP_009544392.1
OG0000027	WP_119259917.1	WP_009545893.1
OG0000027	WP_119260154.1	WP_009544965.1
OG0000029	WP_119260733.1	WP_009544464.1
OG0000029	WP_119259947.1	WP_009547491.1
OG0000030	WP_119259648.1	WP_182670728.1
OG0000030	WP_119259909.1	WP_009546539.1
OG0000031	WP_119260688.1	WP_009544101.1
OG0000031	WP_119259913.1	WP_008276079.1
OG0000032	WP_119260873.1	WP_009543349.1
OG0000032	WP_119260872.1	WP_009547073.1
OG0000033	WP_119259703.1	WP_009543405.1
OG0000033	WP_119260305.1	WP_009543543.1
OG0000034	WP_119260826.1	WP_009545495.1
OG0000034	WP_119260434.1	WP_009544164.1
OG0000035	WP_119260594.1	WP_009545414.1
OG0000036	WP_119259478.1	WP_009545829.1
OG0000036	WP_119260939.1	WP_049769499.1
OG0000037	WP_012596483.1	WP_007307443.1
OG0000037	WP_044106680.1	WP_009547754.1
OG0000038	WP_119259763.1	WP_009547281.1
OG0000038	WP_119259891.1	WP_009545219.1
OG0000039	WP_119260189.1	WP_009544893.1
OG0000042	WP_119259761.1	WP_009544391.1
OG0000042	WP_119260165.1	WP_009543334.1
OG0000043	WP_119259814.1	WP_009544347.1
OG0000044	WP_119260541.1	WP_009546633.1
OG0000044	WP_119260205.1	WP_009547284.1
OG0000045	WP_119260072.1	WP_009545594.1
OG0000045	WP_119260647.1	WP_009543824.1
OG0000046	WP_119259760.1	WP_041231900.1, WP_009545315.1, WP_009545012.1, WP_009548031.1
OG0000047	WP_232014522.1	WP_009545962.1
OG0000047	WP_119259935.1	WP_009546220.1, WP_009545628.1
OG0000048	WP_232014479.1	WP_009544711.1
OG0000048	WP_119259709.1	WP_156922850.1
OG0000049	WP_119259473.1, WP_119260187.1	WP_009546961.1, WP_024750405.1
OG0000051	WP_119259958.1	WP_009545120.1
OG0000053	WP_145961882.1	WP_009547881.1, WP_009544453.1, WP_009545085.1, WP_009546702.1, WP_071818212.1, WP_009544274.1, WP_009547076.1
OG0000059	WP_119260833.1	WP_243397436.1
OG0000059	WP_119259574.1	WP_009546769.1
OG0000060	WP_119260710.1	WP_009544463.1
OG0000060	WP_119260862.1	WP_009545902.1
OG0000061	WP_119260502.1	WP_009545207.1
OG0000062	WP_119259725.1	WP_009544184.1
OG0000062	WP_119260134.1	WP_009545768.1
OG0000063	WP_119259384.1	WP_009543178.1
OG0000063	WP_119260837.1	WP_009546048.1
OG0000064	WP_119259307.1	WP_009545160.1
OG0000065	WP_172582041.1	WP_009546761.1, WP_008274631.1, WP_009545419.1, WP_009545353.1, WP_009544824.1
OG0000068	WP_119260142.1	WP_009544439.1
OG0000068	WP_119259374.1	WP_009545348.1, WP_009544263.1, WP_009544264.1, WP_009544265.1, WP_009546891.1
OG0000070	WP_119260379.1	WP_009546884.1
OG0000071	WP_119259630.1	WP_009543458.1
OG0000072	WP_172582111.1	WP_024750314.1
OG0000073	WP_119260779.1	WP_009545423.1, WP_009543817.1, WP_024750374.1, WP_009547813.1
OG0000074	WP_119260366.1	WP_009543919.1, WP_009545084.1, WP_009544599.1, WP_009547757.1
OG0000075	WP_232014463.1	WP_009547013.1
OG0000075	WP_232014543.1	WP_009546130.1
OG0000076	WP_119259287.1	WP_009545469.1
OG0000078	WP_232014580.1	WP_009544239.1
OG0000078	WP_172582033.1	WP_009546463.1
OG0000079	WP_119260352.1	WP_009544943.1, WP_009547426.1
OG0000080	WP_119259439.1	WP_009543532.1
OG0000081	WP_119259308.1	WP_009546820.1, WP_009546672.1, WP_009543356.1, WP_009543644.1
OG0000082	WP_119259749.1	WP_009543051.1
OG0000085	WP_119259447.1	WP_009546106.1, WP_009543598.1, WP_009543122.1, WP_009543265.1, WP_009548026.1
OG0000086	WP_232014548.1	WP_009545554.1, WP_009544491.1, WP_009543182.1, WP_009543518.1
OG0000088	WP_119259431.1	WP_009545620.1
OG0000088	WP_119260172.1	WP_009546994.1
OG0000090	WP_119260254.1	WP_009546850.1, WP_009544941.1, WP_009544501.1, WP_009546599.1
OG0000094	WP_119260417.1	WP_009544489.1
OG0000095	WP_119259501.1	WP_009545389.1, WP_009545286.1, WP_009544583.1
OG0000096	WP_119260816.1	WP_009545816.1, WP_009543566.1
OG0000097	WP_119259962.1	WP_024750257.1, WP_035858004.1, WP_243397463.1
OG0000098	WP_119259403.1	WP_009545420.1, WP_009545511.1, WP_009547416.1
OG0000099	WP_119259769.1	WP_009547815.1
OG0000100	WP_119260962.1	WP_009543491.1, WP_009547444.1, WP_009543504.1
OG0000101	WP_119260059.1	WP_009546167.1, WP_012362635.1, WP_009545709.1
OG0000102	WP_119260566.1	WP_009546665.1
OG0000103	WP_119260060.1	WP_009543129.1
OG0000105	WP_119259327.1	WP_009545168.1
OG0000106	WP_119259748.1	WP_243397372.1, WP_009543261.1
OG0000107	WP_119259999.1	WP_009543713.1
OG0000108	WP_119259312.1	WP_009543548.1, WP_009545363.1, WP_009543927.1
OG0000109	WP_119259747.1	WP_009543262.1
OG0000112	WP_119260748.1	WP_009543587.1
OG0000115	WP_172582026.1	WP_009543953.1
OG0000115	WP_119259819.1	WP_009547711.1
OG0000117	WP_119260747.1	WP_009546694.1, WP_009544075.1, WP_009547837.1, WP_009546690.1, WP_009544420.1, WP_009544899.1
OG0000118	WP_232014528.1	WP_009544430.1
OG0000118	WP_172582004.1	WP_009547559.1, WP_009544406.1
OG0000120	WP_119260135.1	WP_009544855.1
OG0000125	WP_232014474.1	WP_182670732.1, WP_182670731.1, WP_012362258.1
OG0000126	WP_119260105.1	WP_009546832.1
OG0000127	WP_119260590.1	WP_024750296.1
OG0000128	WP_119259451.1	WP_009547859.1, WP_009543552.1
OG0000129	WP_119259353.1	WP_009544242.1
OG0000130	WP_119259949.1	WP_009545643.1, WP_009545642.1
OG0000131	WP_119260796.1	WP_009545640.1
OG0000132	WP_119260138.1	WP_009545676.1, WP_009546376.1
OG0000133	WP_119259631.1	WP_009544165.1, WP_009543457.1
OG0000134	WP_085435268.1	WP_007303504.1, WP_008278493.1
OG0000135	WP_172582017.1	WP_009545785.1
OG0000136	WP_119260814.1	WP_009544790.1, WP_009544592.1
OG0000137	WP_119260861.1	WP_009546673.1
OG0000138	WP_119260211.1	WP_009543790.1
OG0000139	WP_119260344.1	WP_009547968.1, WP_009546720.1
OG0000140	WP_119259276.1	WP_009544317.1, WP_009544507.1
OG0000141	WP_232014582.1, WP_172582034.1	WP_009545747.1
OG0000142	WP_119260519.1	WP_009544168.1, WP_009544998.1
OG0000143	WP_119259464.1	WP_009546921.1, WP_009547547.1
OG0000144	WP_119260364.1	WP_009544732.1, WP_009543419.1
OG0000145	WP_119259474.1	WP_009544073.1, WP_009543123.1
OG0000146	WP_119259711.1	WP_009543925.1, WP_182670740.1
OG0000147	WP_119259830.1	WP_009546297.1, WP_009544469.1
OG0000148	WP_119260439.1	WP_009546745.1, WP_009543132.1
OG0000149	WP_119260460.1	WP_009547448.1
OG0000150	WP_119259768.1	WP_009543423.1, WP_009547814.1
OG0000151	WP_119260111.1	WP_009546432.1, WP_009544062.1
OG0000153	WP_119259849.1	WP_009547790.1, WP_024750185.1
OG0000154	WP_119260544.1	WP_009546638.1
OG0000155	WP_119259517.1	WP_009545287.1, WP_009545528.1
OG0000156	WP_119260761.1	WP_009547552.1, WP_009546907.1
OG0000157	WP_119260618.1	WP_009545635.1
OG0000158	WP_119260894.1	WP_009544654.1, WP_009543323.1
OG0000159	WP_119259285.1	WP_198019420.1, WP_009547468.1
OG0000160	WP_119259391.1	WP_009544653.1, WP_009547114.1
OG0000161	WP_119259992.1	WP_009546467.1
OG0000162	WP_119259556.1	WP_009545400.1
OG0000163	WP_119260773.1	WP_024750143.1, WP_009547218.1
OG0000164	WP_119260787.1	WP_009544719.1
OG0000165	WP_119260494.1	WP_009544559.1
OG0000166	WP_119260841.1	WP_009546993.1, WP_009543851.1
OG0000167	WP_119260047.1	WP_156922878.1, WP_009545113.1
OG0000168	WP_119259684.1	WP_024750364.1
OG0000169	WP_119259461.1	WP_009543699.1
OG0000170	WP_119260038.1	WP_024750284.1, WP_009546182.1
OG0000171	WP_119260150.1	WP_009547136.1
OG0000172	WP_119259500.1	WP_243397453.1, WP_009543715.1
OG0000173	WP_119260320.1	WP_009543802.1
OG0000174	WP_232014546.1	WP_009546419.1, WP_009544677.1
OG0000175	WP_172582112.1	WP_009543989.1, WP_024750241.1
OG0000176	WP_119259626.1	WP_009543462.1, WP_009544313.1
OG0000177	WP_119260063.1	WP_009545914.1, WP_009547551.1
OG0000178	WP_119260823.1	WP_009545425.1, WP_009543381.1
OG0000179	WP_119259444.1	WP_009546400.1, WP_009546591.1
OG0000180	WP_119259733.1	WP_009545813.1, WP_009544614.1
OG0000181	WP_119260699.1	WP_009545406.1, WP_009544388.1
OG0000182	WP_119259961.1	WP_009544440.1, WP_009546363.1
OG0000183	WP_119260286.1	WP_243397380.1
OG0000184	WP_119259896.1	WP_009546298.1, WP_009544778.1
OG0000185	WP_119259572.1, WP_119260166.1	WP_009545988.1
OG0000186	WP_119260567.1	WP_009544106.1
OG0000187	WP_119260343.1	WP_009544323.1, WP_009546091.1
OG0000188	WP_232014533.1	WP_009544345.1
OG0000189	WP_119259354.1	WP_009543285.1
OG0000191	WP_172582030.1	WP_009545227.1, WP_009544366.1, WP_009543856.1, WP_009543963.1, WP_009545226.1
OG0000195	WP_232014544.1	WP_009545937.1
OG0000196	WP_119259564.1	WP_009545262.1
OG0000199	WP_119260229.1	WP_009545718.1
OG0000202	WP_119260825.1	WP_009547706.1
OG0000204	WP_232014493.1	WP_009547345.1
OG0000206	WP_119260946.1	WP_009544741.1
OG0000207	WP_119260668.1	WP_009545622.1
OG0000208	WP_119260666.1	WP_009545624.1
OG0000209	WP_119260665.1	WP_009545625.1
OG0000210	WP_119259692.1	WP_009545542.1
OG0000211	WP_119259974.1	WP_009546877.1
OG0000212	WP_119259978.1	WP_009545016.1
OG0000213	WP_119259963.1	WP_009545138.1
OG0000214	WP_119259753.1	WP_009543708.1
OG0000215	WP_119259546.1	WP_009543691.1
OG0000216	WP_119259286.1	WP_009544966.1
OG0000217	WP_119260206.1	WP_009546496.1
OG0000218	WP_119259825.1	WP_009546786.1
OG0000219	WP_119259826.1	WP_009546785.1
OG0000220	WP_119260249.1	WP_009546875.1
OG0000221	WP_119260031.1	WP_009546770.1
OG0000222	WP_119260468.1	WP_009546777.1
OG0000223	WP_119260800.1	WP_009546779.1
OG0000224	WP_232014616.1	WP_012362482.1
OG0000225	WP_119259903.1	WP_009546831.1
OG0000226	WP_119259787.1	WP_009546833.1
OG0000227	WP_119260447.1	WP_009546551.1
OG0000228	WP_119259343.1	WP_009545132.1
OG0000229	WP_119260569.1	WP_009545578.1
OG0000230	WP_119260570.1	WP_008275059.1
OG0000231	WP_119260232.1	WP_009545587.1
OG0000232	WP_119260638.1	WP_009545588.1
OG0000233	WP_119260888.1	WP_009546003.1
OG0000234	WP_119259410.1	WP_009547072.1
OG0000235	WP_119259982.1	WP_009547672.1
OG0000236	WP_119260052.1	WP_009544571.1
OG0000237	WP_119260248.1	WP_009547383.1
OG0000238	WP_119261008.1	WP_009545877.1
OG0000239	WP_119259452.1	WP_009543551.1
OG0000240	WP_119259351.1	WP_009543549.1
OG0000241	WP_119260819.1	WP_009547043.1
OG0000242	WP_119260820.1	WP_009547042.1
OG0000243	WP_119260391.1	WP_009543574.1
OG0000244	WP_232014534.1	WP_009545615.1
OG0000245	WP_119260441.1	WP_009545603.1
OG0000246	WP_119259860.1	WP_009543553.1
OG0000247	WP_119260295.1	WP_009544809.1
OG0000248	WP_119259590.1	WP_009543240.1
OG0000249	WP_119259985.1	WP_009546685.1
OG0000250	WP_119259555.1	WP_012361405.1
OG0000251	WP_119260724.1	WP_009546111.1
OG0000252	WP_119259818.1	WP_009546110.1
OG0000253	WP_119259817.1	WP_009546109.1
OG0000254	WP_119259815.1	WP_009546108.1
OG0000255	WP_119259708.1	WP_009544349.1
OG0000256	WP_119259485.1	WP_009544350.1
OG0000257	WP_119260437.1	WP_009544206.1
OG0000258	WP_119261002.1	WP_009544205.1
OG0000259	WP_119260882.1	WP_009544203.1
OG0000260	WP_119260881.1	WP_009544202.1
OG0000261	WP_119259723.1	WP_009545095.1
OG0000262	WP_119259722.1	WP_009545094.1
OG0000263	WP_119260572.1	WP_009544644.1
OG0000264	WP_119260571.1	WP_243397326.1
OG0000265	WP_119259834.1	WP_009545089.1
OG0000266	WP_119259835.1	WP_009545088.1
OG0000267	WP_119260679.1	WP_009543968.1
OG0000268	WP_119260076.1	WP_008276699.1
OG0000269	WP_119260698.1	WP_009544390.1
OG0000270	WP_119260700.1	WP_009547369.1
OG0000271	WP_119259705.1	WP_009544973.1
OG0000272	WP_119260227.1	WP_009547764.1
OG0000273	WP_119260219.1	WP_009546142.1
OG0000274	WP_119259696.1	WP_009546143.1
OG0000275	WP_119259629.1	WP_009543459.1
OG0000276	WP_119259628.1	WP_009543460.1
OG0000277	WP_119259627.1	WP_009543461.1
OG0000278	WP_119259625.1	WP_009543463.1
OG0000279	WP_119259649.1	WP_009547620.1
OG0000280	WP_119260510.1	WP_009543921.1
OG0000281	WP_119260509.1	WP_009543920.1
OG0000282	WP_119259566.1	WP_009544683.1
OG0000283	WP_119259396.1	WP_009544620.1
OG0000284	WP_119259879.1	WP_182670751.1
OG0000285	WP_119260396.1	WP_009547026.1
OG0000286	WP_119259907.1	WP_009547024.1
OG0000287	WP_119260491.1	WP_009547926.1
OG0000288	WP_232014470.1	WP_243397387.1
OG0000289	WP_119259314.1	WP_009543077.1
OG0000290	WP_119259315.1	WP_009543076.1
OG0000291	WP_119259317.1	WP_009543074.1
OG0000292	WP_119260951.1	WP_009547703.1
OG0000293	WP_119260692.1	WP_009544120.1
OG0000294	WP_119260691.1	WP_009544121.1
OG0000295	WP_119259866.1	WP_009544261.1
OG0000296	WP_119260096.1	WP_009543276.1
OG0000297	WP_119259689.1	WP_008275436.1
OG0000298	WP_119259602.1	WP_009543372.1
OG0000299	WP_119259786.1	WP_009545793.1
OG0000300	WP_119260304.1	WP_009545997.1
OG0000301	WP_119260643.1	WP_009545140.1
OG0000302	WP_119260644.1	WP_156922826.1
OG0000303	WP_119259492.1	WP_009545145.1
OG0000304	WP_119259493.1	WP_009545144.1
OG0000305	WP_119260764.1	WP_009544697.1
OG0000306	WP_119260049.1	WP_009546136.1
OG0000307	WP_119259757.1	WP_009543664.1
OG0000308	WP_119260079.1	WP_009546037.1
OG0000309	WP_119260924.1	WP_024750312.1
OG0000310	WP_119259356.1	WP_009545046.1
OG0000311	WP_119259858.1	WP_009543966.1
OG0000312	WP_119259859.1	WP_009543965.1
OG0000313	WP_119259509.1	WP_009547690.1
OG0000314	WP_119260032.1	WP_009545103.1
OG0000315	WP_119260815.1	WP_009544789.1
OG0000316	WP_119260387.1	WP_009544787.1
OG0000317	WP_232014588.1	WP_243397442.1
OG0000318	WP_119259437.1	WP_009543280.1
OG0000319	WP_119259873.1	WP_009543270.1
OG0000320	WP_119259872.1	WP_009543269.1
OG0000321	WP_119260731.1	WP_009543114.1
OG0000322	WP_119259770.1	WP_009546825.1
OG0000323	WP_119259799.1	WP_024750198.1
OG0000324	WP_119259798.1	WP_009546827.1
OG0000325	WP_119260241.1	WP_009546828.1
OG0000326	WP_119260678.1	WP_009543375.1
OG0000327	WP_119259584.1	WP_009544846.1
OG0000328	WP_119259884.1	WP_009544848.1
OG0000329	WP_232014572.1	WP_009544849.1
OG0000330	WP_119259886.1	WP_009544850.1
OG0000331	WP_119259686.1	WP_009543839.1
OG0000332	WP_119259597.1	WP_009544842.1
OG0000333	WP_119259596.1	WP_009544841.1
OG0000334	WP_119260183.1	WP_009546674.1
OG0000335	WP_119259754.1	WP_009546669.1
OG0000336	WP_119260587.1	WP_009544477.1
OG0000337	WP_119260106.1	WP_009544457.1
OG0000338	WP_119260133.1	WP_009543144.1
OG0000339	WP_119260690.1	WP_009543143.1
OG0000340	WP_119259618.1	WP_009543142.1
OG0000341	WP_119260671.1	WP_009544621.1
OG0000342	WP_119259642.1	WP_009544281.1
OG0000343	WP_119260292.1	WP_009543791.1
OG0000344	WP_119259778.1	WP_009543788.1
OG0000345	WP_119260346.1	WP_009546722.1
OG0000346	WP_119260347.1	WP_009546723.1
OG0000347	WP_119260348.1	WP_008277359.1
OG0000348	WP_119260349.1	WP_008277360.1
OG0000349	WP_119260893.1	WP_008277364.1
OG0000350	WP_119259808.1	WP_009545562.1
OG0000351	WP_119260807.1	WP_009543783.1
OG0000352	WP_119260806.1	WP_009543784.1
OG0000353	WP_119259475.1	WP_009546044.1
OG0000354	WP_119260479.1	WP_009544387.1
OG0000355	WP_119259390.1	WP_009546677.1
OG0000356	WP_119259275.1	WP_009544508.1
OG0000357	WP_119261012.1	WP_009544099.1
OG0000358	WP_119260525.1	WP_009547001.1
OG0000359	WP_119260968.1	WP_009544958.1
OG0000360	WP_119259441.1	WP_009544961.1
OG0000361	WP_119260936.1	WP_009543915.1
OG0000362	WP_119260021.1	WP_009543918.1
OG0000363	WP_119260331.1	WP_009545358.1
OG0000364	WP_119259324.1	WP_009545985.1
OG0000365	WP_119260196.1	WP_024750268.1
OG0000366	WP_119260296.1	WP_009544466.1
OG0000367	WP_119260805.1	WP_009544625.1
OG0000368	WP_119260703.1	WP_009544628.1
OG0000369	WP_119260270.1	WP_009544561.1
OG0000370	WP_119260272.1	WP_009544278.1
OG0000371	WP_119260382.1	WP_009545272.1
OG0000372	WP_232014610.1	WP_009545273.1
OG0000373	WP_119259624.1	WP_009543614.1
OG0000374	WP_119259297.1	WP_009545552.1
OG0000375	WP_119259302.1	WP_009545560.1
OG0000376	WP_119259306.1	WP_009544214.1
OG0000377	WP_119260088.1	WP_024750361.1
OG0000378	WP_119260087.1	WP_009545433.1
OG0000379	WP_119260659.1	WP_009544181.1
OG0000380	WP_119260657.1	WP_012361614.1
OG0000381	WP_044106898.1	WP_007304785.1
OG0000382	WP_119260520.1	WP_049769508.1
OG0000383	WP_119260521.1	WP_009544170.1
OG0000384	WP_119260650.1	WP_009546716.1
OG0000385	WP_119259339.1	WP_009546622.1
OG0000386	WP_119260362.1	WP_009546620.1
OG0000387	WP_119260701.1	WP_009546714.1
OG0000388	WP_119259899.1	WP_009545252.1
OG0000389	WP_119259901.1	WP_009545256.1
OG0000390	WP_119259421.1	WP_009543328.1
OG0000391	WP_232014523.1	WP_009545755.1
OG0000392	WP_119260734.1	WP_009545354.1
OG0000393	WP_119260735.1	WP_009547422.1
OG0000394	WP_119260195.1	WP_009543523.1
OG0000395	WP_119260193.1	WP_009543526.1
OG0000396	WP_119260750.1	WP_009543527.1
OG0000397	WP_119260904.1	WP_009545435.1
OG0000398	WP_119260066.1	WP_009544494.1
OG0000399	WP_119259876.1	WP_009544495.1, WP_009546173.1
OG0000400	WP_119259334.1	WP_009546762.1
OG0000401	WP_119260330.1	WP_009544834.1
OG0000402	WP_119260329.1	WP_009544833.1
OG0000403	WP_119260039.1	WP_009543324.1
OG0000404	WP_119259463.1	WP_009546922.1
OG0000405	WP_119260256.1	WP_009545185.1
OG0000406	WP_119260255.1	WP_009545184.1
OG0000407	WP_119260221.1	WP_024750370.1
OG0000408	WP_119260223.1	WP_009545211.1
OG0000409	WP_119260224.1	WP_009545212.1
OG0000410	WP_119260991.1	WP_009546040.1
OG0000411	WP_119260730.1	WP_009544091.1
OG0000412	WP_119260253.1	WP_009547457.1
OG0000413	WP_119260709.1	WP_009544927.1
OG0000414	WP_119260513.1	WP_009544152.1
OG0000415	WP_119259727.1	WP_009544154.1
OG0000416	WP_119259400.1	WP_009546071.1
OG0000417	WP_119259942.1	WP_009543236.1
OG0000418	WP_119259960.1	WP_009543233.1
OG0000419	WP_119260726.1	WP_243397335.1
OG0000420	WP_119260725.1	WP_009547626.1
OG0000421	WP_119261015.1	WP_009546526.1
OG0000422	WP_119259970.1	WP_024750123.1
OG0000423	WP_119260528.1	WP_009545156.1
OG0000424	WP_119260257.1	WP_009544176.1
OG0000425	WP_119259751.1	WP_009544131.1
OG0000426	WP_119260445.1	WP_009543609.1
OG0000427	WP_119260444.1	WP_009543608.1
OG0000428	WP_119260202.1	WP_009543082.1
OG0000429	WP_119260375.1	WP_009545996.1
OG0000430	WP_119259889.1	WP_009545992.1
OG0000431	WP_119260071.1	WP_009544945.1
OG0000432	WP_119260827.1	WP_009543135.1
OG0000433	WP_119260531.1	WP_009545217.1
OG0000434	WP_119260532.1	WP_009544823.1
OG0000435	WP_119260533.1	WP_009544819.1
OG0000436	WP_119260818.1	WP_009544811.1
OG0000437	WP_119260845.1	WP_009547340.1
OG0000438	WP_119259741.1	WP_009546956.1
OG0000439	WP_119259575.1	WP_009544472.1
OG0000440	WP_119259712.1	WP_009546118.1
OG0000441	WP_119260637.1	WP_024750230.1
OG0000442	WP_119259587.1	WP_009545976.1
OG0000443	WP_119259593.1	WP_009545975.1
OG0000444	WP_119259612.1	WP_009545668.1
OG0000445	WP_119259611.1	WP_009545667.1
OG0000446	WP_119259600.1	WP_009545661.1
OG0000447	WP_119260593.1	WP_009545867.1
OG0000448	WP_119259989.1	WP_008277352.1
OG0000449	WP_119259990.1	WP_009543177.1
OG0000450	WP_119260243.1	WP_009545775.1
OG0000451	WP_119260244.1	WP_009545774.1
OG0000452	WP_119259489.1	WP_009547257.1
OG0000453	WP_119260508.1	WP_009544107.1
OG0000454	WP_172582046.1	WP_009546451.1
OG0000455	WP_119260192.1	WP_009546450.1
OG0000456	WP_119259417.1	WP_009547240.1
OG0000457	WP_119260670.1	WP_156922862.1
OG0000458	WP_119259971.1	WP_024750176.1
OG0000459	WP_119259402.1	WP_009547417.1
OG0000460	WP_119261022.1	WP_009544898.1
OG0000461	WP_119260325.1	WP_009547665.1
OG0000462	WP_119260062.1	WP_009547590.1
OG0000463	WP_119259540.1	WP_009546751.1
OG0000464	WP_232014600.1	WP_009546749.1
OG0000465	WP_232014594.1	WP_009545374.1
OG0000466	WP_119259796.1	WP_009544701.1
OG0000467	WP_119260140.1	WP_009545878.1
OG0000468	WP_119260385.1	WP_009544576.1
OG0000469	WP_119259490.1	WP_009545003.1
OG0000470	WP_119259491.1	WP_009545002.1
OG0000471	WP_119259745.1	WP_009544762.1
OG0000472	WP_119259311.1	WP_009544808.1
OG0000473	WP_232014506.1	WP_009544795.1
OG0000474	WP_119259919.1	WP_009544793.1
OG0000475	WP_119260706.1	WP_024750372.1
OG0000476	WP_119260707.1	WP_009544006.1
OG0000477	WP_119259591.1	WP_009544013.1
OG0000478	WP_119259707.1	WP_009546700.1
OG0000479	WP_119259518.1	WP_009547166.1
OG0000480	WP_232014570.1	WP_009543779.1
OG0000481	WP_119259857.1	WP_009543778.1
OG0000482	WP_119260574.1	WP_009543775.1
OG0000483	WP_119260443.1	WP_009544874.1
OG0000484	WP_119260162.1	WP_009545946.1
OG0000485	WP_119260163.1	WP_009545947.1
OG0000486	WP_119260164.1	WP_009545948.1
OG0000487	WP_119260998.1	WP_009547144.1
OG0000488	WP_119260578.1	WP_024750270.1
OG0000489	WP_119260950.1	WP_009546560.1
OG0000490	WP_119260423.1	WP_009545388.1
OG0000491	WP_119259401.1	WP_009543636.1
OG0000492	WP_119260422.1	WP_009545387.1
OG0000493	WP_119259338.1	WP_009544135.1
OG0000494	WP_119260171.1	WP_009545841.1
OG0000495	WP_119260234.1	WP_009545838.1
OG0000496	WP_119260478.1	WP_009546754.1
OG0000497	WP_119260610.1	WP_009547911.1
OG0000498	WP_119260332.1	WP_009545442.1
OG0000499	WP_119259955.1	WP_009545264.1
OG0000500	WP_119260389.1	WP_009546572.1
OG0000501	WP_119260789.1	WP_009546569.1
OG0000502	WP_119259609.1	WP_009546568.1
OG0000503	WP_119260299.1	WP_009543351.1
OG0000504	WP_119260300.1	WP_009543352.1
OG0000505	WP_119260288.1	WP_009545260.1
OG0000506	WP_119260287.1	WP_009545318.1
OG0000507	WP_119260334.1	WP_009544460.1
OG0000508	WP_232014469.1	WP_009543634.1
OG0000509	WP_172582072.1	WP_009543632.1
OG0000510	WP_119261010.1	WP_024750148.1
OG0000511	WP_119260051.1	WP_009543628.1
OG0000512	WP_119260617.1	WP_009543997.1
OG0000513	WP_119260099.1	WP_009547248.1
OG0000514	WP_119260905.1	WP_243397411.1
OG0000515	WP_119260298.1	WP_009547207.1
OG0000516	WP_119260367.1	WP_009547758.1
OG0000517	WP_119259828.1	WP_009543506.1
OG0000518	WP_119260854.1	WP_009545708.1
OG0000519	WP_119260275.1	WP_009544427.1
OG0000520	WP_119260276.1	WP_009544426.1
OG0000521	WP_119259774.1	WP_009545498.1
OG0000522	WP_119259460.1	WP_009545500.1
OG0000523	WP_119259767.1	WP_009546790.1
OG0000524	WP_119259766.1	WP_008276531.1
OG0000525	WP_119259759.1	WP_009543047.1
OG0000526	WP_119259393.1	WP_009544241.1
OG0000527	WP_119259969.1	WP_009546018.1
OG0000528	WP_119259968.1	WP_009543825.1
OG0000529	WP_119260054.1	WP_009543315.1
OG0000530	WP_119259764.1	WP_009547365.1
OG0000531	WP_119260926.1	WP_009547364.1
OG0000532	WP_232014596.1	WP_009547358.1
OG0000533	WP_119259578.1	WP_012362171.1
OG0000534	WP_119259580.1	WP_009545344.1
OG0000535	WP_119259581.1	WP_009545345.1
OG0000536	WP_119260170.1	WP_009546036.1
OG0000537	WP_119259296.1	WP_009545679.1
OG0000538	WP_119259617.1	WP_009544668.1
OG0000539	WP_119260684.1	WP_009543942.1
OG0000540	WP_119260107.1	WP_009543440.1
OG0000541	WP_119259329.1	WP_009544344.1
OG0000542	WP_119259582.1	WP_243397407.1
OG0000543	WP_232014612.1	WP_009544527.1
OG0000544	WP_119260535.1	WP_009546627.1
OG0000545	WP_119260536.1	WP_008274029.1
OG0000546	WP_119260537.1	WP_009546629.1
OG0000547	WP_119260538.1	WP_009546630.1
OG0000548	WP_119260539.1	WP_009546631.1
OG0000549	WP_119260542.1	WP_009546634.1
OG0000550	WP_119260543.1	WP_009546637.1
OG0000551	WP_119260545.1	WP_009546639.1
OG0000552	WP_119260546.1	WP_009546640.1
OG0000553	WP_119260547.1	WP_009546641.1
OG0000554	WP_119260548.1	WP_009546643.1
OG0000555	WP_119260550.1	WP_009546645.1
OG0000556	WP_119260554.1	WP_009546649.1
OG0000557	WP_119260555.1	WP_009546650.1
OG0000558	WP_119260563.1	WP_009546658.1
OG0000559	WP_119260564.1	WP_009546659.1
OG0000560	WP_119260269.1	WP_009545901.1
OG0000561	WP_119260595.1	WP_009545898.1
OG0000562	WP_119260727.1	WP_009545805.1
OG0000563	WP_119260281.1	WP_009547634.1
OG0000564	WP_044105787.1	WP_009547635.1
OG0000565	WP_119260430.1	WP_009547637.1
OG0000566	WP_119259851.1	WP_009545190.1
OG0000567	WP_119260927.1	WP_009543673.1
OG0000568	WP_119259321.1	WP_009543675.1
OG0000569	WP_119261018.1	WP_009543678.1
OG0000570	WP_119260620.1	WP_009543679.1
OG0000571	WP_119260103.1	WP_009547094.1
OG0000572	WP_119260401.1	WP_009543507.1
OG0000573	WP_119260402.1	WP_009543508.1
OG0000574	WP_119259542.1	WP_009547352.1
OG0000575	WP_119260984.1	WP_009547351.1
OG0000576	WP_119260260.1	WP_009547349.1
OG0000577	WP_119259361.1	WP_009547347.1
OG0000578	WP_119259776.1	WP_009547014.1, WP_009546074.1
OG0000579	WP_119259613.1	WP_009546529.1
OG0000580	WP_119260628.1	WP_009546530.1
OG0000581	WP_232014597.1	WP_009547677.1
OG0000582	WP_119260990.1	WP_009547234.1
OG0000583	WP_119260339.1	WP_009547235.1
OG0000584	WP_119259355.1	WP_009545005.1
OG0000585	WP_119260482.1	WP_009545566.1
OG0000586	WP_172582105.1	WP_009545568.1
OG0000587	WP_119260721.1	WP_009545307.1
OG0000588	WP_119260388.1	WP_009545447.1
OG0000589	WP_119259284.1	WP_009545453.1
OG0000590	WP_119260311.1	WP_009543307.1
OG0000591	WP_119260310.1	WP_009543308.1
OG0000592	WP_119260309.1	WP_009543309.1
OG0000593	WP_119260093.1	WP_009546706.1
OG0000594	WP_119259278.1	WP_009544746.1
OG0000595	WP_119260788.1	WP_009546819.1
OG0000596	WP_119259577.1	WP_009544989.1
OG0000597	WP_119260582.1	WP_009545022.1
OG0000598	WP_119260909.1	WP_009546554.1
OG0000599	WP_119260660.1	WP_009543212.1
OG0000600	WP_232014458.1	WP_243397353.1
OG0000601	WP_119259412.1	WP_009545299.1
OG0000602	WP_119259527.1	WP_009543118.1
OG0000603	WP_119260119.1	WP_009545097.1
OG0000604	WP_119260159.1	WP_009543134.1
OG0000605	WP_232014465.1	WP_009544432.1
OG0000606	WP_119260605.1	WP_009543370.1
OG0000607	WP_119260147.1	WP_009544020.1
OG0000608	WP_172582044.1	WP_009544032.1
OG0000609	WP_119260449.1	WP_009544037.1
OG0000610	WP_119260672.1	WP_009545719.1
OG0000611	WP_119260020.1	WP_009545656.1
OG0000612	WP_119259561.1	WP_009545654.1
OG0000613	WP_119259560.1	WP_009545653.1
OG0000614	WP_119259559.1	WP_009545652.1
OG0000615	WP_119260001.1	WP_009546607.1
OG0000616	WP_119259407.1	WP_009543723.1
OG0000617	WP_119260381.1	WP_009543719.1
OG0000618	WP_119259433.1	WP_008274988.1
OG0000619	WP_119259434.1	WP_009544586.1
OG0000620	WP_119261042.1	WP_009544428.1
OG0000621	WP_119260318.1	WP_009547098.1
OG0000622	WP_119260317.1	WP_009547097.1
OG0000623	WP_119260316.1	WP_009545930.1
OG0000624	WP_119260988.1	WP_009545929.1
OG0000625	WP_119259359.1	WP_009545749.1
OG0000626	WP_119260718.1	WP_009545750.1
OG0000627	WP_232014508.1	WP_009547510.1
OG0000628	WP_119260838.1	WP_009543361.1
OG0000629	WP_119259938.1	WP_009544034.1
OG0000630	WP_119260903.1	WP_012362397.1
OG0000631	WP_119260435.1	WP_008278381.1
OG0000632	WP_119259528.1	WP_009546510.1
OG0000633	WP_119260176.1	WP_009546518.1
OG0000634	WP_119260175.1	WP_009546780.1
OG0000635	WP_119259651.1	WP_009546783.1
OG0000636	WP_119259650.1	WP_009546784.1
OG0000637	WP_119259523.1	WP_009547199.1
OG0000638	WP_119259385.1	WP_009547197.1
OG0000639	WP_119261031.1	WP_009547267.1
OG0000640	WP_232014498.1	WP_009547264.1
OG0000641	WP_119259465.1	WP_009543520.1
OG0000642	WP_119259535.1	WP_009546055.1
OG0000643	WP_119259290.1	WP_009545467.1
OG0000644	WP_119259864.1	WP_009545480.1
OG0000645	WP_119260943.1	WP_009545481.1
OG0000646	WP_119259948.1	WP_009547493.1
OG0000647	WP_119259740.1	WP_009546757.1
OG0000648	WP_119259445.1	WP_009547221.1
OG0000649	WP_119259730.1	WP_009546157.1
OG0000650	WP_119260754.1	WP_009546152.1
OG0000651	WP_119260755.1	WP_009546153.1
OG0000652	WP_119259454.1	WP_009546810.1
OG0000653	WP_119259797.1	WP_009545846.1
OG0000654	WP_172582119.1	WP_009547714.1
OG0000655	WP_119259565.1	WP_009543296.1
OG0000656	WP_119260322.1	WP_009543297.1
OG0000657	WP_119260155.1	WP_012362149.1
OG0000658	WP_119259346.1	WP_009545437.1
OG0000659	WP_119259693.1	WP_009545439.1
OG0000660	WP_119260139.1	WP_009544934.1
OG0000661	WP_119260377.1	WP_009544933.1
OG0000662	WP_232014608.1	WP_009544932.1
OG0000663	WP_119259319.1	WP_009544878.1
OG0000664	WP_119259996.1	WP_009546464.1
OG0000665	WP_119259877.1	WP_024750202.1
OG0000666	WP_119260200.1	WP_007310088.1
OG0000667	WP_119260199.1	WP_008276351.1
OG0000668	WP_119260197.1	WP_009543830.1
OG0000669	WP_044107444.1	WP_007304701.1
OG0000670	WP_119260529.1	WP_009544533.1
OG0000671	WP_119260328.1	WP_009544645.1
OG0000672	WP_119260368.1	WP_012361494.1
OG0000673	WP_119260830.1	WP_009543313.1
OG0000674	WP_119259964.1	WP_009546038.1
OG0000675	WP_119260596.1	WP_009545692.1
OG0000676	WP_119260597.1	WP_198019428.1
OG0000677	WP_119260598.1	WP_009546969.1
OG0000678	WP_119260599.1	WP_009546970.1
OG0000679	WP_119260600.1	WP_009546971.1
OG0000680	WP_119259926.1	WP_009543153.1
OG0000681	WP_119259924.1	WP_009543155.1
OG0000682	WP_119259923.1	WP_009543156.1
OG0000683	WP_119259922.1	WP_009543157.1
OG0000684	WP_119259921.1	WP_009543158.1
OG0000685	WP_119259543.1	WP_009543160.1
OG0000686	WP_119260307.1	WP_009545698.1
OG0000687	WP_119260677.1	WP_009545881.1
OG0000688	WP_119259606.1	WP_009546789.1
OG0000689	WP_119260212.1	WP_009546019.1
OG0000690	WP_119259840.1	WP_009543911.1
OG0000691	WP_119259806.1	WP_009547191.1
OG0000692	WP_119260392.1	WP_009547177.1
OG0000693	WP_119259632.1	WP_009547668.1
OG0000694	WP_119259773.1	WP_009545497.1
OG0000695	WP_119259772.1	WP_008273172.1
OG0000696	WP_232014559.1	WP_012362131.1
OG0000697	WP_119259837.1	WP_024750255.1
OG0000698	WP_172582035.1	WP_243397379.1
OG0000699	WP_119260516.1	WP_009548015.1
OG0000700	WP_232014564.1	WP_009543764.1
OG0000701	WP_119259812.1	WP_009543765.1
OG0000702	WP_119259813.1	WP_009543766.1
OG0000703	WP_119261044.1	WP_009543407.1
OG0000704	WP_119260613.1	WP_024750137.1
OG0000705	WP_119260462.1	WP_009546581.1
OG0000706	WP_119259404.1	WP_009543840.1
OG0000707	WP_119260901.1	WP_009545178.1
OG0000708	WP_119259519.1	WP_009547239.1
OG0000709	WP_119260642.1	WP_009543797.1
OG0000710	WP_119260636.1	WP_009543492.1, WP_009543798.1
OG0000711	WP_119260216.1	WP_009546546.1
OG0000712	WP_119260214.1	WP_009546547.1
OG0000713	WP_172582023.1	WP_009545540.1
OG0000714	WP_044107668.1	WP_009545626.1
OG0000715	WP_119260624.1	WP_009545631.1
OG0000716	WP_119260911.1	WP_009543742.1
OG0000717	WP_119260203.1	WP_009543740.1
OG0000718	WP_119259604.1	WP_009546592.1
OG0000719	WP_119260081.1	WP_009546095.1
OG0000720	WP_119260082.1	WP_009546094.1
OG0000721	WP_119260440.1	WP_009543435.1
OG0000722	WP_119260793.1	WP_009543437.1
OG0000723	WP_119260832.1	WP_009543835.1
OG0000724	WP_119259534.1	WP_009543529.1
OG0000725	WP_119259305.1	WP_009546528.1
OG0000726	WP_119259920.1	WP_009545573.1
OG0000727	WP_119260333.1	WP_009544716.1
OG0000728	WP_119260400.1	WP_009544721.1
OG0000729	WP_119259720.1	WP_009543907.1
OG0000730	WP_119259719.1	WP_009543908.1
OG0000731	WP_119259476.1	WP_009545831.1
OG0000732	WP_119259477.1	WP_009545830.1
OG0000733	WP_119260715.1	WP_009545828.1
OG0000734	WP_119261050.1	WP_009543932.1
OG0000735	WP_119260794.1	WP_009545261.1
OG0000736	WP_119259532.1	WP_009547088.1
OG0000737	WP_119259282.1	WP_009546027.1
OG0000738	WP_119260518.1	WP_243397417.1
OG0000739	WP_119260631.1	WP_009544061.1
OG0000740	WP_119260632.1	WP_009544060.1
OG0000741	WP_119260633.1	WP_009544059.1
OG0000742	WP_119260634.1	WP_008274152.1
OG0000743	WP_119260635.1	WP_009544057.1
OG0000744	WP_119260583.1	WP_009545711.1
OG0000745	WP_119260687.1	WP_009543975.1
OG0000746	WP_119259513.1	WP_009545764.1
OG0000747	WP_119259694.1	WP_009547053.1
OG0000748	WP_119260812.1	WP_009546574.1
OG0000749	WP_119260041.1	WP_009546577.1
OG0000750	WP_119260042.1	WP_009546578.1
OG0000751	WP_119260457.1	WP_009544199.1
OG0000752	WP_119260458.1	WP_008274614.1
OG0000753	WP_119259795.1	WP_009546870.1
OG0000754	WP_119260522.1	WP_009546868.1
OG0000755	WP_232014495.1	WP_024750252.1
OG0000756	WP_119259620.1	WP_009543099.1
OG0000757	WP_119259619.1	WP_009543100.1
OG0000758	WP_119259868.1	WP_024750153.1
OG0000759	WP_119260376.1	WP_009543564.1
OG0000760	WP_119259496.1	WP_009546588.1
OG0000761	WP_119260651.1	WP_009545690.1
OG0000762	WP_119259691.1	WP_009543128.1
OG0000763	WP_119259318.1	WP_009547497.1
OG0000764	WP_119260148.1	WP_009547499.1
OG0000765	WP_119260149.1	WP_009543726.1
OG0000766	WP_044106871.1	WP_024750295.1
OG0000767	WP_119259867.1	WP_009546948.1
OG0000768	WP_119260118.1	WP_009544705.1
OG0000769	WP_232014607.1	WP_009543093.1
OG0000770	WP_119260091.1	WP_009544709.1
OG0000771	WP_119260019.1	WP_009546585.1
OG0000772	WP_119260393.1	WP_009546154.1
OG0000773	WP_119260496.1	WP_009544557.1
OG0000774	WP_119259929.1	WP_009546974.1
OG0000775	WP_119259480.1	WP_009546978.1
OG0000776	WP_119260395.1	WP_009546981.1
OG0000777	WP_119260512.1	WP_008275034.1
OG0000778	WP_172582073.1	WP_012361838.1
OG0000779	WP_119260969.1	WP_009543561.1
OG0000780	WP_119260662.1	WP_009543210.1
OG0000781	WP_119259615.1	WP_009544422.1
OG0000782	WP_119259908.1	WP_009546541.1
OG0000783	WP_232014574.1	WP_009546542.1
OG0000784	WP_232014586.1	WP_009544954.1
OG0000785	WP_119259657.1	WP_009543896.1
OG0000786	WP_119259658.1	WP_009543895.1
OG0000787	WP_119259659.1	WP_009543894.1
OG0000788	WP_119259660.1	WP_009543893.1
OG0000789	WP_119259661.1	WP_009543892.1
OG0000790	WP_119259662.1	WP_009543891.1
OG0000791	WP_119259663.1	WP_009543890.1
OG0000792	WP_119259664.1	WP_009543889.1
OG0000793	WP_119259665.1	WP_009543888.1
OG0000794	WP_119259667.1	WP_008275479.1
OG0000795	WP_119259668.1	WP_009543886.1
OG0000796	WP_119259669.1	WP_009543885.1
OG0000797	WP_119259670.1	WP_009543884.1
OG0000798	WP_119259671.1	WP_009543883.1
OG0000799	WP_119259672.1	WP_009543882.1
OG0000800	WP_119259673.1	WP_009543881.1
OG0000801	WP_119259674.1	WP_009543880.1
OG0000802	WP_119259675.1	WP_009543879.1
OG0000803	WP_119259676.1	WP_009543878.1
OG0000804	WP_085433775.1	WP_007306424.1
OG0000805	WP_119259677.1	WP_009543877.1
OG0000806	WP_044106045.1	WP_041231990.1
OG0000807	WP_119260921.1	WP_009543875.1
OG0000808	WP_119259678.1	WP_009543874.1
OG0000809	WP_119259679.1	WP_009543873.1
OG0000810	WP_119259680.1	WP_009543872.1
OG0000811	WP_119259683.1	WP_009543869.1
OG0000812	WP_119260178.1	WP_009543848.1
OG0000813	WP_119260045.1	WP_012361749.1
OG0000814	WP_119260044.1	WP_009545704.1
OG0000815	WP_119259827.1	WP_009547373.1
OG0000816	WP_119259621.1	WP_009544509.1
OG0000817	WP_172582063.1	WP_009545109.1
OG0000818	WP_119260577.1	WP_009545107.1
OG0000819	WP_172582002.1	WP_009546058.1
OG0000820	WP_172582001.1	WP_009545799.1
OG0000821	WP_119259742.1	WP_009547475.1
OG0000822	WP_232014598.1	WP_009544615.1
OG0000823	WP_119260654.1	WP_009544608.1
OG0000824	WP_119260115.1	WP_009544597.1
OG0000825	WP_119259932.1	WP_009547596.1
OG0000826	WP_119259654.1	WP_009547385.1
OG0000827	WP_119260863.1	WP_009545960.1
OG0000828	WP_119260247.1	WP_009545951.1
OG0000829	WP_119260409.1	WP_024750321.1
OG0000830	WP_119260408.1	WP_009544680.1
OG0000831	WP_119260953.1	WP_009546608.1
OG0000832	WP_119260585.1	WP_009544687.1
OG0000833	WP_119260452.1	WP_009544238.1
OG0000834	WP_119259811.1	WP_009543225.1
OG0000835	WP_119259934.1	WP_009543744.1
OG0000836	WP_119259382.1	WP_009544860.1
OG0000837	WP_119260370.1	WP_009544866.1
OG0000838	WP_119260022.1	WP_009547002.1
OG0000839	WP_119260835.1	WP_009546881.1
OG0000840	WP_119259279.1	WP_009547049.1
OG0000841	WP_119259281.1	WP_009547047.1
OG0000842	WP_119260751.1	WP_009545457.1
OG0000843	WP_119260114.1	WP_009544696.1
OG0000844	WP_119259906.1	WP_009546998.1, WP_009543753.1
OG0000845	WP_119259905.1	WP_009546999.1
OG0000846	WP_119260230.1	WP_009545715.1
OG0000847	WP_119259739.1	WP_009544587.1
OG0000848	WP_119259737.1	WP_009544589.1
OG0000849	WP_197715884.1	WP_009547712.1
OG0000850	WP_119259376.1	WP_009546479.1
OG0000851	WP_119259375.1	WP_009546478.1
OG0000852	WP_119260184.1	WP_009546476.1
OG0000853	WP_119260186.1	WP_009546470.1
OG0000854	WP_119260235.1	WP_009546009.1
OG0000855	WP_119260592.1	WP_009546015.1
OG0000856	WP_119261041.1	WP_182670744.1
OG0000857	WP_119259724.1	WP_009544185.1
OG0000858	WP_119260151.1	WP_009547135.1
OG0000859	WP_119260646.1	WP_009547127.1
OG0000860	WP_119260090.1	WP_009543241.1
OG0000861	WP_119260179.1	WP_009543712.1
OG0000862	WP_119260386.1	WP_243397438.1
OG0000863	WP_119259598.1	WP_009543904.1
OG0000864	WP_119259750.1	WP_009544370.1
OG0000865	WP_119260630.1	WP_009544142.1
OG0000866	WP_119260397.1	WP_009546490.1
OG0000867	WP_119260398.1	WP_009546489.1
OG0000868	WP_119260321.1	WP_009543803.1
OG0000869	WP_119260804.1	WP_009544139.1
OG0000870	WP_119260293.1	WP_009545411.1
OG0000871	WP_119259820.1	WP_009545409.1
OG0000872	WP_119259821.1	WP_009545408.1
OG0000873	WP_119259746.1	WP_009543263.1
OG0000874	WP_119259365.1	WP_009544976.1
OG0000875	WP_119260616.1	WP_009546708.1
OG0000876	WP_119259548.1	WP_009547471.1
OG0000877	WP_119259547.1	WP_009547472.1
OG0000878	WP_119260850.1	WP_024750363.1
OG0000879	WP_119260383.1	WP_009543512.1
OG0000880	WP_232014485.1	WP_009543513.1
OG0000881	WP_119259537.1	WP_009544415.1
OG0000882	WP_119260848.1	WP_009543546.1
OG0000883	WP_119260283.1	WP_009544773.1
OG0000884	WP_119260282.1	WP_009544774.1
OG0000885	WP_119260847.1	WP_009543958.1
OG0000886	WP_119260337.1	WP_009543955.1
OG0000887	WP_119259453.1	WP_009547514.1
OG0000888	WP_119259869.1	WP_009547657.1
OG0000889	WP_119260017.1	WP_009547923.1
OG0000890	WP_119259352.1	WP_009545396.1
OG0000891	WP_119260852.1	WP_009543486.1
OG0000892	WP_119260817.1	WP_009543473.1
OG0000893	WP_119260143.1	WP_009545463.1
OG0000894	WP_119260109.1	WP_009545464.1
OG0000895	WP_119260965.1	WP_009545465.1
OG0000896	WP_119260110.1	WP_009545466.1
OG0000897	WP_119259386.1	WP_009543335.1
OG0000898	WP_119260504.1	WP_009544367.1
OG0000899	WP_119259348.1	WP_009544336.1
OG0000900	WP_119259349.1	WP_009544335.1
OG0000901	WP_119260580.1	WP_009544333.1
OG0000902	WP_119260579.1	WP_009544332.1
OG0000903	WP_119260426.1	WP_009545778.1
OG0000904	WP_119260425.1	WP_009545779.1
OG0000905	WP_119260978.1	WP_009544159.1
OG0000906	WP_119260168.1	WP_009544158.1
OG0000907	WP_119259551.1	WP_009546855.1
OG0000908	WP_119260877.1	WP_009547707.1
OG0000909	WP_119261001.1	WP_009545932.1
OG0000910	WP_119259945.1	WP_009545412.1
OG0000911	WP_119260421.1	WP_009544445.1
OG0000912	WP_119259645.1	WP_009543181.1
OG0000913	WP_119259975.1	WP_009545243.1
OG0000914	WP_119259716.1	WP_009544233.1
OG0000915	WP_119259941.1	WP_009544231.1
OG0000916	WP_119260009.1	WP_009544403.1
OG0000917	WP_119259418.1	WP_024750272.1
OG0000918	WP_172582032.1	WP_009545892.1
OG0000919	WP_119260696.1	WP_009547607.1
OG0000920	WP_232014565.1	WP_009547604.1
OG0000921	WP_119260360.1	WP_009545030.1
OG0000922	WP_119260474.1	WP_009545031.1
OG0000923	WP_119259622.1	WP_009544476.1
OG0000924	WP_119261040.1	WP_009547705.1
OG0000925	WP_119259952.1	WP_009547395.1
OG0000926	WP_119260767.1	WP_009547401.1
OG0000927	WP_119260693.1	WP_009546886.1
OG0000928	WP_119259792.1	WP_009543946.1
OG0000929	WP_119260101.1	WP_009547086.1
OG0000930	WP_119260524.1	WP_009546495.1
OG0000931	WP_119259824.1	WP_009546787.1
OG0000932	WP_119260250.1	WP_009546874.1
OG0000933	WP_119259541.1	WP_009547070.1
OG0000934	WP_232014545.1	WP_009546080.1
OG0000935	WP_119259950.1	WP_009545641.1
OG0000936	WP_119259698.1	WP_009546146.1
OG0000937	WP_119260218.1	WP_009547023.1
OG0000938	WP_232014504.1	WP_012361592.1
OG0000939	WP_119259636.1	WP_009544565.1
OG0000940	WP_119260958.1	WP_009546135.1
OG0000941	WP_119259904.1	WP_009543069.1
OG0000942	WP_119259340.1	WP_009546623.1
OG0000943	WP_119259756.1	WP_009544496.1
OG0000944	WP_119261027.1	WP_024750310.1
OG0000945	WP_119260313.1	WP_009543226.1
OG0000946	WP_119261038.1	WP_009546949.1
OG0000947	WP_119259459.1	WP_024750316.1
OG0000948	WP_119260549.1	WP_009546644.1
OG0000949	WP_119260553.1	WP_009546648.1
OG0000950	WP_119260084.1	WP_009543590.1
OG0000951	WP_119259432.1	WP_009543358.1
OG0000952	WP_119260174.1	WP_009546781.1
OG0000953	WP_119260405.1	WP_009543425.1
OG0000954	WP_119260530.1	WP_009544534.1
OG0000955	WP_119260892.1	WP_009543769.1
OG0000956	WP_119260573.1	WP_009545627.1
OG0000957	WP_232014592.1	WP_009546096.1
OG0000958	WP_119260399.1	WP_035857453.1
OG0000959	WP_119260606.1	WP_009546029.1
OG0000960	WP_119260358.1	WP_009543092.1
OG0000961	WP_119259681.1	WP_009543871.1
OG0000962	WP_119259395.1	WP_009546056.1
OG0000964	WP_119260655.1	WP_009547807.1
OG0000965	WP_119260294.1	WP_009545410.1
OG0000966	WP_119260427.1	WP_009543471.1
OG0000967	WP_119260424.1	WP_009545780.1
OG0000968	WP_119260473.1	WP_009545032.1
OG0000969	WP_119260799.1	WP_009544245.1
OG0000970	WP_119261036.1	WP_009545616.1
OG0000971	WP_119260442.1	WP_009545604.1
OG0000972	WP_119260675.1	WP_009545101.1
OG0000973	WP_119259777.1	WP_009543789.1
OG0000974	WP_119260345.1	WP_009546721.1
OG0000975	WP_119260095.1	WP_009543705.1
OG0000976	WP_119260929.1	WP_009545986.1
OG0000977	WP_232014618.1	WP_009547597.1
OG0000978	WP_119259357.1	WP_009545086.1
OG0000979	WP_119259841.1	WP_009544288.1
OG0000980	WP_119259414.1	WP_009544171.1
OG0000981	WP_119259779.1	WP_009543940.1
OG0000982	WP_119260432.1	WP_009544526.1
OG0000983	WP_119260552.1	WP_009546647.1
OG0000984	WP_119260233.1	WP_009547649.1
OG0000985	WP_119260342.1	WP_009545008.1
OG0000986	WP_119260717.1	WP_024750289.1
OG0000987	WP_119259951.1	WP_009543426.1
OG0000988	WP_119260274.1	WP_009543217.1
OG0000989	WP_119259871.1	WP_009544537.1
OG0000990	WP_119259350.1	WP_009544334.1
OG0000991	WP_119259697.1	WP_009546144.1
OG0000992	WP_119259954.1	WP_012362401.1
OG0000993	WP_119260068.1	WP_243397439.1
OG0000994	WP_119261025.1	WP_009544389.1
OG0000995	WP_119260271.1	WP_009544279.1
OG0000996	WP_119259325.1	WP_009547406.1
OG0000997	WP_119260949.1	WP_009545891.1
OG0000998	WP_119259863.1	WP_009545479.1
OG0000999	WP_119260878.1	WP_009544115.1
OG0001000	WP_119260177.1	WP_009547598.1
OG0001001	WP_119260125.1	WP_009543847.1
OG0001002	WP_119259791.1	WP_009543948.1
OG0001003	WP_119259449.1	WP_009543343.1
OG0001004	WP_119259902.1	WP_009543738.1
OG0001005	WP_119259394.1	WP_009546057.1
OG0001006	WP_119259702.1	WP_009543027.1
OG0001007	WP_119259337.1	WP_009544189.1
OG0001008	WP_119260766.1	WP_009547399.1
OG0001009	WP_119259690.1	WP_012362203.1
OG0001010	WP_119260297.1	WP_009543091.1
OG0001011	WP_119260989.1	WP_198019429.1
OG0001012	WP_119260980.1	WP_024750258.1
OG0001013	WP_119260859.1	WP_009545124.1
OG0001014	WP_119259503.1	WP_009544000.1
OG0001015	WP_232014549.1	WP_009543117.1
OG0001016	WP_119259471.1	WP_009546125.1
OG0001017	WP_119259946.1	WP_009547266.1
OG0001018	WP_119259925.1	WP_009543154.1
OG0001019	WP_119260357.1	WP_009544413.1
OG0001020	WP_119260058.1	WP_009544215.1
OG0001021	WP_119259392.1	WP_009544970.1
OG0001022	WP_172582039.1	WP_012361452.1
OG0001023	WP_119260208.1	WP_009547217.1
OG0001024	WP_119260568.1	WP_009545577.1
OG0001025	WP_119260890.1	WP_009545614.1
OG0001026	WP_119259273.1	WP_009546684.1
OG0001027	WP_119259603.1	WP_009544852.1
OG0001028	WP_119260324.1	WP_009547666.1
OG0001029	WP_119260338.1	WP_009547233.1
OG0001030	WP_232014619.1	WP_243397413.1
OG0001031	WP_232014589.1	WP_024750195.1
OG0001032	WP_119260215.1	WP_008277872.1
OG0001033	WP_119259687.1	WP_009546752.1
OG0001034	WP_119259377.1	WP_012361974.1
OG0001035	WP_119260000.1	WP_009546609.1
OG0001036	WP_172582121.1	WP_009546880.1
OG0001039	WP_119260505.1	WP_009546073.1, WP_009546352.1, WP_009543196.1
OG0001042	WP_119260849.1	WP_009545362.1, WP_009543223.1
OG0001049	WP_119260682.1	WP_009543684.1, WP_156922830.1, WP_156922827.1, WP_157861273.1
OG0001051	WP_119260774.1	WP_009546429.1, WP_009543808.1, WP_009544259.1
OG0001052	WP_119259852.1	WP_024750358.1
OG0001053	WP_119259957.1	WP_009545121.1
OG0001054	WP_119260490.1	WP_009545602.1
OG0001056	WP_119260744.1	WP_243397331.1, WP_009544069.1, WP_009546380.1
OG0001059	WP_232014530.1, WP_232014531.1	WP_009546459.1
OG0001060	WP_119259898.1	WP_009544783.1, WP_009544782.1, WP_009546302.1
OG0001061	WP_119260327.1	WP_009545685.1, WP_009544810.1
OG0001064	WP_119260144.1	WP_009547410.1
OG0001066	WP_119260808.1	WP_024750168.1, WP_009545950.1
OG0001068	WP_197715883.1	WP_009547511.1, WP_009546089.1
OG0001071	WP_119259448.1	WP_009546697.1
OG0001074	WP_119259633.1	WP_024750160.1
OG0001075	WP_232014478.1	WP_009544573.1
OG0001077	WP_232014497.1	WP_009544500.1
OG0001078	WP_119259721.1	WP_009545784.1
OG0001080	WP_119260674.1	WP_009545100.1
OG0001081	WP_119260759.1	WP_009545267.1
OG0001082	WP_119260681.1	WP_009545618.1
OG0001083	WP_119260194.1	WP_009543524.1
OG0001084	WP_119260947.1	WP_009546041.1
OG0001085	WP_119259635.1	WP_009543584.1
OG0001086	WP_119260639.1	WP_009546521.1
OG0001087	WP_119259715.1	WP_009547019.1
OG0001088	WP_119259610.1	WP_009545666.1
OG0001089	WP_119259427.1	WP_009544914.1
OG0001090	WP_119259803.1	WP_009546750.1
OG0001091	WP_119259484.1	WP_083765733.1
OG0001092	WP_119259890.1	WP_009545757.1
OG0001093	WP_119260476.1	WP_009545445.1
OG0001099	WP_119259933.1	WP_009546822.1
OG0001102	WP_119259550.1	WP_009546555.1
OG0001103	WP_232014500.1	WP_009543371.1
OG0001104	WP_119260889.1	WP_009544017.1
OG0001105	WP_172582068.1	WP_009545819.1
OG0001106	WP_119259783.1	WP_009546517.1
OG0001107	WP_119259524.1	WP_009547200.1
OG0001108	WP_119260948.1	WP_024750136.1
OG0001109	WP_119259700.1	WP_009543415.1
OG0001110	WP_119259701.1	WP_009543413.1
OG0001112	WP_172582019.1	WP_012361326.1
OG0001113	WP_119260603.1	WP_009546807.1
OG0001114	WP_119259345.1	WP_009545438.1
OG0001115	WP_119260361.1	WP_009546147.1
OG0001116	WP_119259497.1	WP_009547920.1
OG0001117	WP_119260771.1	WP_009543408.1
OG0001118	WP_119260451.1	WP_009545308.1
OG0001119	WP_119259515.1	WP_009544877.1
OG0001120	WP_119260023.1	WP_009544832.1
OG0001121	WP_119260663.1	WP_009543209.1
OG0001122	WP_119259911.1	WP_009546536.1
OG0001123	WP_119260131.1	WP_009544951.1
OG0001125	WP_119260182.1	WP_009546996.1
OG0001126	WP_119260885.1	WP_009544595.1
OG0001127	WP_119259280.1	WP_009547048.1
OG0001128	WP_119259967.1	WP_243397345.1
OG0001131	WP_119260185.1	WP_009546472.1
OG0001132	WP_119260120.1	WP_009543205.1
OG0001134	WP_119259413.1	WP_008277373.1
OG0001135	WP_119260016.1	WP_009547922.1
OG0001136	WP_119260410.1	WP_009544421.1
OG0001138	WP_119260420.1	WP_009544444.1
OG0001139	WP_232014573.1	WP_009544237.1
OG0001140	WP_119260291.1	WP_009543312.1
OG0001141	WP_119259292.1	WP_009544436.1
OG0001143	WP_119259289.1	WP_009545468.1
OG0001144	WP_119259912.1	WP_009545561.1
OG0001146	WP_119260258.1	WP_009543481.1
OG0001148	WP_119259573.1	WP_009547474.1, WP_243397390.1
OG0001149	WP_119259846.1	WP_024750240.1
OG0001150	WP_119259972.1	WP_007307341.1
OG0001151	WP_232014487.1	WP_009543650.1, WP_008275343.1
OG0001152	WP_119260560.1	WP_009543165.1, WP_009546654.1
OG0001153	WP_119260225.1	WP_009546397.1, WP_009543167.1
OG0001154	WP_119259646.1	WP_009543180.1
OG0001156	WP_119259874.1	WP_009543271.1, WP_009547443.1
OG0001157	WP_119259870.1	WP_009544536.1, WP_009543318.1
OG0001160	WP_119260048.1	WP_009547699.1, WP_009543357.1
OG0001163	WP_119260108.1	WP_009543439.1
OG0001164	WP_119260883.1	WP_009543826.1, WP_009543522.1
OG0001165	WP_119260285.1	WP_009543537.1, WP_009546830.1
OG0001166	WP_119259536.1	WP_009543555.1, WP_009547498.1
OG0001167	WP_119260136.1	WP_009543560.1
OG0001169	WP_232014581.1, WP_145961886.1	WP_009543601.1
OG0001174	WP_119259423.1	WP_009543757.1
OG0001178	WP_119260778.1	WP_009543813.1, WP_009546424.1, WP_009543815.1
OG0001179	WP_119260126.1	WP_009543843.1
OG0001180	WP_119259666.1	WP_009543887.1
OG0001181	WP_232014459.1	WP_009543971.1, WP_009543926.1
OG0001183	WP_119260979.1	WP_009544004.1
OG0001187	WP_119260507.1	WP_009544108.1
OG0001188	WP_119260501.1	WP_009544161.1
OG0001189	WP_119261023.1	WP_009544180.1
OG0001190	WP_172582031.1	WP_009544195.1
OG0001193	WP_119259335.1	WP_009544414.1
OG0001194	WP_119260351.1	WP_009545349.1, WP_009544487.1
OG0001195	WP_119260785.1	WP_009544875.1, WP_009544563.1
OG0001197	WP_119260217.1	WP_009544646.1
OG0001198	WP_119260363.1	WP_009544873.1, WP_009544651.1
OG0001200	WP_119259446.1	WP_009547154.1, WP_009544752.1
OG0001201	WP_119260157.1	WP_009544757.1
OG0001202	WP_119259514.1	WP_009544876.1
OG0001203	WP_119260043.1	WP_009544896.1
OG0001204	WP_119260094.1	WP_009544904.1
OG0001205	WP_119259442.1	WP_009544959.1
OG0001208	WP_119260765.1	WP_009545096.1
OG0001209	WP_119260262.1	WP_009545112.1
OG0001212	WP_119261005.1	WP_009546148.1, WP_009545181.1
OG0001213	WP_119260129.1	WP_009545231.1, WP_009547557.1
OG0001216	WP_119260073.1	WP_009546093.1, WP_009545407.1
OG0001217	WP_232014515.1, WP_119260752.1	WP_009545456.1
OG0001218	WP_119260641.1	WP_009545461.1
OG0001219	WP_119259299.1	WP_009547044.1, WP_009545548.1
OG0001221	WP_119260278.1	WP_009545613.1
OG0001222	WP_119259562.1	WP_009545655.1
OG0001223	WP_232014481.1	WP_009545686.1, WP_009547050.1
OG0001224	WP_119260729.1	WP_009545802.1
OG0001225	WP_172582085.1	WP_009545804.1
OG0001229	WP_119260012.1	WP_009546039.1, WP_024750388.1
OG0001230	WP_119259710.1	WP_009546120.1
OG0001233	WP_119260561.1	WP_009546396.1, WP_009546655.1
OG0001235	WP_119260018.1	WP_009546456.1, WP_182670753.1
OG0001236	WP_119259780.1	WP_009546513.1
OG0001237	WP_119259782.1	WP_009546515.1
OG0001239	WP_119260213.1	WP_009546548.1
OG0001240	WP_119260446.1	WP_009546550.1
OG0001241	WP_119260983.1	WP_009546582.1
OG0001242	WP_172582075.1	WP_009546635.1
OG0001243	WP_119260308.1	WP_009546735.1
OG0001244	WP_119260955.1	WP_009547748.1, WP_009546772.1
OG0001245	WP_119260694.1	WP_009546885.1
OG0001246	WP_119260471.1	WP_009546920.1
OG0001247	WP_119260871.1	WP_009547074.1
OG0001248	WP_232014501.1	WP_009547115.1
OG0001249	WP_119260697.1	WP_009547158.1
OG0001250	WP_232014535.1, WP_119259363.1	WP_009547375.1
OG0001252	WP_232014490.1	WP_009547461.1
OG0001254	WP_119259785.1	WP_009547623.1
OG0001255	WP_119260840.1	WP_009547648.1
OG0001256	WP_119260723.1, WP_172582084.1	WP_009547827.1
OG0001262	WP_119260728.1	WP_041231759.1
OG0001263	WP_119259880.1	WP_071818238.1, WP_243397342.1
OG0001264	WP_119259810.1	WP_198019415.1
OG0001265	WP_119259398.1	WP_243397322.1
OG0001266	WP_232014510.1	WP_243397329.1
OG0001277	WP_119260822.1	WP_009543268.1
OG0001279	WP_119259470.1	WP_009544630.1
OG0001283	WP_119260973.1	WP_009545906.1
OG0001309	WP_232014595.1	WP_009547470.1
OG0001320	WP_119259512.1	WP_008275442.1
OG0001321	WP_119260156.1	WP_008276509.1
OG0001322	WP_119260843.1	WP_008277089.1
OG0001323	WP_119259981.1	WP_009543034.1
OG0001324	WP_119259980.1	WP_009543035.1
OG0001325	WP_119260625.1	WP_009543041.1
OG0001326	WP_119261019.1	WP_009543042.1
OG0001327	WP_119260146.1	WP_009543049.1
OG0001328	WP_119260971.1	WP_009543050.1
OG0001331	WP_119259736.1	WP_009543087.1
OG0001334	WP_119260455.1	WP_009543112.1
OG0001335	WP_119260029.1	WP_009543115.1
OG0001336	WP_119259467.1	WP_009543116.1
OG0001337	WP_119259576.1	WP_009543124.1
OG0001339	WP_119260786.1	WP_009543136.1, WP_009544718.1
OG0001340	WP_119260621.1	WP_009543138.1
OG0001342	WP_119259991.1	WP_009543176.1
OG0001345	WP_119260284.1	WP_009543204.1
OG0001346	WP_119260661.1	WP_009543211.1
OG0001347	WP_119260273.1	WP_009543218.1
OG0001348	WP_119259843.1	WP_009543230.1
OG0001349	WP_119260414.1	WP_009543232.1
OG0001350	WP_232014603.1, WP_232014576.1	WP_009543235.1
OG0001351	WP_119260240.1	WP_009543239.1
OG0001356	WP_119260030.1	WP_009543287.1
OG0001357	WP_119259728.1	WP_009543300.1
OG0001358	WP_119259466.1	WP_009543302.1, WP_009543519.1
OG0001359	WP_119260053.1	WP_009543314.1
OG0001362	WP_119260416.1	WP_009543346.1
OG0001363	WP_119260279.1	WP_009543347.1
OG0001364	WP_119259888.1	WP_009543365.1
OG0001365	WP_119259419.1	WP_009543367.1
OG0001366	WP_119259847.1	WP_009543376.1
OG0001368	WP_119260078.1	WP_009543433.1
OG0001369	WP_119260404.1	WP_009543438.1
OG0001370	WP_119259472.1	WP_009543449.1
OG0001371	WP_119259762.1	WP_009543455.1
OG0001373	WP_119259875.1	WP_009543467.1
OG0001374	WP_119259594.1	WP_009543483.1
OG0001377	WP_119260429.1	WP_009543544.1
OG0001378	WP_232014518.1	WP_009543567.1
OG0001380	WP_119259931.1	WP_009543572.1
OG0001382	WP_119259639.1	WP_009543588.1
OG0001384	WP_119259567.1	WP_009543603.1
OG0001385	WP_232014538.1	WP_009543610.1
OG0001386	WP_119260506.1	WP_009543622.1
OG0001387	WP_119260975.1	WP_009543633.1
OG0001389	WP_119259652.1	WP_009543649.1
OG0001390	WP_119259758.1	WP_009543663.1
OG0001393	WP_119260312.1	WP_009543681.1
OG0001395	WP_119259462.1	WP_009543700.1
OG0001396	WP_119260964.1	WP_009543706.1
OG0001397	WP_119259752.1	WP_009543707.1
OG0001398	WP_119259405.1	WP_009543720.1
OG0001399	WP_119259406.1	WP_009543721.1
OG0001400	WP_119260290.1	WP_009543729.1
OG0001401	WP_119259563.1	WP_009543754.1, WP_009545263.1
OG0001402	WP_172582056.1	WP_009543768.1
OG0001403	WP_119259640.1	WP_009543774.1
OG0001404	WP_119259438.1	WP_009543780.1
OG0001406	WP_119260922.1	WP_009543794.1
OG0001407	WP_119260181.1	WP_009543795.1
OG0001408	WP_119260775.1	WP_009546428.1, WP_009543809.1
OG0001409	WP_172582090.1	WP_009543810.1, WP_009546427.1
OG0001410	WP_119260776.1	WP_009546426.1, WP_009543811.1
OG0001411	WP_119260777.1	WP_009543812.1, WP_009546425.1
OG0001413	WP_119260201.1	WP_009543828.1
OG0001414	WP_119260124.1	WP_009543846.1
OG0001418	WP_119260354.1	WP_009543899.1
OG0001419	WP_119260810.1	WP_009543901.1
OG0001420	WP_119260790.1	WP_009543913.1
OG0001421	WP_119259833.1	WP_009543916.1
OG0001422	WP_119260511.1	WP_009543922.1
OG0001423	WP_119259641.1	WP_009543962.1
OG0001425	WP_119259936.1	WP_009543998.1
OG0001426	WP_119259937.1	WP_009543999.1
OG0001427	WP_119260811.1	WP_009544011.1
OG0001431	WP_119260190.1	WP_009544039.1
OG0001432	WP_119260191.1	WP_009544040.1
OG0001436	WP_119259807.1	WP_009545000.1, WP_009544092.1
OG0001437	WP_119260656.1	WP_009544093.1
OG0001438	WP_119261043.1	WP_009544098.1
OG0001441	WP_119260875.1	WP_009544117.1
OG0001442	WP_172582077.1	WP_009545351.1, WP_009544145.1
OG0001443	WP_119259295.1	WP_009544150.1
OG0001444	WP_119260944.1	WP_009544151.1
OG0001445	WP_119260153.1	WP_009544157.1
OG0001448	WP_119259397.1	WP_009544172.1
OG0001449	WP_119260782.1	WP_009544186.1
OG0001452	WP_232014585.1	WP_009544227.1
OG0001453	WP_119260604.1	WP_009544230.1
OG0001454	WP_119259718.1	WP_009544235.1
OG0001455	WP_119260160.1	WP_009544240.1
OG0001457	WP_119260622.1	WP_009544254.1
OG0001458	WP_119259486.1	WP_009544262.1
OG0001459	WP_119260265.1	WP_009544268.1
OG0001460	WP_119260266.1	WP_009544269.1
OG0001461	WP_119260267.1	WP_009544270.1
OG0001462	WP_119260335.1	WP_009544282.1
OG0001463	WP_119260453.1	WP_009544290.1, WP_009547286.1
OG0001466	WP_119260489.1	WP_009544319.1
OG0001468	WP_119260976.1	WP_009544339.1
OG0001469	WP_119260161.1	WP_009544341.1
OG0001472	WP_119260680.1	WP_009544363.1
OG0001473	WP_119260803.1	WP_009544375.1
OG0001474	WP_119260802.1	WP_009544376.1
OG0001478	WP_119260006.1	WP_009544411.1
OG0001479	WP_119259538.1	WP_009544416.1
OG0001480	WP_119259539.1	WP_009544417.1
OG0001481	WP_119260384.1	WP_009544419.1
OG0001482	WP_119259487.1	WP_009544434.1
OG0001483	WP_119259583.1	WP_009544442.1, WP_009544547.1
OG0001484	WP_119260419.1	WP_009544443.1
OG0001485	WP_172582117.1	WP_009544452.1
OG0001486	WP_119260289.1	WP_009544454.1
OG0001487	WP_119259831.1	WP_009544470.1
OG0001488	WP_119259623.1	WP_009544475.1
OG0001489	WP_119260813.1	WP_009544499.1
OG0001490	WP_119260252.1	WP_009544504.1
OG0001491	WP_119260910.1	WP_009544505.1
OG0001492	WP_119259558.1	WP_009544506.1
OG0001493	WP_119260005.1	WP_009544521.1
OG0001494	WP_119260711.1	WP_009544530.1
OG0001495	WP_119260712.1	WP_009544532.1
OG0001497	WP_119259738.1	WP_009544588.1
OG0001498	WP_119260653.1	WP_009544609.1
OG0001499	WP_119260652.1	WP_009544610.1
OG0001500	WP_119259944.1	WP_009544612.1
OG0001501	WP_119260704.1	WP_009544627.1
OG0001504	WP_119260629.1	WP_009544665.1
OG0001505	WP_119260448.1	WP_009544669.1
OG0001507	WP_119260407.1	WP_009544679.1
OG0001508	WP_119260112.1	WP_009544694.1
OG0001510	WP_172582101.1	WP_009544710.1
OG0001514	WP_232014553.1	WP_009544739.1
OG0001516	WP_119260469.1	WP_009544776.1
OG0001517	WP_119259370.1	WP_009544812.1
OG0001518	WP_119259735.1	WP_009544828.1
OG0001519	WP_119259443.1	WP_009544831.1
OG0001521	WP_119259595.1	WP_009544840.1
OG0001522	WP_119259887.1	WP_009544851.1
OG0001523	WP_119259383.1	WP_009544859.1
OG0001526	WP_119259832.1	WP_009544907.1
OG0001527	WP_119259428.1	WP_009544915.1
OG0001528	WP_119260477.1	WP_009544922.1
OG0001529	WP_119260708.1	WP_009544925.1
OG0001530	WP_119260403.1	WP_009544938.1
OG0001531	WP_119260070.1	WP_009544944.1
OG0001532	WP_119259552.1	WP_009544946.1
OG0001535	WP_119260074.1	WP_009544953.1
OG0001536	WP_119260055.1	WP_009544956.1
OG0001537	WP_119259366.1	WP_009544962.1
OG0001538	WP_119259367.1	WP_009544963.1
OG0001539	WP_119260676.1	WP_009544987.1
OG0001540	WP_119260842.1	WP_009544994.1
OG0001541	WP_119260844.1	WP_009544995.1
OG0001542	WP_119260264.1	WP_009545010.1
OG0001543	WP_119260394.1	WP_009545024.1
OG0001544	WP_119259525.1	WP_009545027.1
OG0001545	WP_119260908.1	WP_009545029.1
OG0001548	WP_119260028.1	WP_009545087.1
OG0001549	WP_232014560.1	WP_009545092.1
OG0001550	WP_119260033.1	WP_009545102.1
OG0001552	WP_119259360.1	WP_009545126.1
OG0001554	WP_119260210.1	WP_009545146.1
OG0001555	WP_119259809.1	WP_009545148.1
OG0001556	WP_119260934.1	WP_009545149.1
OG0001557	WP_119260527.1	WP_009545155.1
OG0001558	WP_119259328.1	WP_009545167.1
OG0001559	WP_119259801.1	WP_009545170.1
OG0001560	WP_119259802.1	WP_009545171.1
OG0001562	WP_119260465.1	WP_009545197.1
OG0001563	WP_119260466.1	WP_009545198.1
OG0001564	WP_119261004.1	WP_009545199.1
OG0001565	WP_119260467.1	WP_009545200.1
OG0001566	WP_119259614.1	WP_009545202.1
OG0001568	WP_119260222.1	WP_009545210.1
OG0001569	WP_119259892.1	WP_009545220.1
OG0001570	WP_119259373.1	WP_009545222.1
OG0001571	WP_119259372.1	WP_009545223.1
OG0001572	WP_119259900.1	WP_009545254.1
OG0001573	WP_119260758.1	WP_009545266.1
OG0001574	WP_119260760.1	WP_009545268.1
OG0001576	WP_119259411.1	WP_009545300.1
OG0001577	WP_119260762.1	WP_009545302.1
OG0001578	WP_119260925.1	WP_009545314.1
OG0001579	WP_119259522.1	WP_009545326.1
OG0001580	WP_119259521.1	WP_009545327.1
OG0001581	WP_119259520.1	WP_009545328.1
OG0001582	WP_119260720.1	WP_009545329.1
OG0001583	WP_119259579.1	WP_009545343.1
OG0001585	WP_119259704.1	WP_009545366.1
OG0001587	WP_119260588.1	WP_009545381.1
OG0001588	WP_119259793.1	WP_009545405.1
OG0001589	WP_119260431.1	WP_009545424.1
OG0001590	WP_119259309.1	WP_009545441.1
OG0001592	WP_119260480.1	WP_009545455.1
OG0001593	WP_119260780.1	WP_009545470.1
OG0001594	WP_119259881.1	WP_009545485.1
OG0001595	WP_172582099.1	WP_009545502.1
OG0001596	WP_119260869.1	WP_009545507.1
OG0001597	WP_197715882.1	WP_009545517.1
OG0001598	WP_172581997.1	WP_009545547.1
OG0001599	WP_119260412.1	WP_009545553.1
OG0001600	WP_119260481.1	WP_009545565.1
OG0001601	WP_119260887.1	WP_009545569.1
OG0001602	WP_119260732.1	WP_009545575.1
OG0001603	WP_119260870.1	WP_009545589.1
OG0001604	WP_119260336.1	WP_009545590.1
OG0001605	WP_119260040.1	WP_009545592.1
OG0001606	WP_119260438.1	WP_009545595.1
OG0001607	WP_119260667.1	WP_009545623.1
OG0001608	WP_119260627.1	WP_009545658.1
OG0001609	WP_232014552.1	WP_009545669.1
OG0001610	WP_119260301.1	WP_009545682.1
OG0001611	WP_119259695.1	WP_009545707.1
OG0001612	WP_119259589.1	WP_009545710.1
OG0001613	WP_119260231.1	WP_009545714.1
OG0001614	WP_119260809.1	WP_009545723.1
OG0001616	WP_119260013.1	WP_009545726.1
OG0001617	WP_172582078.1	WP_009545752.1
OG0001619	WP_119259638.1	WP_009545769.1
OG0001621	WP_119260280.1	WP_009545789.1
OG0001622	WP_119260428.1	WP_009545801.1
OG0001624	WP_119259389.1	WP_009545839.1
OG0001626	WP_119260050.1	WP_009545854.1
OG0001628	WP_119260801.1	WP_009545858.1
OG0001629	WP_119260180.1	WP_009545861.1
OG0001630	WP_119259986.1	WP_009545874.1
OG0001631	WP_119260856.1	WP_009545884.1
OG0001632	WP_119260855.1	WP_009545885.1
OG0001633	WP_119259729.1	WP_024750141.1, WP_009545895.1
OG0001634	WP_119259568.1	WP_009545907.1
OG0001636	WP_119260315.1	WP_009545928.1
OG0001637	WP_119260864.1	WP_009545961.1
OG0001638	WP_119260913.1	WP_009545977.1
OG0001639	WP_232014551.1	WP_009545978.1
OG0001640	WP_119259440.1	WP_009546030.1
OG0001642	WP_119260523.1	WP_009546034.1
OG0001643	WP_119260204.1	WP_009546042.1
OG0001645	WP_119260036.1	WP_009546049.1
OG0001646	WP_119259499.1	WP_009546059.1
OG0001647	WP_172582007.1	WP_009546060.1
OG0001648	WP_119259977.1	WP_009546066.1
OG0001649	WP_119259399.1	WP_009546072.1
OG0001650	WP_119260576.1	WP_009546075.1
OG0001651	WP_172582109.1	WP_009546076.1
OG0001652	WP_119260906.1	WP_009546077.1
OG0001653	WP_119259429.1	WP_009546124.1
OG0001654	WP_119259481.1	WP_009546128.1
OG0001655	WP_119259482.1	WP_009546131.1
OG0001661	WP_119260743.1	WP_009546447.1
OG0001662	WP_119259988.1	WP_009546453.1
OG0001663	WP_119260648.1	WP_009546480.1
OG0001664	WP_119260828.1	WP_009546483.1
OG0001665	WP_119260763.1	WP_009546484.1
OG0001666	WP_119260207.1	WP_009546497.1
OG0001667	WP_119260459.1	WP_009546503.1
OG0001669	WP_119259530.1	WP_009546512.1
OG0001670	WP_119259781.1	WP_009546514.1
OG0001671	WP_119260589.1	WP_009546525.1
OG0001672	WP_119259910.1	WP_009546538.1
OG0001673	WP_119259634.1	WP_009546552.1
OG0001674	WP_119259303.1	WP_009546561.1
OG0001675	WP_119260314.1	WP_009546566.1
OG0001676	WP_119260586.1	WP_009546612.1
OG0001677	WP_119259341.1	WP_009546626.1
OG0001678	WP_119261013.1	WP_009546628.1
OG0001679	WP_119260540.1	WP_009546632.1
OG0001680	WP_119260551.1	WP_009546646.1
OG0001681	WP_119260558.1	WP_009546653.1
OG0001682	WP_119260562.1	WP_009546656.1
OG0001683	WP_119261026.1	WP_009546670.1
OG0001684	WP_119259277.1	WP_009546679.1
OG0001685	WP_232014590.1	WP_009546680.1
OG0001686	WP_232014575.1	WP_009546703.1
OG0001687	WP_232014550.1	WP_009546717.1
OG0001688	WP_119259380.1	WP_009546725.1
OG0001689	WP_119259379.1	WP_009546726.1
OG0001690	WP_119259506.1	WP_009546728.1
OG0001691	WP_119260369.1	WP_009546743.1
OG0001693	WP_172582087.1	WP_009546763.1
OG0001694	WP_119260713.1	WP_009546775.1
OG0001695	WP_119259608.1	WP_009546776.1
OG0001698	WP_119259322.1	WP_009546801.1
OG0001699	WP_119260602.1	WP_009546806.1
OG0001700	WP_119259456.1	WP_009546808.1
OG0001701	WP_119259845.1	WP_009546873.1
OG0001702	WP_119259788.1	WP_009546879.1
OG0001703	WP_119260836.1	WP_009546882.1
OG0001704	WP_232014577.1	WP_009546954.1
OG0001705	WP_119260132.1	WP_009546964.1
OG0001706	WP_119260669.1	WP_009546968.1
OG0001707	WP_119260086.1	WP_009546973.1
OG0001708	WP_119259479.1	WP_009546977.1
OG0001709	WP_119260612.1	WP_009546980.1
OG0001710	WP_232014605.1	WP_009547338.1, WP_009546989.1
OG0001711	WP_119260173.1	WP_009546995.1
OG0001712	WP_119259823.1	WP_009547012.1, WP_009547411.1
OG0001713	WP_119260772.1	WP_009547020.1
OG0001714	WP_119260102.1	WP_009547087.1
OG0001715	WP_119259883.1	WP_009547103.1
OG0001716	WP_119261006.1	WP_009547106.1
OG0001717	WP_232014558.1	WP_009547107.1
OG0001718	WP_119259882.1	WP_009547110.1
OG0001719	WP_119260601.1	WP_009547113.1
OG0001720	WP_119259498.1	WP_009547126.1
OG0001721	WP_119260645.1	WP_009547128.1
OG0001723	WP_119259940.1	WP_009547138.1
OG0001724	WP_172582070.1	WP_009547149.1
OG0001725	WP_119260993.1	WP_009547153.1
OG0001726	WP_119260858.1	WP_009547179.1
OG0001727	WP_119259894.1	WP_009547193.1
OG0001728	WP_119259585.1	WP_009547203.1
OG0001729	WP_119260918.1	WP_009547204.1
OG0001730	WP_119260238.1	WP_009547208.1
OG0001731	WP_119260239.1	WP_009547209.1
OG0001732	WP_119260884.1	WP_009547211.1
OG0001733	WP_119260061.1	WP_009547214.1
OG0001734	WP_119260742.1	WP_009547228.1
OG0001735	WP_119260514.1	WP_009547265.1
OG0001736	WP_119260591.1	WP_009547328.1
OG0001737	WP_119260619.1	WP_009547329.1
OG0001738	WP_119259420.1	WP_009547341.1
OG0001739	WP_119259644.1	WP_009547343.1
OG0001740	WP_119259643.1	WP_009547344.1
OG0001741	WP_119260261.1	WP_009547348.1
OG0001742	WP_119259842.1	WP_009547356.1
OG0001743	WP_119260770.1	WP_009547363.1
OG0001744	WP_119260089.1	WP_009547368.1
OG0001745	WP_119259655.1	WP_009547378.1
OG0001746	WP_119260418.1	WP_009547387.1
OG0001747	WP_119260436.1	WP_009547394.1
OG0001748	WP_119259829.1	WP_009547408.1
OG0001749	WP_119260745.1	WP_009547419.1
OG0001750	WP_119260746.1	WP_009547420.1
OG0001751	WP_119260353.1	WP_009547425.1
OG0001753	WP_119260077.1	WP_009547450.1
OG0001754	WP_119260853.1	WP_009547456.1
OG0001755	WP_119259956.1	WP_009547465.1
OG0001756	WP_119261028.1	WP_009547508.1
OG0001757	WP_119261029.1	WP_009547509.1
OG0001758	WP_119260738.1	WP_009547593.1
OG0001759	WP_119260739.1	WP_009547594.1
OG0001760	WP_119260740.1	WP_009547595.1
OG0001761	WP_119259861.1	WP_009547602.1
OG0001762	WP_119259510.1	WP_009547616.1
OG0001763	WP_119259424.1	WP_009547636.1
OG0001764	WP_232014480.1	WP_009547652.1
OG0001765	WP_119260064.1	WP_009547669.1
OG0001766	WP_119259983.1	WP_009547673.1
OG0001767	WP_119259984.1	WP_009547674.1
OG0001768	WP_232014527.1	WP_009547694.1
OG0001769	WP_119260899.1	WP_009547700.1
OG0001770	WP_119260831.1	WP_009547755.1
OG0001771	WP_172582060.1	WP_009547759.1
OG0001772	WP_119260226.1	WP_009547763.1
OG0001774	WP_119259310.1	WP_009547808.1
OG0001775	WP_119259734.1	WP_009547809.1
OG0001776	WP_232014476.1	WP_009547821.1
OG0001777	WP_119259895.1	WP_009547826.1
OG0001778	WP_119260609.1	WP_009547913.1
OG0001779	WP_119259653.1	WP_009547915.1
OG0001780	WP_119259570.1	WP_009547916.1
OG0001781	WP_119260015.1	WP_009547921.1
OG0001782	WP_119260517.1	WP_009548016.1
OG0001783	WP_119260158.1	WP_009548018.1
OG0001784	WP_119260829.1	WP_012361328.1
OG0001785	WP_119259848.1	WP_012361382.1
OG0001786	WP_172581999.1	WP_012361474.1
OG0001787	WP_119260977.1	WP_012361763.1
OG0001788	WP_119259637.1	WP_012361771.1
OG0001789	WP_119260987.1	WP_012361913.1
OG0001790	WP_119260113.1	WP_012361925.1
OG0001791	WP_119260259.1	WP_012362008.1
OG0001792	WP_232014516.1	WP_012362013.1
OG0001793	WP_119259862.1	WP_012362110.1
OG0001794	WP_119259893.1	WP_012362124.1
OG0001796	WP_119259294.1	WP_012362190.1
OG0001797	WP_232014484.1	WP_012362234.1
OG0001798	WP_119259755.1	WP_024750127.1
OG0001799	WP_119260251.1	WP_024750131.1
OG0001800	WP_119259316.1	WP_024750183.1
OG0001801	WP_119259304.1	WP_024750206.1
OG0001802	WP_119260626.1	WP_024750221.1
OG0001803	WP_119260607.1	WP_024750224.1
OG0001805	WP_119260122.1	WP_024750274.1
OG0001806	WP_119259553.1	WP_024750306.1
OG0001807	WP_119260997.1	WP_024750307.1
OG0001808	WP_232014488.1	WP_024750311.1
OG0001810	WP_119259508.1	WP_024750343.1
OG0001811	WP_119260323.1	WP_024750352.1
OG0001812	WP_119260067.1	WP_035857537.1
OG0001813	WP_119260798.1	WP_049769500.1
OG0001814	WP_119260100.1	WP_071818235.1
OG0001815	WP_119259844.1	WP_198019416.1
OG0001816	WP_119259557.1	WP_198019431.1
OG0001817	WP_232014482.1	WP_243397332.1
OG0001818	WP_119259959.1	WP_243397347.1
OG0001820	WP_232014561.1	WP_243397384.1
OG0001822	WP_172582061.1	WP_243397420.1
OG0001842	WP_119260057.1	WP_007305034.1
OG0001843	WP_119261021.1	WP_008277098.1
OG0001847	WP_119260900.1	WP_009543039.1
OG0001853	WP_119260373.1	WP_009543083.1
OG0001857	WP_232014571.1	WP_009543201.1
OG0001858	WP_119260664.1	WP_009543206.1
OG0001861	WP_145961891.1	WP_009543244.1
OG0001862	WP_232014519.1	WP_009543267.1
OG0001863	WP_119260097.1	WP_009543277.1
OG0001883	WP_119260966.1	WP_009543545.1
OG0001884	WP_172582115.1	WP_009543592.1
OG0001893	WP_119259422.1	WP_009543756.1
OG0001895	WP_119259533.1	WP_009543799.1
OG0001899	WP_119260355.1	WP_009543898.1
OG0001900	WP_119259789.1	WP_009543950.1
OG0001901	WP_119260575.1	WP_009543967.1
OG0001903	WP_119259765.1	WP_009543984.1
OG0001904	WP_145961893.1	WP_009543986.1
OG0001915	WP_119259545.1	WP_009544114.1
OG0001918	WP_119260152.1	WP_009544155.1
OG0001919	WP_119259344.1	WP_009544160.1
OG0001920	WP_119260658.1	WP_009544182.1
OG0001928	WP_119260497.1	WP_009544273.1
OG0001935	WP_119259435.1	WP_009544393.1
OG0001940	WP_119259293.1	WP_009544435.1
OG0001942	WP_119259987.1	WP_009544468.1
OG0001943	WP_172582097.1	WP_009544471.1
OG0001948	WP_232014461.1	WP_009544540.1
OG0001953	WP_119260495.1	WP_009544558.1
OG0001954	WP_119261014.1	WP_009544584.1
OG0001956	WP_119260116.1	WP_009544596.1
OG0001957	WP_119260486.1	WP_009544616.1
OG0001958	WP_119260487.1	WP_009544617.1
OG0001962	WP_119261020.1	WP_009544664.1
OG0001963	WP_119259601.1	WP_009544673.1
OG0001964	WP_119259426.1	WP_009544700.1
OG0001965	WP_119259800.1	WP_009544703.1
OG0001966	WP_119259592.1	WP_009544712.1
OG0001967	WP_172582013.1	WP_009544738.1
OG0001969	WP_172582038.1	WP_009544754.1
OG0001970	WP_232014599.1	WP_009544761.1
OG0001971	WP_232014557.1	WP_009544763.1
OG0001974	WP_119259897.1	WP_009544781.1
OG0001984	WP_119260372.1	WP_009544971.1
OG0001986	WP_119259378.1	WP_009545019.1
OG0001991	WP_119259607.1	WP_009545122.1
OG0001994	WP_172582000.1	WP_009545135.1
OG0001995	WP_119260503.1	WP_009545164.1
OG0001996	WP_172582006.1	WP_009545175.1
OG0002000	WP_119260303.1	WP_009545232.1
OG0002005	WP_145961872.1	WP_009545281.1
OG0002007	WP_119259507.1	WP_009545298.1
OG0002008	WP_232014539.1	WP_009545301.1
OG0002012	WP_119260080.1	WP_009545386.1
OG0002013	WP_119259794.1	WP_009545404.1
OG0002014	WP_119259685.1	WP_009545430.1
OG0002020	WP_119260483.1	WP_009545567.1
OG0002028	WP_119260865.1	WP_009545754.1
OG0002029	WP_172582014.1	WP_009545771.1
OG0002035	WP_172582081.1	WP_009545880.1
OG0002036	WP_119260857.1	WP_009545883.1
OG0002042	WP_232014468.1	WP_009545979.1
OG0002044	WP_119260365.1	WP_009546024.1
OG0002045	WP_119260034.1	WP_009546051.1
OG0002047	WP_119259364.1	WP_009546063.1
OG0002051	WP_119260611.1	WP_009546107.1
OG0002052	WP_119260714.1	WP_009546126.1
OG0002054	WP_119260141.1	WP_009546210.1
OG0002065	WP_119260640.1	WP_009546523.1
OG0002067	WP_119260002.1	WP_009546606.1
OG0002068	WP_119260565.1	WP_009546664.1
OG0002069	WP_119259450.1	WP_009546695.1
OG0002070	WP_119260581.1	WP_009546698.1
OG0002071	WP_119259855.1	WP_009546699.1
OG0002072	WP_119259706.1	WP_009546701.1
OG0002078	WP_119259966.1	WP_009546797.1
OG0002081	WP_119259979.1	WP_009546878.1
OG0002083	WP_119260010.1	WP_009546890.1
OG0002085	WP_119260228.1	WP_009547045.1
OG0002086	WP_172582094.1	WP_009547061.1
OG0002087	WP_119260011.1	WP_009547085.1
OG0002088	WP_232014467.1	WP_009547161.1
OG0002090	WP_119260302.1	WP_009547198.1
OG0002092	WP_119261016.1	WP_009547255.1
OG0002093	WP_119260783.1	WP_009547288.1
OG0002096	WP_119259836.1	WP_009547367.1
OG0002099	WP_119259853.1	WP_009547441.1
OG0002100	WP_119260461.1	WP_009547449.1
OG0002108	WP_119259371.1	WP_009547561.1
OG0002111	WP_119259784.1	WP_009547599.1
OG0002112	WP_119259291.1	WP_009547611.1
OG0002113	WP_232014556.1	WP_009547618.1
OG0002117	WP_119259743.1	WP_009547818.1
OG0002125	WP_119259588.1	WP_012361448.1
OG0002126	WP_119260014.1	WP_012361478.1
OG0002128	WP_232014604.1	WP_012361765.1
OG0002129	WP_119261045.1	WP_012362164.1
OG0002130	WP_172582016.1	WP_012362204.1
OG0002131	WP_232014578.1	WP_012362205.1
OG0002134	WP_119260371.1	WP_024750192.1
OG0002135	WP_119259529.1	WP_024750203.1
OG0002136	WP_119260839.1	WP_024750250.1
OG0002137	WP_119260121.1	WP_024750273.1
OG0002138	WP_232014620.1	WP_024750304.1
OG0002139	WP_119260237.1	WP_024750368.1
OG0002140	WP_119259731.1	WP_035857660.1
OG0002141	WP_084220210.1	WP_071818209.1
OG0002142	WP_145961876.1	WP_156922833.1
OG0002146	WP_119260098.1	WP_243397443.1
OG0002231	WP_145961880.1	WP_009543214.1
OG0002361	WP_232014606.1	WP_009543906.1
OG0002667	WP_119260463.1	WP_009545519.1
OG0002705	WP_172582009.1	WP_009545728.1
OG0002731	WP_119261037.1	WP_009545860.1
OG0002966	WP_119260245.1	WP_009547339.1
