Orthogroup	cyanobacterium_endosymbiont_of_Rhopalodia_gibberula_RgSB_GCF_003574135.1_protein	cyanobacterium_endosymbiont_of_Braarudosphaera_bigelowii_CPSB-1_GCF_020885515.1_protein
OG0000002	WP_119260188.1	WP_229637470.1
OG0000002	WP_119260492.1	WP_229636895.1
OG0000002	WP_119259283.1	WP_040054326.1
OG0000004	WP_119260999.1	WP_229637575.1
OG0000004	WP_172582107.1	WP_229636898.1
OG0000005	WP_119260956.1	WP_229636863.1
OG0000005	WP_119260937.1	WP_229637646.1
OG0000005	WP_119259336.1	WP_229636901.1
OG0000006	WP_119259854.1	WP_229637299.1
OG0000006	WP_232014621.1	WP_229637682.1
OG0000006	WP_119260741.1	WP_229637040.1
OG0000009	WP_232014601.1	WP_229637718.1
OG0000009	WP_119260673.1	WP_040054735.1
OG0000010	WP_232014529.1	WP_229637188.1
OG0000011	WP_119259714.1	WP_040054185.1
OG0000011	WP_119259713.1	WP_040054186.1
OG0000012	WP_119259605.1, WP_119259430.1, WP_119259554.1	WP_040054202.1
OG0000013	WP_119259368.1	WP_040055025.1, WP_040054568.1, WP_040054550.1
OG0000016	WP_119259995.1	WP_229637191.1
OG0000016	WP_172582113.1	WP_229636910.1
OG0000017	WP_119260749.1	WP_229636979.1
OG0000018	WP_119260137.1	WP_229637316.1
OG0000018	WP_119261003.1	WP_229637064.1
OG0000019	WP_119260781.1	WP_040054889.1
OG0000019	WP_119259544.1	WP_229637377.1
OG0000020	WP_119260686.1	WP_229637398.1
OG0000020	WP_119259726.1	WP_040054446.1
OG0000023	WP_172582091.1	WP_229636896.1
OG0000023	WP_232014562.1	WP_229637634.1
OG0000024	WP_119260719.1	WP_229636849.1
OG0000024	WP_119260198.1	WP_229637201.1
OG0000025	WP_119260007.1	WP_040054455.1
OG0000025	WP_232014617.1	WP_040054938.1
OG0000026	WP_119260685.1	WP_229637397.1
OG0000026	WP_119260046.1	WP_040054535.1
OG0000027	WP_119259976.1, WP_119259917.1, WP_119260154.1	WP_040054460.1
OG0000029	WP_119260733.1	WP_229636955.1
OG0000029	WP_119259947.1	WP_229637558.1
OG0000030	WP_119259648.1	WP_040054680.1
OG0000030	WP_119259909.1	WP_040054617.1
OG0000031	WP_119259913.1	WP_040054966.1
OG0000032	WP_119260873.1	WP_229637118.1
OG0000032	WP_119260872.1	WP_040054980.1
OG0000033	WP_119259703.1	WP_229637658.1
OG0000033	WP_119260305.1	WP_229637681.1
OG0000034	WP_119260826.1	WP_229636836.1
OG0000034	WP_119260434.1	WP_040054706.1
OG0000035	WP_119260594.1	WP_229636860.1
OG0000036	WP_119259478.1	WP_229637270.1
OG0000036	WP_119260939.1	WP_229636891.1
OG0000037	WP_012596483.1	WP_229637109.1
OG0000037	WP_044106680.1	WP_012953946.1
OG0000038	WP_119259763.1	WP_229637120.1
OG0000038	WP_119259891.1	WP_229637395.1
OG0000039	WP_119260189.1	WP_229637186.1
OG0000042	WP_119259761.1	WP_229637328.1
OG0000042	WP_119260165.1	WP_040055095.1
OG0000043	WP_119259814.1	WP_229637679.1
OG0000044	WP_119260541.1, WP_119260205.1	WP_040055050.1
OG0000045	WP_119260647.1	WP_229637225.1
OG0000046	WP_119259760.1	WP_040054829.1
OG0000047	WP_232014522.1, WP_119259935.1	WP_229637368.1
OG0000048	WP_119259709.1	WP_229637417.1
OG0000059	WP_119260833.1	WP_040054316.1
OG0000059	WP_119259574.1	WP_229637507.1
OG0000060	WP_119260710.1	WP_040054387.1
OG0000060	WP_119260862.1	WP_040054640.1
OG0000061	WP_119260502.1	WP_229636775.1
OG0000062	WP_119259725.1, WP_119260134.1	WP_229637285.1
OG0000063	WP_119259384.1, WP_119260837.1	WP_229637071.1
OG0000064	WP_119260791.1, WP_119259307.1	WP_229637737.1
OG0000070	WP_119260379.1, WP_119260128.1	WP_229637501.1
OG0000071	WP_119259630.1	WP_229637566.1
OG0000072	WP_172582111.1	WP_229637620.1
OG0000073	WP_119260779.1	WP_229636879.1
OG0000074	WP_119260366.1	WP_229636926.1
OG0000075	WP_232014463.1, WP_232014543.1	WP_229637097.1
OG0000076	WP_119259287.1	WP_229637162.1
OG0000078	WP_232014580.1, WP_172582033.1	WP_229637197.1
OG0000079	WP_119260352.1	WP_229637235.1
OG0000080	WP_119259439.1	WP_229637431.1
OG0000081	WP_119259308.1	WP_229637409.1
OG0000082	WP_119259749.1	WP_229636940.1
OG0000094	WP_119260417.1	WP_229637576.1
OG0000095	WP_119259501.1	WP_040054784.1
OG0000096	WP_119260816.1	WP_229636838.1
OG0000097	WP_119259962.1	WP_229636851.1
OG0000098	WP_119259403.1	WP_040054223.1
OG0000099	WP_119259769.1	WP_229636878.1
OG0000100	WP_119260962.1	WP_229636928.1
OG0000101	WP_119260059.1	WP_040055029.1
OG0000102	WP_119260566.1	WP_040054934.1
OG0000103	WP_119260060.1	WP_229637037.1
OG0000105	WP_119259327.1	WP_040054356.1
OG0000106	WP_119259748.1	WP_229637252.1
OG0000107	WP_119259999.1	WP_229637374.1
OG0000108	WP_119259312.1	WP_229637437.1
OG0000126	WP_119260105.1	WP_229637513.1
OG0000127	WP_119260590.1	WP_229637527.1
OG0000128	WP_119259451.1	WP_229637528.1
OG0000129	WP_119259353.1	WP_040054663.1
OG0000130	WP_119259949.1	WP_229637559.1
OG0000131	WP_119260796.1	WP_229637560.1
OG0000132	WP_119260138.1	WP_229637563.1
OG0000133	WP_119259631.1	WP_229637565.1
OG0000134	WP_085435268.1	WP_040054677.1
OG0000135	WP_172582017.1	WP_229637577.1
OG0000136	WP_119260814.1	WP_229637609.1
OG0000137	WP_119260861.1	WP_229637622.1
OG0000138	WP_119260211.1	WP_229637631.1
OG0000139	WP_119260344.1	WP_229637632.1
OG0000140	WP_119259276.1	WP_229637640.1
OG0000141	WP_232014582.1, WP_172582034.1	WP_229637657.1
OG0000142	WP_119260519.1	WP_040054959.1
OG0000143	WP_119259464.1	WP_229636769.1
OG0000144	WP_119260364.1	WP_040054173.1
OG0000145	WP_119259474.1	WP_229636832.1
OG0000146	WP_119259711.1	WP_040054188.1
OG0000147	WP_119259830.1	WP_229636855.1
OG0000148	WP_119260439.1	WP_040054230.1
OG0000149	WP_119260460.1	WP_040054236.1
OG0000150	WP_119259768.1	WP_040054237.1
OG0000151	WP_119260111.1	WP_229636892.1
OG0000153	WP_119259849.1	WP_229636938.1
OG0000154	WP_119260544.1	WP_229636965.1
OG0000155	WP_119259517.1	WP_229636993.1
OG0000156	WP_119260761.1	WP_229637005.1
OG0000157	WP_119260618.1	WP_040055126.1
OG0000158	WP_119260894.1	WP_040055121.1
OG0000159	WP_119259285.1	WP_229637044.1
OG0000160	WP_119259391.1	WP_229637175.1
OG0000161	WP_119259992.1	WP_229637189.1
OG0000162	WP_119259556.1	WP_229637243.1
OG0000163	WP_119260773.1	WP_229637253.1
OG0000164	WP_119260787.1	WP_040054309.1
OG0000165	WP_119260494.1	WP_229637311.1
OG0000166	WP_119260841.1	WP_040054578.1
OG0000167	WP_119260047.1	WP_229637355.1
OG0000168	WP_119259684.1	WP_229637366.1
OG0000170	WP_119260038.1	WP_229637385.1
OG0000171	WP_119260150.1	WP_229637413.1
OG0000172	WP_119259500.1	WP_229637416.1
OG0000173	WP_119260320.1	WP_229637424.1
OG0000174	WP_232014546.1	WP_229637433.1
OG0000175	WP_172582112.1	WP_229637489.1
OG0000176	WP_119259626.1	WP_229637702.1
OG0000177	WP_119260063.1	WP_229636790.1
OG0000178	WP_119260823.1	WP_040054214.1
OG0000179	WP_119259444.1	WP_229637240.1
OG0000180	WP_119259733.1	WP_040054824.1
OG0000181	WP_119260699.1	WP_229637554.1
OG0000182	WP_119259961.1	WP_229637468.1
OG0000183	WP_119260286.1	WP_040054197.1
OG0000184	WP_119259896.1	WP_229637584.1
OG0000185	WP_119259572.1, WP_119260166.1	WP_229637608.1
OG0000186	WP_119260567.1	WP_229637727.1
OG0000187	WP_119260343.1	WP_229637297.1
OG0000188	WP_232014533.1	WP_229636954.1
OG0000204	WP_232014493.1	WP_229637494.1
OG0000206	WP_119260946.1	WP_040054432.1
OG0000207	WP_119260668.1	WP_229637496.1
OG0000208	WP_119260666.1	WP_040054430.1
OG0000209	WP_119260665.1	WP_040054429.1
OG0000210	WP_119259692.1	WP_040054507.1
OG0000211	WP_119259974.1	WP_229637498.1
OG0000212	WP_119259978.1	WP_229637499.1
OG0000213	WP_119259963.1	WP_229637500.1
OG0000214	WP_119259753.1	WP_229637502.1
OG0000215	WP_119259546.1	WP_229637503.1
OG0000216	WP_119259286.1	WP_229637504.1
OG0000218	WP_119259825.1	WP_040054418.1
OG0000219	WP_119259826.1	WP_229637506.1
OG0000220	WP_119260249.1	WP_040054416.1
OG0000221	WP_119260031.1	WP_229637508.1
OG0000222	WP_119260468.1	WP_229637509.1
OG0000223	WP_119260800.1	WP_229637510.1
OG0000224	WP_232014616.1	WP_229637511.1
OG0000225	WP_119259903.1	WP_229637696.1
OG0000226	WP_119259787.1	WP_040055176.1
OG0000227	WP_119260447.1	WP_229637515.1
OG0000228	WP_119259343.1	WP_229637517.1
OG0000229	WP_119260569.1	WP_229637519.1
OG0000230	WP_119260570.1	WP_040055183.1
OG0000231	WP_119260232.1	WP_229637520.1
OG0000232	WP_119260638.1	WP_229637521.1
OG0000233	WP_119260888.1	WP_229637522.1
OG0000234	WP_119259410.1	WP_229637523.1
OG0000235	WP_119259982.1	WP_229637524.1
OG0000236	WP_119260052.1	WP_229637525.1
OG0000237	WP_119260248.1	WP_040055191.1
OG0000238	WP_119261008.1	WP_229637526.1
OG0000239	WP_119259452.1	WP_040055225.1
OG0000240	WP_119259351.1	WP_229637529.1
OG0000241	WP_119260819.1	WP_229637530.1
OG0000242	WP_119260820.1	WP_229637531.1
OG0000243	WP_119260391.1	WP_229637532.1
OG0000244	WP_232014534.1	WP_040055208.1
OG0000245	WP_119260441.1	WP_229637535.1
OG0000246	WP_119259860.1	WP_040055211.1
OG0000247	WP_119260295.1	WP_229637536.1
OG0000248	WP_119259590.1	WP_229637537.1
OG0000249	WP_119259985.1	WP_040055235.1
OG0000250	WP_119259555.1	WP_229637540.1
OG0000251	WP_119260724.1	WP_040055237.1
OG0000252	WP_119259818.1	WP_040054635.1
OG0000253	WP_119259817.1	WP_040054636.1
OG0000254	WP_119259815.1	WP_040054637.1
OG0000255	WP_119259708.1	WP_229637541.1
OG0000256	WP_119259485.1	WP_040054639.1
OG0000257	WP_119260437.1	WP_229637544.1
OG0000258	WP_119261002.1	WP_229637545.1
OG0000259	WP_119260882.1	WP_040054645.1
OG0000260	WP_119260881.1	WP_229637546.1
OG0000261	WP_119259723.1	WP_040054649.1
OG0000262	WP_119259722.1	WP_229637547.1
OG0000263	WP_119260572.1	WP_229637548.1
OG0000264	WP_119260571.1	WP_229637549.1
OG0000265	WP_119259834.1	WP_229637550.1
OG0000266	WP_119259835.1	WP_040054653.1
OG0000267	WP_119260679.1	WP_229637552.1
OG0000268	WP_119260076.1	WP_040054656.1
OG0000269	WP_119260698.1	WP_229637553.1
OG0000270	WP_119260700.1	WP_229637555.1
OG0000271	WP_119259705.1	WP_229637556.1
OG0000272	WP_119260227.1	WP_229637557.1
OG0000273	WP_119260219.1	WP_229637561.1
OG0000274	WP_119259696.1	WP_040054668.1
OG0000275	WP_119259629.1	WP_229637567.1
OG0000276	WP_119259628.1	WP_040054675.1
OG0000277	WP_119259627.1	WP_040054676.1
OG0000278	WP_119259625.1	WP_229637568.1
OG0000279	WP_119259649.1	WP_229637569.1
OG0000280	WP_119260510.1	WP_229637571.1
OG0000281	WP_119260509.1	WP_040054683.1
OG0000282	WP_119259566.1	WP_229637572.1
OG0000283	WP_119259396.1	WP_229637573.1
OG0000284	WP_119259879.1	WP_229637574.1
OG0000285	WP_119260396.1	WP_040054691.1
OG0000286	WP_119259907.1	WP_229637579.1
OG0000287	WP_119260491.1	WP_040055091.1
OG0000288	WP_232014470.1	WP_229637590.1
OG0000289	WP_119259314.1	WP_040055089.1
OG0000290	WP_119259315.1	WP_229637589.1
OG0000291	WP_119259317.1	WP_229637588.1
OG0000292	WP_119260951.1	WP_229637587.1
OG0000293	WP_119260692.1	WP_229637586.1
OG0000294	WP_119260691.1	WP_229637585.1
OG0000295	WP_119259866.1	WP_229637583.1
OG0000296	WP_119260096.1	WP_229637581.1
OG0000297	WP_119259689.1	WP_040055093.1
OG0000298	WP_119259602.1	WP_229637592.1
OG0000299	WP_119259786.1	WP_040055098.1
OG0000300	WP_119260304.1	WP_040055100.1
OG0000301	WP_119260643.1	WP_040055101.1
OG0000302	WP_119260644.1	WP_229637594.1
OG0000303	WP_119259492.1	WP_229637595.1
OG0000304	WP_119259493.1	WP_229637596.1
OG0000305	WP_119260764.1	WP_229637597.1
OG0000306	WP_119260049.1	WP_229637598.1
OG0000307	WP_119259757.1	WP_229637600.1
OG0000308	WP_119260079.1	WP_229637704.1
OG0000309	WP_119260924.1	WP_040055111.1
OG0000310	WP_119259356.1	WP_229637602.1
OG0000311	WP_119259858.1	WP_229637603.1
OG0000312	WP_119259859.1	WP_040055116.1
OG0000313	WP_119259509.1	WP_229637604.1
OG0000314	WP_119260032.1	WP_229637607.1
OG0000315	WP_119260815.1	WP_040054796.1
OG0000316	WP_119260387.1	WP_229637610.1
OG0000317	WP_232014588.1	WP_261345102.1
OG0000318	WP_119259437.1	WP_229637612.1
OG0000319	WP_119259873.1	WP_040054792.1
OG0000320	WP_119259872.1	WP_040054791.1
OG0000321	WP_119260731.1	WP_040054789.1
OG0000322	WP_119259770.1	WP_040054788.1
OG0000323	WP_119259799.1	WP_229637613.1
OG0000324	WP_119259798.1	WP_040054786.1
OG0000325	WP_119260241.1	WP_229637614.1
OG0000326	WP_119260678.1	WP_040054805.1
OG0000327	WP_119259584.1	WP_229637615.1
OG0000328	WP_119259884.1	WP_229637705.1
OG0000329	WP_232014572.1	WP_229637616.1
OG0000330	WP_119259886.1	WP_229637617.1
OG0000331	WP_119259686.1	WP_229637619.1
OG0000332	WP_119259597.1	WP_040054777.1
OG0000333	WP_119259596.1	WP_040054776.1
OG0000334	WP_119260183.1	WP_229637621.1
OG0000335	WP_119259754.1	WP_040054772.1
OG0000336	WP_119260587.1	WP_229637623.1
OG0000337	WP_119260106.1	WP_229637624.1
OG0000338	WP_119260133.1	WP_229637625.1
OG0000339	WP_119260690.1	WP_229637626.1
OG0000340	WP_119259618.1	WP_229637627.1
OG0000341	WP_119260671.1	WP_229637628.1
OG0000342	WP_119259642.1	WP_229637629.1
OG0000343	WP_119260292.1	WP_229637630.1
OG0000344	WP_119259778.1	WP_040054765.1
OG0000345	WP_119260346.1	WP_040054762.1
OG0000346	WP_119260347.1	WP_229637633.1
OG0000347	WP_119260348.1	WP_040054760.1
OG0000348	WP_119260349.1	WP_229637707.1
OG0000349	WP_119260893.1	WP_040054758.1
OG0000350	WP_119259808.1	WP_229637635.1
OG0000351	WP_119260807.1	WP_229637636.1
OG0000352	WP_119260806.1	WP_229637637.1
OG0000353	WP_119259475.1	WP_040054800.1
OG0000354	WP_119260479.1	WP_229637638.1
OG0000355	WP_119259390.1	WP_229637639.1
OG0000356	WP_119259275.1	WP_040055241.1
OG0000357	WP_119261012.1	WP_229637641.1
OG0000358	WP_119260525.1	WP_229637642.1
OG0000359	WP_119260968.1	WP_229637643.1
OG0000360	WP_119259441.1	WP_229637644.1
OG0000361	WP_119260936.1	WP_229637645.1
OG0000362	WP_119260021.1	WP_040054991.1
OG0000363	WP_119260331.1	WP_229637648.1
OG0000364	WP_119259324.1	WP_229637649.1
OG0000365	WP_119260196.1	WP_229637650.1
OG0000366	WP_119260296.1	WP_040054985.1
OG0000367	WP_119260805.1	WP_229637652.1
OG0000368	WP_119260703.1	WP_229637653.1
OG0000369	WP_119260270.1	WP_229637654.1
OG0000370	WP_119260272.1	WP_229637655.1
OG0000371	WP_119260382.1	WP_040054975.1
OG0000372	WP_232014610.1	WP_040054974.1
OG0000373	WP_119259624.1	WP_040054972.1
OG0000374	WP_119259297.1	WP_229637659.1
OG0000375	WP_119259302.1	WP_229637660.1
OG0000376	WP_119259306.1	WP_040054965.1
OG0000377	WP_119260088.1	WP_040054964.1
OG0000378	WP_119260087.1	WP_229637662.1
OG0000379	WP_119260659.1	WP_229637665.1
OG0000380	WP_119260657.1	WP_229637666.1
OG0000381	WP_044106898.1	WP_229637667.1
OG0000382	WP_119260520.1	WP_229637668.1
OG0000383	WP_119260521.1	WP_229637711.1
OG0000384	WP_119260650.1	WP_229637669.1
OG0000385	WP_119259339.1	WP_229637671.1
OG0000386	WP_119260362.1	WP_229637672.1
OG0000387	WP_119260701.1	WP_040055274.1
OG0000388	WP_119259899.1	WP_229637678.1
OG0000389	WP_119259901.1	WP_040054113.1
OG0000390	WP_119259421.1	WP_040054114.1
OG0000391	WP_232014523.1	WP_229637683.1
OG0000392	WP_119260734.1	WP_229637684.1
OG0000393	WP_119260735.1	WP_040054120.1
OG0000394	WP_119260195.1	WP_229637685.1
OG0000395	WP_119260193.1	WP_229637687.1
OG0000396	WP_119260750.1	WP_229637688.1
OG0000397	WP_119260904.1	WP_229637689.1
OG0000398	WP_119260066.1	WP_040054126.1
OG0000399	WP_119259876.1	WP_229637691.1
OG0000400	WP_119259334.1	WP_040054128.1
OG0000401	WP_119260330.1	WP_229636766.1
OG0000402	WP_119260329.1	WP_229636767.1
OG0000403	WP_119260039.1	WP_040054133.1
OG0000404	WP_119259463.1	WP_229636768.1
OG0000405	WP_119260256.1	WP_229636770.1
OG0000406	WP_119260255.1	WP_229636772.1
OG0000407	WP_119260221.1	WP_229636776.1
OG0000408	WP_119260223.1	WP_229636777.1
OG0000409	WP_119260224.1	WP_229636779.1
OG0000410	WP_119260991.1	WP_229636784.1
OG0000411	WP_119260730.1	WP_229636786.1
OG0000412	WP_119260253.1	WP_040054146.1
OG0000413	WP_119260709.1	WP_040054150.1
OG0000414	WP_119260513.1	WP_229636792.1
OG0000415	WP_119259727.1	WP_229636793.1
OG0000416	WP_119259400.1	WP_229636794.1
OG0000417	WP_119259942.1	WP_229636796.1
OG0000418	WP_119259960.1	WP_229636799.1
OG0000419	WP_119260726.1	WP_040054158.1
OG0000420	WP_119260725.1	WP_229636802.1
OG0000421	WP_119261015.1	WP_040054161.1
OG0000422	WP_119259970.1	WP_229636805.1
OG0000423	WP_119260528.1	WP_229636809.1
OG0000424	WP_119260257.1	WP_040054163.1
OG0000425	WP_119259751.1	WP_229636815.1
OG0000426	WP_119260445.1	WP_229636819.1
OG0000427	WP_119260444.1	WP_040054167.1
OG0000428	WP_119260202.1	WP_229636822.1
OG0000429	WP_119260375.1	WP_229636825.1
OG0000430	WP_119259889.1	WP_229636827.1
OG0000431	WP_119260071.1	WP_229636830.1
OG0000432	WP_119260827.1	WP_229636833.1
OG0000433	WP_119260531.1	WP_229637714.1
OG0000434	WP_119260532.1	WP_040054179.1
OG0000435	WP_119260533.1	WP_229636841.1
OG0000436	WP_119260818.1	WP_229636842.1
OG0000437	WP_119260845.1	WP_229636843.1
OG0000438	WP_119259741.1	WP_229636844.1
OG0000439	WP_119259575.1	WP_229636845.1
OG0000440	WP_119259712.1	WP_229636846.1
OG0000441	WP_119260637.1	WP_229636847.1
OG0000442	WP_119259587.1	WP_040054195.1
OG0000443	WP_119259593.1	WP_229636852.1
OG0000444	WP_119259612.1	WP_040054198.1
OG0000445	WP_119259611.1	WP_040054199.1
OG0000446	WP_119259600.1	WP_040054201.1
OG0000447	WP_119260593.1	WP_040054203.1
OG0000448	WP_119259989.1	WP_040054204.1
OG0000449	WP_119259990.1	WP_040054205.1
OG0000450	WP_119260243.1	WP_040054206.1
OG0000451	WP_119260244.1	WP_229636854.1
OG0000452	WP_119259489.1	WP_040054209.1
OG0000453	WP_119260508.1	WP_229636856.1
OG0000454	WP_172582046.1	WP_229636858.1
OG0000455	WP_119260192.1	WP_229636859.1
OG0000456	WP_119259417.1	WP_229636861.1
OG0000457	WP_119260670.1	WP_229636862.1
OG0000458	WP_119259971.1	WP_040054217.1
OG0000459	WP_119259402.1	WP_229636866.1
OG0000460	WP_119261022.1	WP_229636868.1
OG0000461	WP_119260325.1	WP_040054227.1
OG0000462	WP_119260062.1	WP_229636869.1
OG0000463	WP_119259540.1	WP_229636870.1
OG0000464	WP_232014600.1	WP_040054229.1
OG0000465	WP_232014594.1	WP_229636872.1
OG0000466	WP_119259796.1	WP_229636873.1
OG0000467	WP_119260140.1	WP_229636874.1
OG0000468	WP_119260385.1	WP_040054233.1
OG0000469	WP_119259490.1	WP_229636875.1
OG0000470	WP_119259491.1	WP_040054235.1
OG0000471	WP_119259745.1	WP_261345104.1
OG0000472	WP_119259311.1	WP_229636880.1
OG0000473	WP_232014506.1	WP_040054240.1
OG0000474	WP_119259919.1	WP_229636881.1
OG0000475	WP_119260706.1	WP_229636882.1
OG0000476	WP_119260707.1	WP_229636883.1
OG0000477	WP_119259591.1	WP_229636884.1
OG0000478	WP_119259707.1	WP_229636885.1
OG0000479	WP_119259518.1	WP_229636886.1
OG0000480	WP_232014570.1	WP_229636887.1
OG0000481	WP_119259857.1	WP_040054247.1
OG0000482	WP_119260574.1	WP_229636888.1
OG0000483	WP_119260443.1	WP_040054249.1
OG0000484	WP_119260162.1	WP_229636889.1
OG0000485	WP_119260163.1	WP_040054250.1
OG0000486	WP_119260164.1	WP_229636890.1
OG0000487	WP_119260998.1	WP_229636893.1
OG0000488	WP_119260578.1	WP_229636894.1
OG0000489	WP_119260950.1	WP_040054256.1
OG0000490	WP_119260423.1	WP_229636897.1
OG0000491	WP_119259401.1	WP_229636899.1
OG0000492	WP_119260422.1	WP_229636900.1
OG0000493	WP_119259338.1	WP_229636903.1
OG0000494	WP_119260171.1	WP_229636904.1
OG0000495	WP_119260234.1	WP_229636905.1
OG0000496	WP_119260478.1	WP_040054265.1
OG0000497	WP_119260610.1	WP_229636907.1
OG0000498	WP_119260332.1	WP_040054269.1
OG0000499	WP_119259955.1	WP_040054272.1
OG0000500	WP_119260389.1	WP_229636911.1
OG0000501	WP_119260789.1	WP_040055005.1
OG0000502	WP_119259609.1	WP_229636912.1
OG0000503	WP_119260299.1	WP_040055007.1
OG0000504	WP_119260300.1	WP_229636913.1
OG0000505	WP_119260288.1	WP_229636914.1
OG0000506	WP_119260287.1	WP_229636915.1
OG0000507	WP_119260334.1	WP_229636916.1
OG0000508	WP_232014469.1	WP_229636917.1
OG0000509	WP_172582072.1	WP_229636918.1
OG0000510	WP_119261010.1	WP_040055014.1
OG0000511	WP_119260051.1	WP_040055015.1
OG0000512	WP_119260617.1	WP_040055016.1
OG0000513	WP_119260099.1	WP_229636921.1
OG0000514	WP_119260905.1	WP_229636922.1
OG0000515	WP_119260298.1	WP_229636924.1
OG0000516	WP_119260367.1	WP_229636925.1
OG0000517	WP_119259828.1	WP_229636929.1
OG0000518	WP_119260854.1	WP_229636930.1
OG0000519	WP_119260275.1	WP_040055031.1
OG0000520	WP_119260276.1	WP_229636931.1
OG0000521	WP_119259774.1	WP_040055033.1
OG0000522	WP_119259460.1	WP_229636932.1
OG0000523	WP_119259767.1	WP_229636935.1
OG0000524	WP_119259766.1	WP_040055039.1
OG0000525	WP_119259759.1	WP_229636939.1
OG0000526	WP_119259393.1	WP_040055154.1
OG0000527	WP_119259969.1	WP_040055155.1
OG0000528	WP_119259968.1	WP_229636941.1
OG0000529	WP_119260054.1	WP_229636942.1
OG0000530	WP_119259764.1	WP_229636943.1
OG0000531	WP_119260926.1	WP_229636944.1
OG0000532	WP_232014596.1	WP_040055160.1
OG0000533	WP_119259578.1	WP_229636945.1
OG0000534	WP_119259580.1	WP_040055162.1
OG0000535	WP_119259581.1	WP_261345105.1
OG0000536	WP_119260170.1	WP_229637719.1
OG0000537	WP_119259296.1	WP_229636948.1
OG0000538	WP_119259617.1	WP_040055167.1
OG0000539	WP_119260684.1	WP_229636950.1
OG0000540	WP_119260107.1	WP_229636952.1
OG0000541	WP_119259329.1	WP_229636953.1
OG0000542	WP_119259582.1	WP_229636956.1
OG0000543	WP_232014612.1	WP_229636957.1
OG0000544	WP_119260535.1	WP_229636958.1
OG0000545	WP_119260536.1	WP_040055245.1
OG0000546	WP_119260537.1	WP_229636959.1
OG0000547	WP_119260538.1	WP_229636960.1
OG0000548	WP_119260539.1	WP_229636961.1
OG0000549	WP_119260542.1	WP_229636962.1
OG0000550	WP_119260543.1	WP_229636964.1
OG0000551	WP_119260545.1	WP_040054948.1
OG0000552	WP_119260546.1	WP_229636966.1
OG0000553	WP_119260547.1	WP_229636967.1
OG0000554	WP_119260548.1	WP_229636968.1
OG0000555	WP_119260550.1	WP_040054943.1
OG0000556	WP_119260554.1	WP_040054940.1
OG0000557	WP_119260555.1	WP_040054939.1
OG0000558	WP_119260563.1	WP_229636972.1
OG0000559	WP_119260564.1	WP_040054935.1
OG0000560	WP_119260269.1	WP_229636974.1
OG0000561	WP_119260595.1	WP_040054931.1
OG0000562	WP_119260727.1	WP_229636978.1
OG0000563	WP_119260281.1	WP_040054924.1
OG0000564	WP_044105787.1	WP_040054923.1
OG0000565	WP_119260430.1	WP_229636980.1
OG0000566	WP_119259851.1	WP_229636981.1
OG0000567	WP_119260927.1	WP_229636982.1
OG0000568	WP_119259321.1	WP_040054918.1
OG0000569	WP_119261018.1	WP_040054917.1
OG0000570	WP_119260620.1	WP_229636983.1
OG0000571	WP_119260103.1	WP_229636984.1
OG0000572	WP_119260401.1	WP_040054915.1
OG0000573	WP_119260402.1	WP_040054914.1
OG0000574	WP_119259542.1	WP_229636985.1
OG0000575	WP_119260984.1	WP_040054912.1
OG0000576	WP_119260260.1	WP_040054911.1
OG0000577	WP_119259361.1	WP_229637721.1
OG0000578	WP_119259776.1	WP_229636986.1
OG0000579	WP_119259613.1	WP_040054909.1
OG0000580	WP_119260628.1	WP_229636987.1
OG0000581	WP_232014597.1	WP_229636988.1
OG0000582	WP_119260990.1	WP_040054905.1
OG0000583	WP_119260339.1	WP_229636989.1
OG0000584	WP_119259355.1	WP_229636992.1
OG0000585	WP_119260482.1	WP_229636994.1
OG0000586	WP_172582105.1	WP_012954051.1
OG0000587	WP_119260721.1	WP_229636995.1
OG0000588	WP_119260388.1	WP_229636996.1
OG0000589	WP_119259284.1	WP_040055221.1
OG0000590	WP_119260311.1	WP_229636997.1
OG0000591	WP_119260310.1	WP_040055143.1
OG0000592	WP_119260309.1	WP_229636998.1
OG0000593	WP_119260093.1	WP_229636999.1
OG0000594	WP_119259278.1	WP_229637001.1
OG0000595	WP_119260788.1	WP_229637002.1
OG0000596	WP_119259577.1	WP_040055148.1
OG0000597	WP_119260582.1	WP_229637723.1
OG0000598	WP_119260909.1	WP_229637008.1
OG0000599	WP_119260660.1	WP_229637009.1
OG0000600	WP_232014458.1	WP_229637021.1
OG0000601	WP_119259412.1	WP_229637023.1
OG0000602	WP_119259527.1	WP_229637035.1
OG0000603	WP_119260119.1	WP_040055125.1
OG0000604	WP_119260159.1	WP_040055123.1
OG0000605	WP_232014465.1	WP_229637038.1
OG0000606	WP_119260605.1	WP_040054747.1
OG0000607	WP_119260147.1	WP_229637726.1
OG0000608	WP_172582044.1	WP_229637052.1
OG0000609	WP_119260449.1	WP_229637061.1
OG0000610	WP_119260672.1	WP_040054734.1
OG0000611	WP_119260020.1	WP_040054733.1
OG0000612	WP_119259561.1	WP_040054731.1
OG0000613	WP_119259560.1	WP_040054730.1
OG0000614	WP_119259559.1	WP_229637065.1
OG0000615	WP_119260001.1	WP_229637066.1
OG0000616	WP_119259407.1	WP_229637067.1
OG0000617	WP_119260381.1	WP_229637068.1
OG0000618	WP_119259433.1	WP_040054726.1
OG0000619	WP_119259434.1	WP_229637070.1
OG0000620	WP_119261042.1	WP_040054722.1
OG0000621	WP_119260318.1	WP_229637072.1
OG0000622	WP_119260317.1	WP_229637074.1
OG0000623	WP_119260316.1	WP_229637079.1
OG0000624	WP_119260988.1	WP_229637081.1
OG0000625	WP_119259359.1	WP_229637083.1
OG0000626	WP_119260718.1	WP_229637085.1
OG0000627	WP_232014508.1	WP_229637086.1
OG0000628	WP_119260838.1	WP_229637088.1
OG0000629	WP_119259938.1	WP_229637095.1
OG0000630	WP_119260903.1	WP_229637096.1
OG0000631	WP_119260435.1	WP_012954133.1
OG0000632	WP_119259528.1	WP_229637098.1
OG0000633	WP_119260176.1	WP_040054703.1
OG0000634	WP_119260175.1	WP_229637099.1
OG0000635	WP_119259651.1	WP_229637111.1
OG0000636	WP_119259650.1	WP_040055045.1
OG0000637	WP_119259523.1	WP_229637116.1
OG0000638	WP_119259385.1	WP_040055049.1
OG0000639	WP_119261031.1	WP_229637122.1
OG0000640	WP_232014498.1	WP_040055054.1
OG0000641	WP_119259465.1	WP_229637125.1
OG0000642	WP_119259535.1	WP_229637127.1
OG0000643	WP_119259290.1	WP_229637142.1
OG0000644	WP_119259864.1	WP_040055066.1
OG0000645	WP_119260943.1	WP_229637164.1
OG0000646	WP_119259948.1	WP_229637166.1
OG0000647	WP_119259740.1	WP_229637168.1
OG0000648	WP_119259445.1	WP_229637170.1
OG0000649	WP_119259730.1	WP_229637171.1
OG0000650	WP_119260754.1	WP_229637173.1
OG0000651	WP_119260755.1	WP_040055072.1
OG0000652	WP_119259454.1	WP_040055073.1
OG0000653	WP_119259797.1	WP_229637177.1
OG0000654	WP_172582119.1	WP_229637179.1
OG0000655	WP_119259565.1	WP_229637181.1
OG0000656	WP_119260322.1	WP_229637182.1
OG0000657	WP_119260155.1	WP_229637731.1
OG0000658	WP_119259346.1	WP_040055199.1
OG0000659	WP_119259693.1	WP_229637183.1
OG0000660	WP_119260139.1	WP_040055196.1
OG0000661	WP_119260377.1	WP_229637184.1
OG0000662	WP_232014608.1	WP_229637732.1
OG0000663	WP_119259319.1	WP_229637187.1
OG0000664	WP_119259996.1	WP_229637195.1
OG0000665	WP_119259877.1	WP_229637199.1
OG0000666	WP_119260200.1	WP_040054393.1
OG0000667	WP_119260199.1	WP_040054392.1
OG0000668	WP_119260197.1	WP_229637202.1
OG0000669	WP_044107444.1	WP_040054389.1
OG0000670	WP_119260529.1	WP_229637203.1
OG0000671	WP_119260328.1	WP_229637204.1
OG0000672	WP_119260368.1	WP_229637205.1
OG0000673	WP_119260830.1	WP_229637206.1
OG0000674	WP_119259964.1	WP_229637207.1
OG0000675	WP_119260596.1	WP_229637208.1
OG0000676	WP_119260597.1	WP_229637209.1
OG0000677	WP_119260598.1	WP_229637210.1
OG0000678	WP_119260599.1	WP_229637211.1
OG0000679	WP_119260600.1	WP_229637212.1
OG0000680	WP_119259926.1	WP_229637213.1
OG0000681	WP_119259924.1	WP_040054376.1
OG0000682	WP_119259923.1	WP_229637214.1
OG0000683	WP_119259922.1	WP_229637215.1
OG0000684	WP_119259921.1	WP_229637216.1
OG0000685	WP_119259543.1	WP_040054372.1
OG0000686	WP_119260307.1	WP_229637217.1
OG0000687	WP_119260677.1	WP_040054370.1
OG0000688	WP_119259606.1	WP_229637218.1
OG0000689	WP_119260212.1	WP_229637219.1
OG0000690	WP_119259840.1	WP_040054366.1
OG0000691	WP_119259806.1	WP_229637221.1
OG0000692	WP_119260392.1	WP_040054363.1
OG0000693	WP_119259632.1	WP_229637222.1
OG0000694	WP_119259773.1	WP_229637223.1
OG0000695	WP_119259772.1	WP_040054359.1
OG0000696	WP_232014559.1	WP_229637224.1
OG0000697	WP_119259837.1	WP_229637227.1
OG0000698	WP_172582035.1	WP_229637228.1
OG0000699	WP_119260516.1	WP_229637229.1
OG0000700	WP_232014564.1	WP_229637230.1
OG0000701	WP_119259812.1	WP_229637231.1
OG0000702	WP_119259813.1	WP_229637232.1
OG0000703	WP_119261044.1	WP_040054348.1
OG0000704	WP_119260613.1	WP_229637236.1
OG0000705	WP_119260462.1	WP_229637237.1
OG0000706	WP_119259404.1	WP_229637238.1
OG0000707	WP_119260901.1	WP_229637239.1
OG0000708	WP_119259519.1	WP_229637241.1
OG0000709	WP_119260642.1	WP_040054338.1
OG0000710	WP_119260636.1	WP_229637242.1
OG0000711	WP_119260216.1	WP_229637734.1
OG0000712	WP_119260214.1	WP_229637248.1
OG0000713	WP_172582023.1	WP_229637250.1
OG0000714	WP_044107668.1	WP_229637251.1
OG0000715	WP_119260624.1	WP_229637736.1
OG0000716	WP_119260911.1	WP_040054329.1
OG0000717	WP_119260203.1	WP_040054327.1
OG0000718	WP_119259604.1	WP_229637254.1
OG0000719	WP_119260081.1	WP_229637257.1
OG0000720	WP_119260082.1	WP_040054321.1
OG0000721	WP_119260440.1	WP_229637258.1
OG0000722	WP_119260793.1	WP_229637259.1
OG0000723	WP_119260832.1	WP_229637260.1
OG0000724	WP_119259534.1	WP_229637261.1
OG0000725	WP_119259305.1	WP_229637262.1
OG0000726	WP_119259920.1	WP_229637263.1
OG0000727	WP_119260333.1	WP_040054310.1
OG0000728	WP_119260400.1	WP_229637265.1
OG0000729	WP_119259720.1	WP_040054306.1
OG0000730	WP_119259719.1	WP_229637268.1
OG0000731	WP_119259476.1	WP_229637269.1
OG0000732	WP_119259477.1	WP_040054304.1
OG0000733	WP_119260715.1	WP_229637271.1
OG0000734	WP_119261050.1	WP_040054301.1
OG0000735	WP_119260794.1	WP_229637272.1
OG0000736	WP_119259532.1	WP_229637273.1
OG0000737	WP_119259282.1	WP_229637274.1
OG0000738	WP_119260518.1	WP_229637275.1
OG0000739	WP_119260631.1	WP_040054294.1
OG0000740	WP_119260632.1	WP_040054293.1
OG0000741	WP_119260633.1	WP_229637278.1
OG0000742	WP_119260634.1	WP_040054292.1
OG0000743	WP_119260635.1	WP_229637279.1
OG0000744	WP_119260583.1	WP_229637280.1
OG0000745	WP_119260687.1	WP_229637281.1
OG0000746	WP_119259513.1	WP_229637284.1
OG0000747	WP_119259694.1	WP_040054848.1
OG0000748	WP_119260812.1	WP_229637287.1
OG0000749	WP_119260041.1	WP_229637288.1
OG0000750	WP_119260042.1	WP_040054856.1
OG0000751	WP_119260457.1	WP_012954334.1
OG0000752	WP_119260458.1	WP_040054842.1
OG0000753	WP_119259795.1	WP_229637289.1
OG0000754	WP_119260522.1	WP_229637290.1
OG0000755	WP_232014495.1	WP_229637292.1
OG0000756	WP_119259620.1	WP_229637293.1
OG0000757	WP_119259619.1	WP_229637294.1
OG0000758	WP_119259868.1	WP_229637295.1
OG0000759	WP_119260376.1	WP_229637296.1
OG0000760	WP_119259496.1	WP_040054832.1
OG0000761	WP_119260651.1	WP_229637298.1
OG0000762	WP_119259691.1	WP_040054827.1
OG0000763	WP_119259318.1	WP_229637300.1
OG0000764	WP_119260148.1	WP_229637301.1
OG0000765	WP_119260149.1	WP_040054823.1
OG0000766	WP_044106871.1	WP_040054822.1
OG0000767	WP_119259867.1	WP_040054821.1
OG0000768	WP_119260118.1	WP_229637303.1
OG0000769	WP_232014607.1	WP_229637304.1
OG0000770	WP_119260091.1	WP_229637306.1
OG0000771	WP_119260019.1	WP_229637308.1
OG0000772	WP_119260393.1	WP_229637309.1
OG0000773	WP_119260496.1	WP_229637310.1
OG0000774	WP_119259929.1	WP_229637312.1
OG0000775	WP_119259480.1	WP_229637313.1
OG0000776	WP_119260395.1	WP_229637314.1
OG0000777	WP_119260512.1	WP_040054808.1
OG0000778	WP_172582073.1	WP_229637315.1
OG0000779	WP_119260969.1	WP_229637318.1
OG0000780	WP_119260662.1	WP_229637319.1
OG0000781	WP_119259615.1	WP_229637323.1
OG0000782	WP_119259908.1	WP_229637325.1
OG0000783	WP_232014574.1	WP_229637326.1
OG0000784	WP_232014586.1	WP_229637331.1
OG0000785	WP_119259657.1	WP_229637332.1
OG0000786	WP_119259658.1	WP_040054608.1
OG0000787	WP_119259659.1	WP_040054607.1
OG0000788	WP_119259660.1	WP_229637333.1
OG0000789	WP_119259661.1	WP_229637334.1
OG0000790	WP_119259662.1	WP_229637335.1
OG0000791	WP_119259663.1	WP_040054603.1
OG0000792	WP_119259664.1	WP_040054602.1
OG0000793	WP_119259665.1	WP_229637336.1
OG0000794	WP_119259667.1	WP_040054599.1
OG0000795	WP_119259668.1	WP_040054598.1
OG0000796	WP_119259669.1	WP_229637338.1
OG0000797	WP_119259670.1	WP_040054596.1
OG0000798	WP_119259671.1	WP_040054595.1
OG0000799	WP_119259672.1	WP_229637339.1
OG0000800	WP_119259673.1	WP_040054593.1
OG0000801	WP_119259674.1	WP_229637340.1
OG0000802	WP_119259675.1	WP_229637341.1
OG0000803	WP_119259676.1	WP_040054590.1
OG0000804	WP_085433775.1	WP_012954409.1
OG0000805	WP_119259677.1	WP_040054589.1
OG0000806	WP_044106045.1	WP_012954411.1
OG0000807	WP_119260921.1	WP_040054588.1
OG0000808	WP_119259678.1	WP_229637343.1
OG0000809	WP_119259679.1	WP_229637738.1
OG0000810	WP_119259680.1	WP_040054585.1
OG0000811	WP_119259683.1	WP_229637345.1
OG0000812	WP_119260178.1	WP_229637348.1
OG0000813	WP_119260045.1	WP_229637349.1
OG0000814	WP_119260044.1	WP_229637350.1
OG0000815	WP_119259827.1	WP_229637351.1
OG0000816	WP_119259621.1	WP_229637353.1
OG0000817	WP_172582063.1	WP_229637356.1
OG0000818	WP_119260577.1	WP_229637357.1
OG0000819	WP_172582002.1	WP_229637360.1
OG0000820	WP_172582001.1	WP_229637361.1
OG0000821	WP_119259742.1	WP_229637739.1
OG0000822	WP_232014598.1	WP_040054564.1
OG0000823	WP_119260654.1	WP_229637363.1
OG0000824	WP_119260115.1	WP_229637364.1
OG0000825	WP_119259932.1	WP_040054557.1
OG0000826	WP_119259654.1	WP_229637367.1
OG0000827	WP_119260863.1	WP_229637741.1
OG0000828	WP_119260247.1	WP_229637369.1
OG0000829	WP_119260409.1	WP_229637371.1
OG0000830	WP_119260408.1	WP_040054551.1
OG0000831	WP_119260953.1	WP_229637372.1
OG0000832	WP_119260585.1	WP_229637375.1
OG0000833	WP_119260452.1	WP_040054544.1
OG0000834	WP_119259811.1	WP_040054542.1
OG0000835	WP_119259934.1	WP_229637378.1
OG0000836	WP_119259382.1	WP_229637379.1
OG0000837	WP_119260370.1	WP_229637380.1
OG0000838	WP_119260022.1	WP_229637381.1
OG0000839	WP_119260835.1	WP_229637382.1
OG0000840	WP_119259279.1	WP_229637383.1
OG0000841	WP_119259281.1	WP_229637384.1
OG0000842	WP_119260751.1	WP_229637386.1
OG0000843	WP_119260114.1	WP_040054529.1
OG0000844	WP_119259906.1	WP_229637387.1
OG0000845	WP_119259905.1	WP_229637388.1
OG0000846	WP_119260230.1	WP_229637389.1
OG0000847	WP_119259739.1	WP_229637393.1
OG0000848	WP_119259737.1	WP_040054623.1
OG0000849	WP_197715884.1	WP_229637396.1
OG0000850	WP_119259376.1	WP_229637400.1
OG0000851	WP_119259375.1	WP_040054901.1
OG0000852	WP_119260184.1	WP_229637401.1
OG0000853	WP_119260186.1	WP_229637403.1
OG0000854	WP_119260235.1	WP_229637405.1
OG0000855	WP_119260592.1	WP_229637407.1
OG0000856	WP_119261041.1	WP_229637410.1
OG0000857	WP_119259724.1	WP_229637412.1
OG0000858	WP_119260151.1	WP_229637414.1
OG0000859	WP_119260646.1	WP_229637415.1
OG0000860	WP_119260090.1	WP_040054885.1
OG0000861	WP_119260179.1	WP_040054884.1
OG0000862	WP_119260386.1	WP_261345101.1
OG0000863	WP_119259598.1	WP_229637419.1
OG0000864	WP_119259750.1	WP_229637420.1
OG0000865	WP_119260630.1	WP_229637421.1
OG0000866	WP_119260397.1	WP_229637422.1
OG0000867	WP_119260398.1	WP_229637423.1
OG0000868	WP_119260321.1	WP_040054872.1
OG0000869	WP_119260804.1	WP_229637425.1
OG0000870	WP_119260293.1	WP_229637426.1
OG0000871	WP_119259820.1	WP_040054867.1
OG0000872	WP_119259821.1	WP_229637428.1
OG0000873	WP_119259746.1	WP_229637429.1
OG0000874	WP_119259365.1	WP_229637430.1
OG0000875	WP_119260616.1	WP_229637434.1
OG0000876	WP_119259548.1	WP_040054859.1
OG0000877	WP_119259547.1	WP_040054858.1
OG0000878	WP_119260850.1	WP_040055229.1
OG0000879	WP_119260383.1	WP_040055230.1
OG0000880	WP_232014485.1	WP_229637435.1
OG0000881	WP_119259537.1	WP_040055232.1
OG0000882	WP_119260848.1	WP_040054501.1
OG0000883	WP_119260283.1	WP_040054500.1
OG0000884	WP_119260282.1	WP_040054499.1
OG0000885	WP_119260847.1	WP_229637438.1
OG0000886	WP_119260337.1	WP_229637439.1
OG0000887	WP_119259453.1	WP_229637440.1
OG0000888	WP_119259869.1	WP_229637441.1
OG0000889	WP_119260017.1	WP_229637444.1
OG0000890	WP_119259352.1	WP_229637445.1
OG0000891	WP_119260852.1	WP_229637446.1
OG0000892	WP_119260817.1	WP_229637447.1
OG0000893	WP_119260143.1	WP_040054485.1
OG0000894	WP_119260109.1	WP_040054484.1
OG0000895	WP_119260965.1	WP_040054483.1
OG0000896	WP_119260110.1	WP_229637450.1
OG0000897	WP_119259386.1	WP_229637452.1
OG0000898	WP_119260504.1	WP_229637453.1
OG0000899	WP_119259348.1	WP_229637454.1
OG0000900	WP_119259349.1	WP_229637455.1
OG0000901	WP_119260580.1	WP_229637457.1
OG0000902	WP_119260579.1	WP_229637458.1
OG0000903	WP_119260426.1	WP_040054474.1
OG0000904	WP_119260425.1	WP_229637459.1
OG0000905	WP_119260978.1	WP_229637461.1
OG0000906	WP_119260168.1	WP_229637693.1
OG0000907	WP_119259551.1	WP_229637462.1
OG0000908	WP_119260877.1	WP_229637463.1
OG0000909	WP_119261001.1	WP_229637464.1
OG0000910	WP_119259945.1	WP_229637465.1
OG0000911	WP_119260421.1	WP_040054466.1
OG0000912	WP_119259645.1	WP_229637469.1
OG0000913	WP_119259975.1	WP_040054459.1
OG0000914	WP_119259716.1	WP_229637471.1
OG0000915	WP_119259941.1	WP_229637472.1
OG0000916	WP_119260009.1	WP_040054456.1
OG0000917	WP_119259418.1	WP_229637474.1
OG0000918	WP_172582032.1	WP_040054454.1
OG0000919	WP_119260696.1	WP_040054453.1
OG0000920	WP_232014565.1	WP_229637475.1
OG0000921	WP_119260360.1	WP_229637477.1
OG0000922	WP_119260474.1	WP_229637478.1
OG0000923	WP_119259622.1	WP_040054448.1
OG0000924	WP_119261040.1	WP_229637480.1
OG0000925	WP_119259952.1	WP_229637481.1
OG0000926	WP_119260767.1	WP_229637483.1
OG0000927	WP_119260693.1	WP_229637488.1
OG0000928	WP_119259792.1	WP_229637491.1
OG0000929	WP_119260101.1	WP_040055239.1
OG0000930	WP_119260524.1	WP_229637505.1
OG0000931	WP_119259824.1	WP_040054419.1
OG0000932	WP_119260250.1	WP_040054415.1
OG0000933	WP_119259541.1	WP_040055187.1
OG0000934	WP_232014545.1	WP_229637538.1
OG0000935	WP_119259950.1	WP_229637700.1
OG0000936	WP_119259698.1	WP_229637701.1
OG0000937	WP_119260218.1	WP_229637580.1
OG0000938	WP_232014504.1	WP_229637703.1
OG0000939	WP_119259636.1	WP_229637593.1
OG0000940	WP_119260958.1	WP_229637599.1
OG0000941	WP_119259904.1	WP_040054999.1
OG0000942	WP_119259340.1	WP_229637670.1
OG0000943	WP_119259756.1	WP_229637674.1
OG0000944	WP_119261027.1	WP_040054151.1
OG0000945	WP_119260313.1	WP_229636795.1
OG0000946	WP_119261038.1	WP_040054165.1
OG0000947	WP_119259459.1	WP_229636937.1
OG0000948	WP_119260549.1	WP_229636969.1
OG0000949	WP_119260553.1	WP_229636970.1
OG0000950	WP_119260084.1	WP_229637010.1
OG0000951	WP_119259432.1	WP_229637069.1
OG0000952	WP_119260174.1	WP_229637100.1
OG0000953	WP_119260405.1	WP_229637133.1
OG0000954	WP_119260530.1	WP_229637733.1
OG0000955	WP_119260892.1	WP_229637233.1
OG0000956	WP_119260573.1	WP_040054330.1
OG0000957	WP_232014592.1	WP_229637256.1
OG0000958	WP_119260399.1	WP_229637266.1
OG0000959	WP_119260606.1	WP_040054297.1
OG0000960	WP_119260358.1	WP_229637305.1
OG0000961	WP_119259681.1	WP_040054584.1
OG0000962	WP_119259395.1	WP_229637358.1
OG0000964	WP_119260655.1	WP_229637404.1
OG0000965	WP_119260294.1	WP_229637427.1
OG0000966	WP_119260427.1	WP_229637448.1
OG0000967	WP_119260424.1	WP_040054472.1
OG0000968	WP_119260473.1	WP_229637479.1
OG0000969	WP_119260799.1	WP_229637695.1
OG0000970	WP_119261036.1	WP_229637533.1
OG0000971	WP_119260442.1	WP_040055210.1
OG0000972	WP_119260675.1	WP_229637606.1
OG0000973	WP_119259777.1	WP_229637706.1
OG0000974	WP_119260345.1	WP_040054763.1
OG0000975	WP_119260095.1	WP_040054752.1
OG0000976	WP_119260929.1	WP_229637708.1
OG0000977	WP_232014618.1	WP_229637709.1
OG0000978	WP_119259357.1	WP_229637673.1
OG0000979	WP_119259841.1	WP_229636923.1
OG0000980	WP_119259414.1	WP_040055166.1
OG0000981	WP_119259779.1	WP_040055169.1
OG0000982	WP_119260432.1	WP_040055247.1
OG0000983	WP_119260552.1	WP_229637720.1
OG0000984	WP_119260233.1	WP_040054920.1
OG0000985	WP_119260342.1	WP_229636991.1
OG0000986	WP_119260717.1	WP_229637728.1
OG0000987	WP_119259951.1	WP_229637132.1
OG0000988	WP_119260274.1	WP_229637247.1
OG0000989	WP_119259871.1	WP_040054318.1
OG0000990	WP_119259350.1	WP_229637456.1
OG0000991	WP_119259697.1	WP_229637562.1
OG0000992	WP_119259954.1	WP_229637663.1
OG0000993	WP_119260068.1	WP_229636787.1
OG0000994	WP_119261025.1	WP_040054697.1
OG0000995	WP_119260271.1	WP_261345103.1
OG0000996	WP_119259325.1	WP_229636864.1
OG0000997	WP_119260949.1	WP_229637694.1
OG0000998	WP_119259863.1	WP_229637163.1
OG0000999	WP_119260878.1	WP_229637291.1
OG0001000	WP_119260177.1	WP_071813731.1
OG0001001	WP_119260125.1	WP_229637347.1
OG0001002	WP_119259791.1	WP_229637490.1
OG0001003	WP_119259449.1	WP_229637724.1
OG0001004	WP_119259902.1	WP_229637255.1
OG0001005	WP_119259394.1	WP_229637359.1
OG0001006	WP_119259702.1	WP_229636850.1
OG0001007	WP_119259337.1	WP_229636902.1
OG0001008	WP_119260766.1	WP_229637482.1
OG0001009	WP_119259690.1	WP_040055092.1
OG0001010	WP_119260297.1	WP_229636949.1
OG0001011	WP_119260989.1	WP_229637712.1
OG0001012	WP_119260980.1	WP_229637717.1
OG0001013	WP_119260859.1	WP_229637391.1
OG0001014	WP_119259503.1	WP_040054879.1
OG0001015	WP_232014549.1	WP_229637036.1
OG0001016	WP_119259471.1	WP_040054707.1
OG0001017	WP_119259946.1	WP_229637124.1
OG0001018	WP_119259925.1	WP_040054377.1
OG0001019	WP_119260357.1	WP_229637436.1
OG0001020	WP_119260058.1	WP_229637542.1
OG0001021	WP_119259392.1	WP_229637699.1
OG0001022	WP_172582039.1	WP_229636828.1
OG0001023	WP_119260208.1	WP_229637514.1
OG0001024	WP_119260568.1	WP_229637518.1
OG0001025	WP_119260890.1	WP_229637698.1
OG0001026	WP_119259273.1	WP_229637539.1
OG0001027	WP_119259603.1	WP_229637618.1
OG0001029	WP_119260338.1	WP_040054906.1
OG0001030	WP_232014619.1	WP_229637722.1
OG0001031	WP_232014589.1	WP_229637730.1
OG0001032	WP_119260215.1	WP_229637735.1
OG0001033	WP_119259687.1	WP_229637267.1
OG0001034	WP_119259377.1	WP_229637354.1
OG0001035	WP_119260000.1	WP_229637373.1
OG0001036	WP_172582121.1	WP_229637742.1
OG0001042	WP_119260849.1	WP_229637390.1
OG0001066	WP_119260808.1	WP_229637327.1
OG0001071	WP_119259448.1	WP_229637493.1
OG0001075	WP_232014478.1	WP_229637697.1
OG0001077	WP_232014497.1	WP_229637570.1
OG0001078	WP_119259721.1	WP_229637578.1
OG0001079	WP_119259586.1	WP_040055099.1
OG0001080	WP_119260674.1	WP_229637605.1
OG0001081	WP_119260759.1	WP_229637656.1
OG0001082	WP_119260681.1	WP_229637676.1
OG0001083	WP_119260194.1	WP_229637686.1
OG0001084	WP_119260947.1	WP_229637713.1
OG0001085	WP_119259635.1	WP_229636789.1
OG0001087	WP_119259715.1	WP_229636811.1
OG0001088	WP_119259610.1	WP_229636853.1
OG0001089	WP_119259427.1	WP_229636867.1
OG0001091	WP_119259484.1	WP_229637716.1
OG0001092	WP_119259890.1	WP_229636906.1
OG0001096	WP_119260499.1	WP_229636933.1
OG0001097	WP_119259495.1	WP_040055036.1
OG0001101	WP_119259323.1	WP_229637006.1
OG0001102	WP_119259550.1	WP_229637007.1
OG0001103	WP_232014500.1	WP_229637042.1
OG0001104	WP_119260889.1	WP_229637046.1
OG0001105	WP_172582068.1	WP_229637094.1
OG0001106	WP_119259783.1	WP_040054704.1
OG0001107	WP_119259524.1	WP_229637114.1
OG0001108	WP_119260948.1	WP_040055055.1
OG0001109	WP_119259700.1	WP_040055060.1
OG0001110	WP_119259701.1	WP_229637140.1
OG0001111	WP_119259288.1	WP_229637160.1
OG0001112	WP_172582019.1	WP_229637743.1
OG0001113	WP_119260603.1	WP_229637174.1
OG0001115	WP_119260361.1	WP_040054365.1
OG0001116	WP_119259497.1	WP_229637226.1
OG0001117	WP_119260771.1	WP_229637234.1
OG0001119	WP_119259515.1	WP_229637276.1
OG0001120	WP_119260023.1	WP_229637302.1
OG0001121	WP_119260663.1	WP_229637320.1
OG0001122	WP_119259911.1	WP_229637324.1
OG0001123	WP_119260131.1	WP_229637330.1
OG0001124	WP_119259682.1	WP_229637344.1
OG0001125	WP_119260182.1	WP_229637352.1
OG0001126	WP_119260885.1	WP_229637740.1
OG0001127	WP_119259280.1	WP_040054533.1
OG0001128	WP_119259967.1	WP_229637392.1
OG0001131	WP_119260185.1	WP_229637402.1
OG0001132	WP_119260120.1	WP_229637408.1
OG0001134	WP_119259413.1	WP_229637443.1
OG0001135	WP_119260016.1	WP_040054492.1
OG0001136	WP_119260410.1	WP_229637449.1
OG0001137	WP_119259569.1	WP_229637451.1
OG0001138	WP_119260420.1	WP_229637466.1
OG0001139	WP_232014573.1	WP_229637476.1
OG0001140	WP_119260291.1	WP_229637484.1
OG0001141	WP_119259292.1	WP_229637485.1
OG0001143	WP_119259289.1	WP_229637153.1
OG0001144	WP_119259912.1	WP_229637661.1
OG0001147	WP_119260920.1	WP_229637342.1
OG0001148	WP_119259573.1	WP_229637362.1
OG0001149	WP_119259846.1	WP_229637370.1
OG0001150	WP_119259972.1	WP_040054218.1
OG0001163	WP_119260108.1	WP_229636951.1
OG0001167	WP_119260136.1	WP_229637317.1
OG0001179	WP_119260126.1	WP_229637346.1
OG0001180	WP_119259666.1	WP_229637337.1
OG0001183	WP_119260979.1	WP_040054880.1
OG0001187	WP_119260507.1	WP_229636857.1
OG0001189	WP_119261023.1	WP_229637664.1
OG0001190	WP_172582031.1	WP_229637411.1
OG0001197	WP_119260217.1	WP_229637004.1
OG0001202	WP_119259514.1	WP_229637277.1
OG0001203	WP_119260043.1	WP_229637185.1
OG0001204	WP_119260094.1	WP_040055112.1
OG0001205	WP_119259442.1	WP_040054995.1
OG0001221	WP_119260278.1	WP_229637534.1
OG0001222	WP_119259562.1	WP_040054732.1
OG0001224	WP_119260729.1	WP_229636975.1
OG0001225	WP_172582085.1	WP_229636977.1
OG0001230	WP_119259710.1	WP_040054189.1
OG0001239	WP_119260213.1	WP_229637249.1
OG0001240	WP_119260446.1	WP_229637516.1
OG0001241	WP_119260983.1	WP_229637307.1
OG0001242	WP_172582075.1	WP_229636963.1
OG0001243	WP_119260308.1	WP_229637680.1
OG0001245	WP_119260694.1	WP_229637487.1
OG0001252	WP_232014490.1	WP_229637651.1
OG0001254	WP_119259785.1	WP_229636800.1
OG0001262	WP_119260728.1	WP_229636976.1
OG0001265	WP_119259398.1	WP_229637677.1
OG0001304	WP_119259647.1	WP_229637321.1
OG0001305	WP_232014555.1	WP_229637322.1
OG0001794	WP_119259893.1	WP_229636908.1
