Orthogroup	cyanobacterium_endosymbiont_of_Rhopalodia_gibberula_RgSB_GCF_003574135.1_protein	Candidatus_Atelocyanobacterium_thalassa_isolate_ALOHA_GCF_000025125.1_protein
OG0000002	WP_119260188.1	WP_012954598.1
OG0000002	WP_119260492.1	WP_012953902.1
OG0000002	WP_119259283.1	WP_012954277.1
OG0000004	WP_119260999.1	WP_012953566.1
OG0000004	WP_172582107.1	WP_012953905.1
OG0000005	WP_119260956.1	WP_012953853.1
OG0000005	WP_119260937.1	WP_236608132.1
OG0000005	WP_119259336.1	WP_012953908.1
OG0000006	WP_119259854.1	WP_012954347.1
OG0000006	WP_232014621.1	WP_236608133.1
OG0000006	WP_119260741.1	WP_012954085.1
OG0000009	WP_232014601.1	WP_236608145.1
OG0000009	WP_119260356.1	WP_012954549.1
OG0000009	WP_119260673.1	WP_012954099.1
OG0000010	WP_232014554.1, WP_232014529.1, WP_232014569.1	WP_148207764.1
OG0000011	WP_119259714.1	WP_012953813.1
OG0000011	WP_119259713.1	WP_012953814.1
OG0000012	WP_119259605.1, WP_119259430.1, WP_119259554.1	WP_012953833.1
OG0000013	WP_119259368.1	WP_012954435.1, WP_012954458.1
OG0000016	WP_119259995.1	WP_012954196.1
OG0000016	WP_172582113.1	WP_012953920.1
OG0000017	WP_119260749.1	WP_012954021.1
OG0000018	WP_119260137.1	WP_012954371.1
OG0000018	WP_119261003.1	WP_041487851.1
OG0000019	WP_119260781.1	WP_012954511.1
OG0000019	WP_119259544.1	WP_012954465.1
OG0000020	WP_119260686.1	WP_012954493.1
OG0000020	WP_119259726.1	WP_012954617.1
OG0000023	WP_172582091.1	WP_012953903.1
OG0000023	WP_232014562.1	WP_012953663.1
OG0000024	WP_119260719.1	WP_012953822.1
OG0000024	WP_119260198.1	WP_012954203.1
OG0000025	WP_119260007.1	WP_012954605.1
OG0000025	WP_232014617.1	WP_012954012.1
OG0000026	WP_119260685.1	WP_012954492.1
OG0000026	WP_119260046.1	WP_012954473.1
OG0000027	WP_119259976.1, WP_119259917.1, WP_119260154.1	WP_012954599.1
OG0000029	WP_119260733.1	WP_012953989.1
OG0000029	WP_119259947.1	WP_012953539.1
OG0000030	WP_119259648.1	WP_012953557.1
OG0000030	WP_119259909.1	WP_012954379.1
OG0000031	WP_119260688.1	WP_012953575.1
OG0000031	WP_119259913.1	WP_012953713.1
OG0000032	WP_119260873.1	WP_012954150.1
OG0000032	WP_119260872.1	WP_012953697.1
OG0000033	WP_119259703.1	WP_012953707.1
OG0000033	WP_119260305.1	WP_012953739.1
OG0000034	WP_119260826.1	WP_012953804.1
OG0000034	WP_119260434.1	WP_012954134.1
OG0000035	WP_119260594.1	WP_012953848.1
OG0000036	WP_119259478.1	WP_012954303.1
OG0000036	WP_119260939.1	WP_012953897.1
OG0000037	WP_012596483.1	WP_012954143.1
OG0000037	WP_044106680.1	WP_012953946.1
OG0000038	WP_119259763.1	WP_012954152.1
OG0000038	WP_119259891.1	WP_012954490.1
OG0000039	WP_119260189.1	WP_041487756.1
OG0000042	WP_119259761.1	WP_012954383.1
OG0000042	WP_119260165.1	WP_012953591.1
OG0000043	WP_119259814.1	WP_012953735.1
OG0000044	WP_119260541.1, WP_119260205.1	WP_012954151.1
OG0000045	WP_119260072.1	WP_041487776.1
OG0000045	WP_119260647.1	WP_012954240.1
OG0000046	WP_119259760.1	WP_012954346.1
OG0000047	WP_232014522.1, WP_119259935.1	WP_012954451.1
OG0000048	WP_232014479.1	WP_012954563.1
OG0000048	WP_119259709.1	WP_012954519.1
OG0000059	WP_119260833.1	WP_012954288.1
OG0000059	WP_119259574.1	WP_012953458.1
OG0000060	WP_119260710.1	WP_012954208.1
OG0000060	WP_119260862.1	WP_012953512.1
OG0000061	WP_119260502.1	WP_012953763.1
OG0000062	WP_119259725.1, WP_119260134.1	WP_012954326.1
OG0000063	WP_119259384.1, WP_119260837.1	WP_041487853.1
OG0000064	WP_119260791.1, WP_119259307.1	WP_148207785.1
OG0000070	WP_119260379.1, WP_119260128.1	WP_012953446.1
OG0000071	WP_119259630.1	WP_012953550.1
OG0000072	WP_172582111.1	WP_012953641.1
OG0000073	WP_119260779.1	WP_012953881.1
OG0000074	WP_119260366.1	WP_012953945.1
OG0000075	WP_232014463.1, WP_232014543.1	WP_012954131.1
OG0000076	WP_119259287.1	WP_012954166.1
OG0000078	WP_232014580.1, WP_172582033.1	WP_012954199.1
OG0000079	WP_119260352.1	WP_012954251.1
OG0000080	WP_119259439.1	WP_012954536.1
OG0000081	WP_119259308.1	WP_236608128.1
OG0000082	WP_119259749.1	WP_236608146.1
OG0000094	WP_119260417.1	WP_012953567.1
OG0000095	WP_119259501.1	WP_012953632.1
OG0000096	WP_119260816.1	WP_012953805.1
OG0000097	WP_119259962.1	WP_012953824.1
OG0000098	WP_119259403.1	WP_012953857.1
OG0000099	WP_119259769.1	WP_012953879.1
OG0000100	WP_119260962.1	WP_012953948.1
OG0000101	WP_119260059.1	WP_012953951.1
OG0000102	WP_119260566.1	WP_012954016.1
OG0000103	WP_119260060.1	WP_012954081.1
OG0000105	WP_119259327.1	WP_012954239.1
OG0000106	WP_119259748.1	WP_012954273.1
OG0000107	WP_119259999.1	WP_012954461.1
OG0000108	WP_119259312.1	WP_201763759.1
OG0000126	WP_119260105.1	WP_012953467.1
OG0000127	WP_119260590.1	WP_012953486.1
OG0000128	WP_119259451.1	WP_012953487.1
OG0000129	WP_119259353.1	WP_012953538.1
OG0000130	WP_119259949.1	WP_012953540.1
OG0000131	WP_119260796.1	WP_012953542.1
OG0000132	WP_119260138.1	WP_012953547.1
OG0000133	WP_119259631.1	WP_012953549.1
OG0000134	WP_085435268.1	WP_012953554.1
OG0000135	WP_172582017.1	WP_012953568.1
OG0000136	WP_119260814.1	WP_012953618.1
OG0000137	WP_119260861.1	WP_012953643.1
OG0000138	WP_119260211.1	WP_012953653.1
OG0000139	WP_119260344.1	WP_012953656.1
OG0000140	WP_119259276.1	WP_012953675.1
OG0000141	WP_232014582.1, WP_172582034.1	WP_012953704.1
OG0000142	WP_119260519.1	WP_012953721.1
OG0000143	WP_119259464.1	WP_012953759.1
OG0000144	WP_119260364.1	WP_012953800.1
OG0000145	WP_119259474.1	WP_012953802.1
OG0000146	WP_119259711.1	WP_012953816.1
OG0000147	WP_119259830.1	WP_012953839.1
OG0000148	WP_119260439.1	WP_012953867.1
OG0000149	WP_119260460.1	WP_012953877.1
OG0000150	WP_119259768.1	WP_012953880.1
OG0000151	WP_119260111.1	WP_012953898.1
OG0000153	WP_119259849.1	WP_012953964.1
OG0000154	WP_119260544.1	WP_012954001.1
OG0000155	WP_119259517.1	WP_012954049.1
OG0000156	WP_119260761.1	WP_012954068.1
OG0000157	WP_119260618.1	WP_012954077.1
OG0000158	WP_119260894.1	WP_012954084.1
OG0000159	WP_119259285.1	WP_012954089.1
OG0000160	WP_119259391.1	WP_012954180.1
OG0000161	WP_119259992.1	WP_012954195.1
OG0000162	WP_119259556.1	WP_012954261.1
OG0000163	WP_119260773.1	WP_012954275.1
OG0000164	WP_119260787.1	WP_012954295.1
OG0000165	WP_119260494.1	WP_012954365.1
OG0000166	WP_119260841.1	WP_012954421.1
OG0000167	WP_119260047.1	WP_012954429.1
OG0000168	WP_119259684.1	WP_012954447.1
OG0000169	WP_119259461.1	WP_012954453.1
OG0000170	WP_119260038.1	WP_012954477.1
OG0000171	WP_119260150.1	WP_012954512.1
OG0000172	WP_119259500.1	WP_012954517.1
OG0000173	WP_119260320.1	WP_012954528.1
OG0000174	WP_232014546.1	WP_012954538.1
OG0000175	WP_172582112.1	WP_012954626.1
OG0000176	WP_119259626.1	WP_041487708.1
OG0000177	WP_119260063.1	WP_041487725.1
OG0000178	WP_119260823.1	WP_041487734.1
OG0000179	WP_119259444.1	WP_041487762.1
OG0000180	WP_119259733.1	WP_041487770.1
OG0000181	WP_119260699.1	WP_041487801.1
OG0000182	WP_119259961.1	WP_041487895.1
OG0000183	WP_119260286.1	WP_071813723.1
OG0000184	WP_119259896.1	WP_081440571.1
OG0000185	WP_119259572.1, WP_119260166.1	WP_148207777.1
OG0000186	WP_119260567.1	WP_201763753.1
OG0000187	WP_119260343.1	WP_236608127.1
OG0000188	WP_232014533.1	WP_236608137.1
OG0000204	WP_232014493.1	WP_012953434.1
OG0000206	WP_119260946.1	WP_012953436.1
OG0000207	WP_119260668.1	WP_012953437.1
OG0000208	WP_119260666.1	WP_012953438.1
OG0000209	WP_119260665.1	WP_012953439.1
OG0000210	WP_119259692.1	WP_012953440.1
OG0000211	WP_119259974.1	WP_012953442.1
OG0000212	WP_119259978.1	WP_012953444.1
OG0000213	WP_119259963.1	WP_012953445.1
OG0000214	WP_119259753.1	WP_012953447.1
OG0000215	WP_119259546.1	WP_012953448.1
OG0000216	WP_119259286.1	WP_012953449.1
OG0000217	WP_119260206.1	WP_012953452.1
OG0000218	WP_119259825.1	WP_012953454.1
OG0000219	WP_119259826.1	WP_012953455.1
OG0000220	WP_119260249.1	WP_012953456.1
OG0000221	WP_119260031.1	WP_012953459.1
OG0000222	WP_119260468.1	WP_012953460.1
OG0000223	WP_119260800.1	WP_012953462.1
OG0000224	WP_232014616.1	WP_012953463.1
OG0000225	WP_119259903.1	WP_012953466.1
OG0000226	WP_119259787.1	WP_012953468.1
OG0000227	WP_119260447.1	WP_012953470.1
OG0000228	WP_119259343.1	WP_012953472.1
OG0000229	WP_119260569.1	WP_012953474.1
OG0000230	WP_119260570.1	WP_012953475.1
OG0000231	WP_119260232.1	WP_012953476.1
OG0000232	WP_119260638.1	WP_012953477.1
OG0000233	WP_119260888.1	WP_012953478.1
OG0000234	WP_119259410.1	WP_012953480.1
OG0000235	WP_119259982.1	WP_012953481.1
OG0000236	WP_119260052.1	WP_012953482.1
OG0000237	WP_119260248.1	WP_012953484.1
OG0000238	WP_119261008.1	WP_012953485.1
OG0000239	WP_119259452.1	WP_012953488.1
OG0000240	WP_119259351.1	WP_012953489.1
OG0000241	WP_119260819.1	WP_012953490.1
OG0000242	WP_119260820.1	WP_012953491.1
OG0000243	WP_119260391.1	WP_012953492.1
OG0000244	WP_232014534.1	WP_012953494.1
OG0000245	WP_119260441.1	WP_012953497.1
OG0000246	WP_119259860.1	WP_012953499.1
OG0000247	WP_119260295.1	WP_012953500.1
OG0000248	WP_119259590.1	WP_012953501.1
OG0000249	WP_119259985.1	WP_012953504.1
OG0000250	WP_119259555.1	WP_012953505.1
OG0000251	WP_119260724.1	WP_012953506.1
OG0000252	WP_119259818.1	WP_012953507.1
OG0000253	WP_119259817.1	WP_012953508.1
OG0000254	WP_119259815.1	WP_012953509.1
OG0000255	WP_119259708.1	WP_012953510.1
OG0000256	WP_119259485.1	WP_012953511.1
OG0000257	WP_119260437.1	WP_012953515.1
OG0000258	WP_119261002.1	WP_012953516.1
OG0000259	WP_119260882.1	WP_012953517.1
OG0000260	WP_119260881.1	WP_012953518.1
OG0000261	WP_119259723.1	WP_012953521.1
OG0000262	WP_119259722.1	WP_012953522.1
OG0000263	WP_119260572.1	WP_012953523.1
OG0000264	WP_119260571.1	WP_012953524.1
OG0000265	WP_119259834.1	WP_012953525.1
OG0000266	WP_119259835.1	WP_012953527.1
OG0000267	WP_119260679.1	WP_012953529.1
OG0000268	WP_119260076.1	WP_012953530.1
OG0000269	WP_119260698.1	WP_012953531.1
OG0000270	WP_119260700.1	WP_012953534.1
OG0000271	WP_119259705.1	WP_012953535.1
OG0000272	WP_119260227.1	WP_012953537.1
OG0000273	WP_119260219.1	WP_012953543.1
OG0000274	WP_119259696.1	WP_012953544.1
OG0000275	WP_119259629.1	WP_012953551.1
OG0000276	WP_119259628.1	WP_012953552.1
OG0000277	WP_119259627.1	WP_012953553.1
OG0000278	WP_119259625.1	WP_012953556.1
OG0000279	WP_119259649.1	WP_012953559.1
OG0000280	WP_119260510.1	WP_012953561.1
OG0000281	WP_119260509.1	WP_012953562.1
OG0000282	WP_119259566.1	WP_012953563.1
OG0000283	WP_119259396.1	WP_012953564.1
OG0000284	WP_119259879.1	WP_012953565.1
OG0000285	WP_119260396.1	WP_012953570.1
OG0000286	WP_119259907.1	WP_012953571.1
OG0000287	WP_119260491.1	WP_012953573.1
OG0000288	WP_232014470.1	WP_012953574.1
OG0000289	WP_119259314.1	WP_012953576.1
OG0000290	WP_119259315.1	WP_012953577.1
OG0000291	WP_119259317.1	WP_012953578.1
OG0000292	WP_119260951.1	WP_012953579.1
OG0000293	WP_119260692.1	WP_012953581.1
OG0000294	WP_119260691.1	WP_012953582.1
OG0000295	WP_119259866.1	WP_012953585.1
OG0000296	WP_119260096.1	WP_012953587.1
OG0000297	WP_119259689.1	WP_012953589.1
OG0000298	WP_119259602.1	WP_012953592.1
OG0000299	WP_119259786.1	WP_012953595.1
OG0000300	WP_119260304.1	WP_012953597.1
OG0000301	WP_119260643.1	WP_012953598.1
OG0000302	WP_119260644.1	WP_012953599.1
OG0000303	WP_119259492.1	WP_012953600.1
OG0000304	WP_119259493.1	WP_012953601.1
OG0000305	WP_119260764.1	WP_012953602.1
OG0000306	WP_119260049.1	WP_012953603.1
OG0000307	WP_119259757.1	WP_012953605.1
OG0000308	WP_119260079.1	WP_012953607.1
OG0000309	WP_119260924.1	WP_012953608.1
OG0000310	WP_119259356.1	WP_012953610.1
OG0000311	WP_119259858.1	WP_012953611.1
OG0000312	WP_119259859.1	WP_012953612.1
OG0000313	WP_119259509.1	WP_012953613.1
OG0000314	WP_119260032.1	WP_012953616.1
OG0000315	WP_119260815.1	WP_012953619.1
OG0000316	WP_119260387.1	WP_012953620.1
OG0000317	WP_232014588.1	WP_012953621.1
OG0000318	WP_119259437.1	WP_012953622.1
OG0000319	WP_119259873.1	WP_012953623.1
OG0000320	WP_119259872.1	WP_012953624.1
OG0000321	WP_119260731.1	WP_012953626.1
OG0000322	WP_119259770.1	WP_012953627.1
OG0000323	WP_119259799.1	WP_012953628.1
OG0000324	WP_119259798.1	WP_012953629.1
OG0000325	WP_119260241.1	WP_012953630.1
OG0000326	WP_119260678.1	WP_012953631.1
OG0000327	WP_119259584.1	WP_012953633.1
OG0000328	WP_119259884.1	WP_012953634.1
OG0000329	WP_232014572.1	WP_012953635.1
OG0000330	WP_119259886.1	WP_012953636.1
OG0000331	WP_119259686.1	WP_012953638.1
OG0000332	WP_119259597.1	WP_012953639.1
OG0000333	WP_119259596.1	WP_012953640.1
OG0000334	WP_119260183.1	WP_012953642.1
OG0000335	WP_119259754.1	WP_012953644.1
OG0000336	WP_119260587.1	WP_012953645.1
OG0000337	WP_119260106.1	WP_012953646.1
OG0000338	WP_119260133.1	WP_012953647.1
OG0000339	WP_119260690.1	WP_012953648.1
OG0000340	WP_119259618.1	WP_012953649.1
OG0000341	WP_119260671.1	WP_012953650.1
OG0000342	WP_119259642.1	WP_012953651.1
OG0000343	WP_119260292.1	WP_012953652.1
OG0000344	WP_119259778.1	WP_012953655.1
OG0000345	WP_119260346.1	WP_012953658.1
OG0000346	WP_119260347.1	WP_012953659.1
OG0000347	WP_119260348.1	WP_012953660.1
OG0000348	WP_119260349.1	WP_012953661.1
OG0000349	WP_119260893.1	WP_012953662.1
OG0000350	WP_119259808.1	WP_012953665.1
OG0000351	WP_119260807.1	WP_012953666.1
OG0000352	WP_119260806.1	WP_012953667.1
OG0000353	WP_119259475.1	WP_012953668.1
OG0000354	WP_119260479.1	WP_012953672.1
OG0000355	WP_119259390.1	WP_012953673.1
OG0000356	WP_119259275.1	WP_012953674.1
OG0000357	WP_119261012.1	WP_012953676.1
OG0000358	WP_119260525.1	WP_012953677.1
OG0000359	WP_119260968.1	WP_012953678.1
OG0000360	WP_119259441.1	WP_012953680.1
OG0000361	WP_119260936.1	WP_012953681.1
OG0000362	WP_119260021.1	WP_012953683.1
OG0000363	WP_119260331.1	WP_012953686.1
OG0000364	WP_119259324.1	WP_012953687.1
OG0000365	WP_119260196.1	WP_012953689.1
OG0000366	WP_119260296.1	WP_012953692.1
OG0000367	WP_119260805.1	WP_012953693.1
OG0000368	WP_119260703.1	WP_012953694.1
OG0000369	WP_119260270.1	WP_012953698.1
OG0000370	WP_119260272.1	WP_012953700.1
OG0000371	WP_119260382.1	WP_012953702.1
OG0000372	WP_232014610.1	WP_012953703.1
OG0000373	WP_119259624.1	WP_012953706.1
OG0000374	WP_119259297.1	WP_012953710.1
OG0000375	WP_119259302.1	WP_012953711.1
OG0000376	WP_119259306.1	WP_012953714.1
OG0000377	WP_119260088.1	WP_012953715.1
OG0000378	WP_119260087.1	WP_012953716.1
OG0000379	WP_119260659.1	WP_012953718.1
OG0000380	WP_119260657.1	WP_012953719.1
OG0000381	WP_044106898.1	WP_012953720.1
OG0000382	WP_119260520.1	WP_012953722.1
OG0000383	WP_119260521.1	WP_012953723.1
OG0000384	WP_119260650.1	WP_012953724.1
OG0000385	WP_119259339.1	WP_012953726.1
OG0000386	WP_119260362.1	WP_012953727.1
OG0000387	WP_119260701.1	WP_012953728.1
OG0000388	WP_119259899.1	WP_012953734.1
OG0000389	WP_119259901.1	WP_012953736.1
OG0000390	WP_119259421.1	WP_012953737.1
OG0000391	WP_232014523.1	WP_012953741.1
OG0000392	WP_119260734.1	WP_012953742.1
OG0000393	WP_119260735.1	WP_012953743.1
OG0000394	WP_119260195.1	WP_012953744.1
OG0000395	WP_119260193.1	WP_012953746.1
OG0000396	WP_119260750.1	WP_012953747.1
OG0000397	WP_119260904.1	WP_012953748.1
OG0000398	WP_119260066.1	WP_012953749.1
OG0000399	WP_119259876.1	WP_012953750.1
OG0000400	WP_119259334.1	WP_012953751.1
OG0000401	WP_119260330.1	WP_012953754.1
OG0000402	WP_119260329.1	WP_012953755.1
OG0000403	WP_119260039.1	WP_012953756.1
OG0000404	WP_119259463.1	WP_012953758.1
OG0000405	WP_119260256.1	WP_012953760.1
OG0000406	WP_119260255.1	WP_012953761.1
OG0000407	WP_119260221.1	WP_012953764.1
OG0000408	WP_119260223.1	WP_012953765.1
OG0000409	WP_119260224.1	WP_012953766.1
OG0000410	WP_119260991.1	WP_012953767.1
OG0000411	WP_119260730.1	WP_012953769.1
OG0000412	WP_119260253.1	WP_012953770.1
OG0000413	WP_119260709.1	WP_012953774.1
OG0000414	WP_119260513.1	WP_012953777.1
OG0000415	WP_119259727.1	WP_012953778.1
OG0000416	WP_119259400.1	WP_012953779.1
OG0000417	WP_119259942.1	WP_012953781.1
OG0000418	WP_119259960.1	WP_012953782.1
OG0000419	WP_119260726.1	WP_012953783.1
OG0000420	WP_119260725.1	WP_012953784.1
OG0000421	WP_119261015.1	WP_012953786.1
OG0000422	WP_119259970.1	WP_012953787.1
OG0000423	WP_119260528.1	WP_012953788.1
OG0000424	WP_119260257.1	WP_012953789.1
OG0000425	WP_119259751.1	WP_012953791.1
OG0000426	WP_119260445.1	WP_012953793.1
OG0000427	WP_119260444.1	WP_012953794.1
OG0000428	WP_119260202.1	WP_012953796.1
OG0000429	WP_119260375.1	WP_012953797.1
OG0000430	WP_119259889.1	WP_012953798.1
OG0000431	WP_119260071.1	WP_012953801.1
OG0000432	WP_119260827.1	WP_012953803.1
OG0000433	WP_119260531.1	WP_012953806.1
OG0000434	WP_119260532.1	WP_012953807.1
OG0000435	WP_119260533.1	WP_012953808.1
OG0000436	WP_119260818.1	WP_012953809.1
OG0000437	WP_119260845.1	WP_012953810.1
OG0000438	WP_119259741.1	WP_012953811.1
OG0000439	WP_119259575.1	WP_012953812.1
OG0000440	WP_119259712.1	WP_012953815.1
OG0000441	WP_119260637.1	WP_012953820.1
OG0000442	WP_119259587.1	WP_012953825.1
OG0000443	WP_119259593.1	WP_012953826.1
OG0000444	WP_119259612.1	WP_012953829.1
OG0000445	WP_119259611.1	WP_012953830.1
OG0000446	WP_119259600.1	WP_012953832.1
OG0000447	WP_119260593.1	WP_012953834.1
OG0000448	WP_119259989.1	WP_012953835.1
OG0000449	WP_119259990.1	WP_012953836.1
OG0000450	WP_119260243.1	WP_012953837.1
OG0000451	WP_119260244.1	WP_012953838.1
OG0000452	WP_119259489.1	WP_012953840.1
OG0000453	WP_119260508.1	WP_012953841.1
OG0000454	WP_172582046.1	WP_012953845.1
OG0000455	WP_119260192.1	WP_012953846.1
OG0000456	WP_119259417.1	WP_012953849.1
OG0000457	WP_119260670.1	WP_012953850.1
OG0000458	WP_119259971.1	WP_012953851.1
OG0000459	WP_119259402.1	WP_012953856.1
OG0000460	WP_119261022.1	WP_012953860.1
OG0000461	WP_119260325.1	WP_012953861.1
OG0000462	WP_119260062.1	WP_012953863.1
OG0000463	WP_119259540.1	WP_012953864.1
OG0000464	WP_232014600.1	WP_012953866.1
OG0000465	WP_232014594.1	WP_012953868.1
OG0000466	WP_119259796.1	WP_012953870.1
OG0000467	WP_119260140.1	WP_012953872.1
OG0000468	WP_119260385.1	WP_012953873.1
OG0000469	WP_119259490.1	WP_012953875.1
OG0000470	WP_119259491.1	WP_012953876.1
OG0000471	WP_119259745.1	WP_012953878.1
OG0000472	WP_119259311.1	WP_012953882.1
OG0000473	WP_232014506.1	WP_012953883.1
OG0000474	WP_119259919.1	WP_012953884.1
OG0000475	WP_119260706.1	WP_012953885.1
OG0000476	WP_119260707.1	WP_012953886.1
OG0000477	WP_119259591.1	WP_012953887.1
OG0000478	WP_119259707.1	WP_012953888.1
OG0000479	WP_119259518.1	WP_012953889.1
OG0000480	WP_232014570.1	WP_012953890.1
OG0000481	WP_119259857.1	WP_012953891.1
OG0000482	WP_119260574.1	WP_012953892.1
OG0000483	WP_119260443.1	WP_012953893.1
OG0000484	WP_119260162.1	WP_012953894.1
OG0000485	WP_119260163.1	WP_012953895.1
OG0000486	WP_119260164.1	WP_012953896.1
OG0000487	WP_119260998.1	WP_012953899.1
OG0000488	WP_119260578.1	WP_012953900.1
OG0000489	WP_119260950.1	WP_012953901.1
OG0000490	WP_119260423.1	WP_012953904.1
OG0000491	WP_119259401.1	WP_012953906.1
OG0000492	WP_119260422.1	WP_012953907.1
OG0000493	WP_119259338.1	WP_012953910.1
OG0000494	WP_119260171.1	WP_012953911.1
OG0000495	WP_119260234.1	WP_012953912.1
OG0000496	WP_119260478.1	WP_012953913.1
OG0000497	WP_119260610.1	WP_012953915.1
OG0000498	WP_119260332.1	WP_012953916.1
OG0000499	WP_119259955.1	WP_012953919.1
OG0000500	WP_119260389.1	WP_012953921.1
OG0000501	WP_119260789.1	WP_012953922.1
OG0000502	WP_119259609.1	WP_012953923.1
OG0000503	WP_119260299.1	WP_012953924.1
OG0000504	WP_119260300.1	WP_012953925.1
OG0000505	WP_119260288.1	WP_012953926.1
OG0000506	WP_119260287.1	WP_012953927.1
OG0000507	WP_119260334.1	WP_012953930.1
OG0000508	WP_232014469.1	WP_012953931.1
OG0000509	WP_172582072.1	WP_012953932.1
OG0000510	WP_119261010.1	WP_012953933.1
OG0000511	WP_119260051.1	WP_012953934.1
OG0000512	WP_119260617.1	WP_012953935.1
OG0000513	WP_119260099.1	WP_012953937.1
OG0000514	WP_119260905.1	WP_012953938.1
OG0000515	WP_119260298.1	WP_012953943.1
OG0000516	WP_119260367.1	WP_012953944.1
OG0000517	WP_119259828.1	WP_012953950.1
OG0000518	WP_119260854.1	WP_012953952.1
OG0000519	WP_119260275.1	WP_012953953.1
OG0000520	WP_119260276.1	WP_012953954.1
OG0000521	WP_119259774.1	WP_012953955.1
OG0000522	WP_119259460.1	WP_012953956.1
OG0000523	WP_119259767.1	WP_012953960.1
OG0000524	WP_119259766.1	WP_012953961.1
OG0000525	WP_119259759.1	WP_012953966.1
OG0000526	WP_119259393.1	WP_012953968.1
OG0000527	WP_119259969.1	WP_012953969.1
OG0000528	WP_119259968.1	WP_012953970.1
OG0000529	WP_119260054.1	WP_012953971.1
OG0000530	WP_119259764.1	WP_012953972.1
OG0000531	WP_119260926.1	WP_012953973.1
OG0000532	WP_232014596.1	WP_012953974.1
OG0000533	WP_119259578.1	WP_012953975.1
OG0000534	WP_119259580.1	WP_012953976.1
OG0000535	WP_119259581.1	WP_012953977.1
OG0000536	WP_119260170.1	WP_012953978.1
OG0000537	WP_119259296.1	WP_012953980.1
OG0000538	WP_119259617.1	WP_012953983.1
OG0000539	WP_119260684.1	WP_012953984.1
OG0000540	WP_119260107.1	WP_012953986.1
OG0000541	WP_119259329.1	WP_012953987.1
OG0000542	WP_119259582.1	WP_012953990.1
OG0000543	WP_232014612.1	WP_012953991.1
OG0000544	WP_119260535.1	WP_012953993.1
OG0000545	WP_119260536.1	WP_012953994.1
OG0000546	WP_119260537.1	WP_012953995.1
OG0000547	WP_119260538.1	WP_012953996.1
OG0000548	WP_119260539.1	WP_012953997.1
OG0000549	WP_119260542.1	WP_012953999.1
OG0000550	WP_119260543.1	WP_012954000.1
OG0000551	WP_119260545.1	WP_012954002.1
OG0000552	WP_119260546.1	WP_012954003.1
OG0000553	WP_119260547.1	WP_012954004.1
OG0000554	WP_119260548.1	WP_012954005.1
OG0000555	WP_119260550.1	WP_012954007.1
OG0000556	WP_119260554.1	WP_012954010.1
OG0000557	WP_119260555.1	WP_012954011.1
OG0000558	WP_119260563.1	WP_012954014.1
OG0000559	WP_119260564.1	WP_012954015.1
OG0000560	WP_119260269.1	WP_012954017.1
OG0000561	WP_119260595.1	WP_012954018.1
OG0000562	WP_119260727.1	WP_012954019.1
OG0000563	WP_119260281.1	WP_012954022.1
OG0000564	WP_044105787.1	WP_012954023.1
OG0000565	WP_119260430.1	WP_012954024.1
OG0000566	WP_119259851.1	WP_012954025.1
OG0000567	WP_119260927.1	WP_012954027.1
OG0000568	WP_119259321.1	WP_012954028.1
OG0000569	WP_119261018.1	WP_012954029.1
OG0000570	WP_119260620.1	WP_012954031.1
OG0000571	WP_119260103.1	WP_012954032.1
OG0000572	WP_119260401.1	WP_012954033.1
OG0000573	WP_119260402.1	WP_012954034.1
OG0000574	WP_119259542.1	WP_012954035.1
OG0000575	WP_119260984.1	WP_012954036.1
OG0000576	WP_119260260.1	WP_012954037.1
OG0000577	WP_119259361.1	WP_012954038.1
OG0000578	WP_119259776.1	WP_012954039.1
OG0000579	WP_119259613.1	WP_012954040.1
OG0000580	WP_119260628.1	WP_012954041.1
OG0000581	WP_232014597.1	WP_012954042.1
OG0000582	WP_119260990.1	WP_012954044.1
OG0000583	WP_119260339.1	WP_012954045.1
OG0000584	WP_119259355.1	WP_012954048.1
OG0000585	WP_119260482.1	WP_012954050.1
OG0000586	WP_172582105.1	WP_012954051.1
OG0000587	WP_119260721.1	WP_012954052.1
OG0000588	WP_119260388.1	WP_012954054.1
OG0000589	WP_119259284.1	WP_012954055.1
OG0000590	WP_119260311.1	WP_012954056.1
OG0000591	WP_119260310.1	WP_012954057.1
OG0000592	WP_119260309.1	WP_012954058.1
OG0000593	WP_119260093.1	WP_012954059.1
OG0000594	WP_119259278.1	WP_012954061.1
OG0000595	WP_119260788.1	WP_012954062.1
OG0000596	WP_119259577.1	WP_012954065.1
OG0000597	WP_119260582.1	WP_012954067.1
OG0000598	WP_119260909.1	WP_012954071.1
OG0000599	WP_119260660.1	WP_012954072.1
OG0000600	WP_232014458.1	WP_012954074.1
OG0000601	WP_119259412.1	WP_012954076.1
OG0000602	WP_119259527.1	WP_012954078.1
OG0000603	WP_119260119.1	WP_012954080.1
OG0000604	WP_119260159.1	WP_012954082.1
OG0000605	WP_232014465.1	WP_012954083.1
OG0000606	WP_119260605.1	WP_012954087.1
OG0000607	WP_119260147.1	WP_012954091.1
OG0000608	WP_172582044.1	WP_012954092.1
OG0000609	WP_119260449.1	WP_012954093.1
OG0000610	WP_119260672.1	WP_012954100.1
OG0000611	WP_119260020.1	WP_012954103.1
OG0000612	WP_119259561.1	WP_012954105.1
OG0000613	WP_119259560.1	WP_012954106.1
OG0000614	WP_119259559.1	WP_012954107.1
OG0000615	WP_119260001.1	WP_012954108.1
OG0000616	WP_119259407.1	WP_012954109.1
OG0000617	WP_119260381.1	WP_012954111.1
OG0000618	WP_119259433.1	WP_012954112.1
OG0000619	WP_119259434.1	WP_012954114.1
OG0000620	WP_119261042.1	WP_012954116.1
OG0000621	WP_119260318.1	WP_012954118.1
OG0000622	WP_119260317.1	WP_012954119.1
OG0000623	WP_119260316.1	WP_012954120.1
OG0000624	WP_119260988.1	WP_012954121.1
OG0000625	WP_119259359.1	WP_012954122.1
OG0000626	WP_119260718.1	WP_012954123.1
OG0000627	WP_232014508.1	WP_012954125.1
OG0000628	WP_119260838.1	WP_012954126.1
OG0000629	WP_119259938.1	WP_012954128.1
OG0000630	WP_119260903.1	WP_012954129.1
OG0000631	WP_119260435.1	WP_012954133.1
OG0000632	WP_119259528.1	WP_012954135.1
OG0000633	WP_119260176.1	WP_012954139.1
OG0000634	WP_119260175.1	WP_012954141.1
OG0000635	WP_119259651.1	WP_012954144.1
OG0000636	WP_119259650.1	WP_012954145.1
OG0000637	WP_119259523.1	WP_012954148.1
OG0000638	WP_119259385.1	WP_012954149.1
OG0000639	WP_119261031.1	WP_012954153.1
OG0000640	WP_232014498.1	WP_012954155.1
OG0000641	WP_119259465.1	WP_012954157.1
OG0000642	WP_119259535.1	WP_012954158.1
OG0000643	WP_119259290.1	WP_012954163.1
OG0000644	WP_119259864.1	WP_012954167.1
OG0000645	WP_119260943.1	WP_012954168.1
OG0000646	WP_119259948.1	WP_012954169.1
OG0000647	WP_119259740.1	WP_012954171.1
OG0000648	WP_119259445.1	WP_012954172.1
OG0000649	WP_119259730.1	WP_012954173.1
OG0000650	WP_119260754.1	WP_012954175.1
OG0000651	WP_119260755.1	WP_012954176.1
OG0000652	WP_119259454.1	WP_012954177.1
OG0000653	WP_119259797.1	WP_012954181.1
OG0000654	WP_172582119.1	WP_012954182.1
OG0000655	WP_119259565.1	WP_012954184.1
OG0000656	WP_119260322.1	WP_012954185.1
OG0000657	WP_119260155.1	WP_012954186.1
OG0000658	WP_119259346.1	WP_012954187.1
OG0000659	WP_119259693.1	WP_012954189.1
OG0000660	WP_119260139.1	WP_012954190.1
OG0000661	WP_119260377.1	WP_012954191.1
OG0000662	WP_232014608.1	WP_012954192.1
OG0000663	WP_119259319.1	WP_012954194.1
OG0000664	WP_119259996.1	WP_012954198.1
OG0000665	WP_119259877.1	WP_012954200.1
OG0000666	WP_119260200.1	WP_012954201.1
OG0000667	WP_119260199.1	WP_012954202.1
OG0000668	WP_119260197.1	WP_012954204.1
OG0000669	WP_044107444.1	WP_012954205.1
OG0000670	WP_119260529.1	WP_012954207.1
OG0000671	WP_119260328.1	WP_012954209.1
OG0000672	WP_119260368.1	WP_012954210.1
OG0000673	WP_119260830.1	WP_012954211.1
OG0000674	WP_119259964.1	WP_012954212.1
OG0000675	WP_119260596.1	WP_012954213.1
OG0000676	WP_119260597.1	WP_012954214.1
OG0000677	WP_119260598.1	WP_012954215.1
OG0000678	WP_119260599.1	WP_012954216.1
OG0000679	WP_119260600.1	WP_012954217.1
OG0000680	WP_119259926.1	WP_012954218.1
OG0000681	WP_119259924.1	WP_012954220.1
OG0000682	WP_119259923.1	WP_012954221.1
OG0000683	WP_119259922.1	WP_012954222.1
OG0000684	WP_119259921.1	WP_012954223.1
OG0000685	WP_119259543.1	WP_012954224.1
OG0000686	WP_119260307.1	WP_012954225.1
OG0000687	WP_119260677.1	WP_012954226.1
OG0000688	WP_119259606.1	WP_012954227.1
OG0000689	WP_119260212.1	WP_012954228.1
OG0000690	WP_119259840.1	WP_012954230.1
OG0000691	WP_119259806.1	WP_012954232.1
OG0000692	WP_119260392.1	WP_012954233.1
OG0000693	WP_119259632.1	WP_012954234.1
OG0000694	WP_119259773.1	WP_012954236.1
OG0000695	WP_119259772.1	WP_012954237.1
OG0000696	WP_232014559.1	WP_012954238.1
OG0000697	WP_119259837.1	WP_012954242.1
OG0000698	WP_172582035.1	WP_012954243.1
OG0000699	WP_119260516.1	WP_012954244.1
OG0000700	WP_232014564.1	WP_012954245.1
OG0000701	WP_119259812.1	WP_012954246.1
OG0000702	WP_119259813.1	WP_012954247.1
OG0000703	WP_119261044.1	WP_012954249.1
OG0000704	WP_119260613.1	WP_012954253.1
OG0000705	WP_119260462.1	WP_012954254.1
OG0000706	WP_119259404.1	WP_012954255.1
OG0000707	WP_119260901.1	WP_012954256.1
OG0000708	WP_119259519.1	WP_012954258.1
OG0000709	WP_119260642.1	WP_012954259.1
OG0000710	WP_119260636.1	WP_012954260.1
OG0000711	WP_119260216.1	WP_012954264.1
OG0000712	WP_119260214.1	WP_012954266.1
OG0000713	WP_172582023.1	WP_012954269.1
OG0000714	WP_044107668.1	WP_012954270.1
OG0000715	WP_119260624.1	WP_012954272.1
OG0000716	WP_119260911.1	WP_012954274.1
OG0000717	WP_119260203.1	WP_012954276.1
OG0000718	WP_119259604.1	WP_012954278.1
OG0000719	WP_119260081.1	WP_012954282.1
OG0000720	WP_119260082.1	WP_012954283.1
OG0000721	WP_119260440.1	WP_012954284.1
OG0000722	WP_119260793.1	WP_012954285.1
OG0000723	WP_119260832.1	WP_012954287.1
OG0000724	WP_119259534.1	WP_012954289.1
OG0000725	WP_119259305.1	WP_012954290.1
OG0000726	WP_119259920.1	WP_012954291.1
OG0000727	WP_119260333.1	WP_012954294.1
OG0000728	WP_119260400.1	WP_012954296.1
OG0000729	WP_119259720.1	WP_012954299.1
OG0000730	WP_119259719.1	WP_012954300.1
OG0000731	WP_119259476.1	WP_012954301.1
OG0000732	WP_119259477.1	WP_012954302.1
OG0000733	WP_119260715.1	WP_012954304.1
OG0000734	WP_119261050.1	WP_012954305.1
OG0000735	WP_119260794.1	WP_012954307.1
OG0000736	WP_119259532.1	WP_012954308.1
OG0000737	WP_119259282.1	WP_012954309.1
OG0000738	WP_119260518.1	WP_012954311.1
OG0000739	WP_119260631.1	WP_012954314.1
OG0000740	WP_119260632.1	WP_012954315.1
OG0000741	WP_119260633.1	WP_012954316.1
OG0000742	WP_119260634.1	WP_012954317.1
OG0000743	WP_119260635.1	WP_012954318.1
OG0000744	WP_119260583.1	WP_012954319.1
OG0000745	WP_119260687.1	WP_012954320.1
OG0000746	WP_119259513.1	WP_012954325.1
OG0000747	WP_119259694.1	WP_012954327.1
OG0000748	WP_119260812.1	WP_012954330.1
OG0000749	WP_119260041.1	WP_012954332.1
OG0000750	WP_119260042.1	WP_012954333.1
OG0000751	WP_119260457.1	WP_012954334.1
OG0000752	WP_119260458.1	WP_012954335.1
OG0000753	WP_119259795.1	WP_012954336.1
OG0000754	WP_119260522.1	WP_012954337.1
OG0000755	WP_232014495.1	WP_012954338.1
OG0000756	WP_119259620.1	WP_012954339.1
OG0000757	WP_119259619.1	WP_012954340.1
OG0000758	WP_119259868.1	WP_012954341.1
OG0000759	WP_119260376.1	WP_012954342.1
OG0000760	WP_119259496.1	WP_012954343.1
OG0000761	WP_119260651.1	WP_012954345.1
OG0000762	WP_119259691.1	WP_012954348.1
OG0000763	WP_119259318.1	WP_012954349.1
OG0000764	WP_119260148.1	WP_012954350.1
OG0000765	WP_119260149.1	WP_012954352.1
OG0000766	WP_044106871.1	WP_012954353.1
OG0000767	WP_119259867.1	WP_012954354.1
OG0000768	WP_119260118.1	WP_012954356.1
OG0000769	WP_232014607.1	WP_012954357.1
OG0000770	WP_119260091.1	WP_012954360.1
OG0000771	WP_119260019.1	WP_012954362.1
OG0000772	WP_119260393.1	WP_012954363.1
OG0000773	WP_119260496.1	WP_012954364.1
OG0000774	WP_119259929.1	WP_012954366.1
OG0000775	WP_119259480.1	WP_012954367.1
OG0000776	WP_119260395.1	WP_012954368.1
OG0000777	WP_119260512.1	WP_012954369.1
OG0000778	WP_172582073.1	WP_012954370.1
OG0000779	WP_119260969.1	WP_012954372.1
OG0000780	WP_119260662.1	WP_012954373.1
OG0000781	WP_119259615.1	WP_012954377.1
OG0000782	WP_119259908.1	WP_012954380.1
OG0000783	WP_232014574.1	WP_012954381.1
OG0000784	WP_232014586.1	WP_012954387.1
OG0000785	WP_119259657.1	WP_012954389.1
OG0000786	WP_119259658.1	WP_012954390.1
OG0000787	WP_119259659.1	WP_012954391.1
OG0000788	WP_119259660.1	WP_012954392.1
OG0000789	WP_119259661.1	WP_012954393.1
OG0000790	WP_119259662.1	WP_012954394.1
OG0000791	WP_119259663.1	WP_012954395.1
OG0000792	WP_119259664.1	WP_012954396.1
OG0000793	WP_119259665.1	WP_012954397.1
OG0000794	WP_119259667.1	WP_012954399.1
OG0000795	WP_119259668.1	WP_012954400.1
OG0000796	WP_119259669.1	WP_012954401.1
OG0000797	WP_119259670.1	WP_012954402.1
OG0000798	WP_119259671.1	WP_012954403.1
OG0000799	WP_119259672.1	WP_012954404.1
OG0000800	WP_119259673.1	WP_012954405.1
OG0000801	WP_119259674.1	WP_012954406.1
OG0000802	WP_119259675.1	WP_012954407.1
OG0000803	WP_119259676.1	WP_012954408.1
OG0000804	WP_085433775.1	WP_012954409.1
OG0000805	WP_119259677.1	WP_012954410.1
OG0000806	WP_044106045.1	WP_012954411.1
OG0000807	WP_119260921.1	WP_012954412.1
OG0000808	WP_119259678.1	WP_012954413.1
OG0000809	WP_119259679.1	WP_012954414.1
OG0000810	WP_119259680.1	WP_012954415.1
OG0000811	WP_119259683.1	WP_012954418.1
OG0000812	WP_119260178.1	WP_012954420.1
OG0000813	WP_119260045.1	WP_012954422.1
OG0000814	WP_119260044.1	WP_012954423.1
OG0000815	WP_119259827.1	WP_012954424.1
OG0000816	WP_119259621.1	WP_012954426.1
OG0000817	WP_172582063.1	WP_012954430.1
OG0000818	WP_119260577.1	WP_012954431.1
OG0000819	WP_172582002.1	WP_012954436.1
OG0000820	WP_172582001.1	WP_012954437.1
OG0000821	WP_119259742.1	WP_012954439.1
OG0000822	WP_232014598.1	WP_012954440.1
OG0000823	WP_119260654.1	WP_012954443.1
OG0000824	WP_119260115.1	WP_012954444.1
OG0000825	WP_119259932.1	WP_012954449.1
OG0000826	WP_119259654.1	WP_012954450.1
OG0000827	WP_119260863.1	WP_012954452.1
OG0000828	WP_119260247.1	WP_012954454.1
OG0000829	WP_119260409.1	WP_012954456.1
OG0000830	WP_119260408.1	WP_012954457.1
OG0000831	WP_119260953.1	WP_012954459.1
OG0000832	WP_119260585.1	WP_012954462.1
OG0000833	WP_119260452.1	WP_012954464.1
OG0000834	WP_119259811.1	WP_012954466.1
OG0000835	WP_119259934.1	WP_012954467.1
OG0000836	WP_119259382.1	WP_012954468.1
OG0000837	WP_119260370.1	WP_012954469.1
OG0000838	WP_119260022.1	WP_012954470.1
OG0000839	WP_119260835.1	WP_012954472.1
OG0000840	WP_119259279.1	WP_012954474.1
OG0000841	WP_119259281.1	WP_012954476.1
OG0000842	WP_119260751.1	WP_012954480.1
OG0000843	WP_119260114.1	WP_012954481.1
OG0000844	WP_119259906.1	WP_012954482.1
OG0000845	WP_119259905.1	WP_012954483.1
OG0000846	WP_119260230.1	WP_012954484.1
OG0000847	WP_119259739.1	WP_012954487.1
OG0000848	WP_119259737.1	WP_012954488.1
OG0000849	WP_197715884.1	WP_012954491.1
OG0000850	WP_119259376.1	WP_012954496.1
OG0000851	WP_119259375.1	WP_012954497.1
OG0000852	WP_119260184.1	WP_012954498.1
OG0000853	WP_119260186.1	WP_012954500.1
OG0000854	WP_119260235.1	WP_012954502.1
OG0000855	WP_119260592.1	WP_012954504.1
OG0000856	WP_119261041.1	WP_012954508.1
OG0000857	WP_119259724.1	WP_012954510.1
OG0000858	WP_119260151.1	WP_012954513.1
OG0000859	WP_119260646.1	WP_012954514.1
OG0000860	WP_119260090.1	WP_012954515.1
OG0000861	WP_119260179.1	WP_012954516.1
OG0000862	WP_119260386.1	WP_012954518.1
OG0000863	WP_119259598.1	WP_012954522.1
OG0000864	WP_119259750.1	WP_012954523.1
OG0000865	WP_119260630.1	WP_012954524.1
OG0000866	WP_119260397.1	WP_012954525.1
OG0000867	WP_119260398.1	WP_012954526.1
OG0000868	WP_119260321.1	WP_012954527.1
OG0000869	WP_119260804.1	WP_012954529.1
OG0000870	WP_119260293.1	WP_012954530.1
OG0000871	WP_119259820.1	WP_012954532.1
OG0000872	WP_119259821.1	WP_012954533.1
OG0000873	WP_119259746.1	WP_012954534.1
OG0000874	WP_119259365.1	WP_012954535.1
OG0000875	WP_119260616.1	WP_012954539.1
OG0000876	WP_119259548.1	WP_012954541.1
OG0000877	WP_119259547.1	WP_012954542.1
OG0000878	WP_119260850.1	WP_012954543.1
OG0000879	WP_119260383.1	WP_012954544.1
OG0000880	WP_232014485.1	WP_012954545.1
OG0000881	WP_119259537.1	WP_012954546.1
OG0000882	WP_119260848.1	WP_012954552.1
OG0000883	WP_119260283.1	WP_012954553.1
OG0000884	WP_119260282.1	WP_012954554.1
OG0000885	WP_119260847.1	WP_012954555.1
OG0000886	WP_119260337.1	WP_012954556.1
OG0000887	WP_119259453.1	WP_012954557.1
OG0000888	WP_119259869.1	WP_012954558.1
OG0000889	WP_119260017.1	WP_012954562.1
OG0000890	WP_119259352.1	WP_012954564.1
OG0000891	WP_119260852.1	WP_012954566.1
OG0000892	WP_119260817.1	WP_012954567.1
OG0000893	WP_119260143.1	WP_012954570.1
OG0000894	WP_119260109.1	WP_012954571.1
OG0000895	WP_119260965.1	WP_012954572.1
OG0000896	WP_119260110.1	WP_012954573.1
OG0000897	WP_119259386.1	WP_012954575.1
OG0000898	WP_119260504.1	WP_012954576.1
OG0000899	WP_119259348.1	WP_012954577.1
OG0000900	WP_119259349.1	WP_012954578.1
OG0000901	WP_119260580.1	WP_012954580.1
OG0000902	WP_119260579.1	WP_012954581.1
OG0000903	WP_119260426.1	WP_012954583.1
OG0000904	WP_119260425.1	WP_012954584.1
OG0000905	WP_119260978.1	WP_012954587.1
OG0000906	WP_119260168.1	WP_012954588.1
OG0000907	WP_119259551.1	WP_012954589.1
OG0000908	WP_119260877.1	WP_012954590.1
OG0000909	WP_119261001.1	WP_012954591.1
OG0000910	WP_119259945.1	WP_012954592.1
OG0000911	WP_119260421.1	WP_012954593.1
OG0000912	WP_119259645.1	WP_012954597.1
OG0000913	WP_119259975.1	WP_012954600.1
OG0000914	WP_119259716.1	WP_012954601.1
OG0000915	WP_119259941.1	WP_012954602.1
OG0000916	WP_119260009.1	WP_012954603.1
OG0000917	WP_119259418.1	WP_012954606.1
OG0000918	WP_172582032.1	WP_012954608.1
OG0000919	WP_119260696.1	WP_012954609.1
OG0000920	WP_232014565.1	WP_012954610.1
OG0000921	WP_119260360.1	WP_012954612.1
OG0000922	WP_119260474.1	WP_012954613.1
OG0000923	WP_119259622.1	WP_012954615.1
OG0000924	WP_119261040.1	WP_012954616.1
OG0000925	WP_119259952.1	WP_012954618.1
OG0000926	WP_119260767.1	WP_012954620.1
OG0000927	WP_119260693.1	WP_012954625.1
OG0000928	WP_119259792.1	WP_012954628.1
OG0000929	WP_119260101.1	WP_040055239.1
OG0000930	WP_119260524.1	WP_041487696.1
OG0000931	WP_119259824.1	WP_041487697.1
OG0000932	WP_119260250.1	WP_041487698.1
OG0000933	WP_119259541.1	WP_041487700.1
OG0000934	WP_232014545.1	WP_041487702.1
OG0000935	WP_119259950.1	WP_041487706.1
OG0000936	WP_119259698.1	WP_041487707.1
OG0000937	WP_119260218.1	WP_041487709.1
OG0000938	WP_232014504.1	WP_041487710.1
OG0000939	WP_119259636.1	WP_041487711.1
OG0000940	WP_119260958.1	WP_041487712.1
OG0000941	WP_119259904.1	WP_041487717.1
OG0000942	WP_119259340.1	WP_041487719.1
OG0000943	WP_119259756.1	WP_041487721.1
OG0000944	WP_119261027.1	WP_041487726.1
OG0000945	WP_119260313.1	WP_041487728.1
OG0000946	WP_119261038.1	WP_041487729.1
OG0000947	WP_119259459.1	WP_041487738.1
OG0000948	WP_119260549.1	WP_041487741.1
OG0000949	WP_119260553.1	WP_041487742.1
OG0000950	WP_119260084.1	WP_041487744.1
OG0000951	WP_119259432.1	WP_041487749.1
OG0000952	WP_119260174.1	WP_041487750.1
OG0000953	WP_119260405.1	WP_041487752.1
OG0000954	WP_119260530.1	WP_041487757.1
OG0000955	WP_119260892.1	WP_041487761.1
OG0000956	WP_119260573.1	WP_041487763.1
OG0000957	WP_232014592.1	WP_041487764.1
OG0000958	WP_119260399.1	WP_041487765.1
OG0000959	WP_119260606.1	WP_041487768.1
OG0000960	WP_119260358.1	WP_041487771.1
OG0000961	WP_119259681.1	WP_041487774.1
OG0000962	WP_119259395.1	WP_041487777.1
OG0000964	WP_119260655.1	WP_041487783.1
OG0000965	WP_119260294.1	WP_041487785.1
OG0000966	WP_119260427.1	WP_041487787.1
OG0000967	WP_119260424.1	WP_041487788.1
OG0000968	WP_119260473.1	WP_041487790.1
OG0000969	WP_119260799.1	WP_041487792.1
OG0000970	WP_119261036.1	WP_041487795.1
OG0000971	WP_119260442.1	WP_041487798.1
OG0000972	WP_119260675.1	WP_041487810.1
OG0000973	WP_119259777.1	WP_041487812.1
OG0000974	WP_119260345.1	WP_041487813.1
OG0000975	WP_119260095.1	WP_041487814.1
OG0000976	WP_119260929.1	WP_041487815.1
OG0000977	WP_232014618.1	WP_041487816.1
OG0000978	WP_119259357.1	WP_041487819.1
OG0000979	WP_119259841.1	WP_041487838.1
OG0000980	WP_119259414.1	WP_041487839.1
OG0000981	WP_119259779.1	WP_041487840.1
OG0000982	WP_119260432.1	WP_041487841.1
OG0000983	WP_119260552.1	WP_041487842.1
OG0000984	WP_119260233.1	WP_041487843.1
OG0000985	WP_119260342.1	WP_041487847.1
OG0000986	WP_119260717.1	WP_041487854.1
OG0000987	WP_119259951.1	WP_041487858.1
OG0000988	WP_119260274.1	WP_041487868.1
OG0000989	WP_119259871.1	WP_041487871.1
OG0000990	WP_119259350.1	WP_041487892.1
OG0000991	WP_119259697.1	WP_049765565.1
OG0000992	WP_119259954.1	WP_049765567.1
OG0000993	WP_119260068.1	WP_049765568.1
OG0000994	WP_119261025.1	WP_049765577.1
OG0000995	WP_119260271.1	WP_049765579.1
OG0000996	WP_119259325.1	WP_049765580.1
OG0000997	WP_119260949.1	WP_049765584.1
OG0000998	WP_119259863.1	WP_071813726.1
OG0000999	WP_119260878.1	WP_071813729.1
OG0001000	WP_119260177.1	WP_071813731.1
OG0001001	WP_119260125.1	WP_071813734.1
OG0001002	WP_119259791.1	WP_081440575.1
OG0001003	WP_119259449.1	WP_148207765.1
OG0001004	WP_119259902.1	WP_148207769.1
OG0001005	WP_119259394.1	WP_148207771.1
OG0001006	WP_119259702.1	WP_167884949.1
OG0001007	WP_119259337.1	WP_167884950.1
OG0001008	WP_119260766.1	WP_201763746.1
OG0001009	WP_119259690.1	WP_201763747.1
OG0001010	WP_119260297.1	WP_201763749.1
OG0001011	WP_119260989.1	WP_201763751.1
OG0001012	WP_119260980.1	WP_201763752.1
OG0001013	WP_119260859.1	WP_201763757.1
OG0001014	WP_119259503.1	WP_201763758.1
OG0001015	WP_232014549.1	WP_236608123.1
OG0001016	WP_119259471.1	WP_236608124.1
OG0001017	WP_119259946.1	WP_236608125.1
OG0001018	WP_119259925.1	WP_236608126.1
OG0001019	WP_119260357.1	WP_236608129.1
OG0001020	WP_119260058.1	WP_236608130.1
OG0001021	WP_119259392.1	WP_236608131.1
OG0001022	WP_172582039.1	WP_236608134.1
OG0001023	WP_119260208.1	WP_236608138.1
OG0001024	WP_119260568.1	WP_236608139.1
OG0001025	WP_119260890.1	WP_236608140.1
OG0001026	WP_119259273.1	WP_236608141.1
OG0001027	WP_119259603.1	WP_236608142.1
OG0001028	WP_119260324.1	WP_236608144.1
OG0001029	WP_119260338.1	WP_236608147.1
OG0001030	WP_232014619.1	WP_236608148.1
OG0001031	WP_232014589.1	WP_236608150.1
OG0001032	WP_119260215.1	WP_236608151.1
OG0001033	WP_119259687.1	WP_236608152.1
OG0001034	WP_119259377.1	WP_236608153.1
OG0001035	WP_119260000.1	WP_236608154.1
OG0001036	WP_172582121.1	WP_236608155.1
OG0001071	WP_119259448.1	WP_012953433.1
OG0001074	WP_119259633.1	WP_012953464.1
OG0001075	WP_232014478.1	WP_012953483.1
OG0001077	WP_232014497.1	WP_012953560.1
OG0001078	WP_119259721.1	WP_012953569.1
OG0001079	WP_119259586.1	WP_012953596.1
OG0001080	WP_119260674.1	WP_012953614.1
OG0001081	WP_119260759.1	WP_012953701.1
OG0001082	WP_119260681.1	WP_012953733.1
OG0001083	WP_119260194.1	WP_012953745.1
OG0001084	WP_119260947.1	WP_012953768.1
OG0001085	WP_119259635.1	WP_012953772.1
OG0001086	WP_119260639.1	WP_012953785.1
OG0001087	WP_119259715.1	WP_012953790.1
OG0001088	WP_119259610.1	WP_012953831.1
OG0001089	WP_119259427.1	WP_012953858.1
OG0001090	WP_119259803.1	WP_012953865.1
OG0001091	WP_119259484.1	WP_012953871.1
OG0001092	WP_119259890.1	WP_012953914.1
OG0001093	WP_119260476.1	WP_012953928.1
OG0001096	WP_119260499.1	WP_012953957.1
OG0001097	WP_119259495.1	WP_012953958.1
OG0001099	WP_119259933.1	WP_012953965.1
OG0001101	WP_119259323.1	WP_012954069.1
OG0001102	WP_119259550.1	WP_012954070.1
OG0001103	WP_232014500.1	WP_012954086.1
OG0001104	WP_119260889.1	WP_012954090.1
OG0001105	WP_172582068.1	WP_012954127.1
OG0001106	WP_119259783.1	WP_012954138.1
OG0001107	WP_119259524.1	WP_012954147.1
OG0001108	WP_119260948.1	WP_012954156.1
OG0001109	WP_119259700.1	WP_012954161.1
OG0001110	WP_119259701.1	WP_012954162.1
OG0001111	WP_119259288.1	WP_012954165.1
OG0001112	WP_172582019.1	WP_012954170.1
OG0001113	WP_119260603.1	WP_012954179.1
OG0001114	WP_119259345.1	WP_012954188.1
OG0001115	WP_119260361.1	WP_012954231.1
OG0001116	WP_119259497.1	WP_012954241.1
OG0001117	WP_119260771.1	WP_012954250.1
OG0001118	WP_119260451.1	WP_012954292.1
OG0001119	WP_119259515.1	WP_012954312.1
OG0001120	WP_119260023.1	WP_012954355.1
OG0001121	WP_119260663.1	WP_012954374.1
OG0001122	WP_119259911.1	WP_012954378.1
OG0001123	WP_119260131.1	WP_012954386.1
OG0001124	WP_119259682.1	WP_012954417.1
OG0001125	WP_119260182.1	WP_012954425.1
OG0001126	WP_119260885.1	WP_012954445.1
OG0001127	WP_119259280.1	WP_012954475.1
OG0001128	WP_119259967.1	WP_012954486.1
OG0001131	WP_119260185.1	WP_012954499.1
OG0001132	WP_119260120.1	WP_012954505.1
OG0001134	WP_119259413.1	WP_012954560.1
OG0001135	WP_119260016.1	WP_012954561.1
OG0001136	WP_119260410.1	WP_012954569.1
OG0001137	WP_119259569.1	WP_012954574.1
OG0001138	WP_119260420.1	WP_012954594.1
OG0001139	WP_232014573.1	WP_012954611.1
OG0001140	WP_119260291.1	WP_012954621.1
OG0001141	WP_119259292.1	WP_012954622.1
OG0001143	WP_119259289.1	WP_041487753.1
OG0001144	WP_119259912.1	WP_041487817.1
OG0001146	WP_119260258.1	WP_041487891.1
OG0001147	WP_119260920.1	WP_071813730.1
OG0001148	WP_119259573.1	WP_148207772.1
OG0001149	WP_119259846.1	WP_201763756.1
OG0001277	WP_119260822.1	WP_012953625.1
OG0001279	WP_119259470.1	WP_012953695.1
OG0001283	WP_119260973.1	WP_012953732.1
OG0001304	WP_119259647.1	WP_012954375.1
OG0001305	WP_232014555.1	WP_012954376.1
OG0001309	WP_232014595.1	WP_012954540.1
