Orthogroup	cyanobacterium_endosymbiont_of_Rhopalodia_gibberula_RgSB_GCF_003574135.1_protein	Rippkaea_orientalis_PCC_8801_GCF_000021805.1_protein
OG0000001	WP_232014520.1	WP_012595241.1, WP_012596802.1, WP_012593748.1
OG0000002	WP_119260188.1	WP_012594306.1
OG0000002	WP_119260492.1	WP_012593393.1
OG0000002	WP_119259283.1	WP_012594749.1
OG0000004	WP_119260999.1	WP_012594919.1
OG0000004	WP_172582107.1	WP_203427746.1
OG0000005	WP_119260956.1	WP_012594914.1
OG0000005	WP_119260937.1	WP_012593970.1
OG0000005	WP_119259336.1	WP_015957337.1
OG0000006	WP_119259854.1	WP_012593655.1
OG0000006	WP_232014621.1	WP_012595157.1
OG0000006	WP_119260741.1	WP_012593979.1
OG0000009	WP_232014601.1	WP_241392710.1
OG0000009	WP_119260356.1	WP_012596758.1
OG0000009	WP_119260673.1	WP_012594295.1
OG0000010	WP_232014554.1	WP_012596619.1
OG0000010	WP_232014529.1	WP_012595805.1
OG0000010	WP_232014569.1	WP_012596210.1
OG0000011	WP_119259714.1	WP_012596523.1
OG0000011	WP_119259713.1	WP_012596524.1
OG0000012	WP_119259605.1	WP_012596142.1
OG0000012	WP_119259430.1	WP_012594471.1, WP_157861323.1
OG0000012	WP_119259554.1	WP_012796780.1
OG0000013	WP_119259368.1	WP_012594400.1, WP_012594852.1, WP_012593716.1
OG0000016	WP_119259995.1	WP_012593760.1
OG0000016	WP_172582113.1	WP_015957439.1
OG0000017	WP_119260749.1	WP_012594218.1, WP_012595624.1
OG0000018	WP_119260137.1	WP_012594879.1
OG0000018	WP_119261003.1	WP_012596839.1
OG0000019	WP_119260781.1	WP_012595938.1
OG0000019	WP_119259544.1	WP_012596598.1
OG0000020	WP_119260686.1	WP_012594334.1
OG0000020	WP_119259726.1	WP_012597235.1
OG0000021	WP_119259805.1	WP_012596349.1
OG0000023	WP_172582091.1	WP_012594825.1
OG0000023	WP_232014562.1	WP_012594459.1
OG0000024	WP_119260719.1	WP_012594128.1
OG0000024	WP_119260198.1	WP_012594863.1
OG0000025	WP_119260007.1	WP_012594546.1
OG0000025	WP_232014617.1	WP_241392701.1
OG0000026	WP_119260685.1	WP_012594333.1
OG0000026	WP_119260046.1	WP_012596082.1
OG0000027	WP_119259976.1	WP_012596303.1
OG0000027	WP_119259917.1	WP_012595814.1
OG0000029	WP_119260733.1	WP_012594738.1
OG0000029	WP_119259947.1	WP_012595625.1
OG0000030	WP_119259648.1	WP_012593771.1
OG0000030	WP_119259909.1	WP_012597010.1
OG0000031	WP_119260688.1	WP_012594308.1
OG0000031	WP_119259913.1	WP_012596199.1
OG0000032	WP_119260873.1	WP_012596416.1
OG0000032	WP_119260872.1	WP_012597073.1
OG0000033	WP_119259703.1	WP_012594695.1
OG0000033	WP_119260305.1	WP_012593929.1
OG0000034	WP_119260826.1	WP_012594532.1
OG0000034	WP_119260434.1	WP_012596119.1
OG0000035	WP_119260594.1	WP_012593750.1
OG0000036	WP_119259478.1	WP_012595422.1
OG0000036	WP_119260939.1	WP_203427679.1
OG0000037	WP_012596483.1	WP_012596483.1
OG0000037	WP_044106680.1	WP_012594303.1
OG0000038	WP_119259763.1	WP_012593581.1
OG0000038	WP_119259891.1	WP_015785396.1
OG0000039	WP_119260189.1	WP_015785241.1
OG0000042	WP_119259761.1	WP_012594469.1
OG0000042	WP_119260165.1	WP_015785216.1
OG0000044	WP_119260541.1	WP_012595098.1
OG0000044	WP_119260205.1	WP_012594479.1
OG0000045	WP_119260072.1	WP_012594097.1
OG0000045	WP_119260647.1	WP_012594193.1
OG0000046	WP_119259760.1	WP_015785163.1
OG0000047	WP_232014522.1	WP_012595503.1
OG0000047	WP_119259935.1	WP_012593998.1
OG0000048	WP_232014479.1	WP_012595429.1
OG0000048	WP_119259709.1	WP_012594781.1
OG0000049	WP_119259473.1	WP_012597189.1
OG0000049	WP_119260187.1	WP_012594467.1
OG0000051	WP_119259958.1	WP_012594612.1
OG0000053	WP_145961882.1	WP_012596905.1
OG0000059	WP_119260833.1	WP_012595567.1
OG0000060	WP_119260710.1	WP_012593905.1
OG0000060	WP_119260862.1	WP_012596047.1
OG0000061	WP_119260502.1	WP_012594290.1
OG0000062	WP_119259725.1	WP_012595942.1
OG0000062	WP_119260134.1	WP_015957441.1
OG0000063	WP_119259384.1	WP_012597266.1
OG0000063	WP_119260837.1	WP_012595665.1
OG0000064	WP_119260791.1	WP_012595400.1
OG0000065	WP_172582041.1	WP_012596453.1, WP_012594577.1, WP_012597057.1, WP_012593440.1
OG0000070	WP_119260379.1	WP_012595832.1
OG0000071	WP_119259630.1	WP_012595988.1
OG0000072	WP_172582111.1	WP_203427683.1
OG0000073	WP_119260779.1	WP_012596709.1
OG0000074	WP_119260366.1	WP_012594005.1
OG0000075	WP_232014463.1	WP_012595418.1
OG0000075	WP_232014543.1	WP_012595329.1
OG0000076	WP_119259287.1	WP_012594955.1
OG0000078	WP_232014580.1, WP_172582033.1	WP_012593764.1
OG0000079	WP_119260352.1	WP_012594259.1, WP_012593427.1, WP_015957296.1
OG0000080	WP_119259439.1	WP_012596919.1
OG0000081	WP_119259308.1	WP_012594445.1
OG0000082	WP_119259749.1	WP_012594042.1
OG0000085	WP_119259447.1	WP_012595699.1, WP_012594394.1
OG0000086	WP_232014548.1	WP_012596748.1, WP_012596847.1, WP_012594871.1, WP_012596684.1
OG0000088	WP_119259431.1	WP_012594728.1
OG0000088	WP_119260172.1	WP_012593825.1
OG0000090	WP_119260254.1	WP_241392598.1, WP_012594496.1, WP_012594069.1
OG0000094	WP_119260417.1	WP_012594920.1
OG0000095	WP_119259501.1	WP_012593703.1
OG0000096	WP_119260816.1	WP_015957414.1, WP_012597268.1
OG0000097	WP_119259962.1	WP_015957364.1
OG0000098	WP_119259403.1	WP_012594114.1
OG0000099	WP_119259769.1	WP_012595319.1, WP_012593637.1, WP_241392626.1
OG0000100	WP_119260962.1	WP_015785162.1
OG0000101	WP_119260059.1	WP_012595482.1
OG0000102	WP_119260566.1	WP_012593820.1, WP_041229573.1, WP_012594581.1
OG0000103	WP_119260060.1	WP_012594660.1
OG0000105	WP_119259327.1	WP_012596179.1
OG0000106	WP_119259748.1	WP_012596108.1, WP_012596398.1
OG0000107	WP_119259999.1	WP_012596485.1
OG0000108	WP_119259312.1	WP_012596917.1
OG0000109	WP_119259747.1	WP_012594062.1, WP_012595559.1, WP_012596399.1
OG0000115	WP_172582026.1	WP_012594423.1, WP_012594458.1
OG0000115	WP_119259819.1	WP_012594424.1, WP_012596696.1
OG0000117	WP_119260747.1	WP_012596804.1
OG0000118	WP_232014528.1	WP_012596620.1
OG0000118	WP_172582004.1	WP_012595618.1
OG0000120	WP_119260135.1	WP_012595917.1, WP_012593997.1
OG0000125	WP_232014474.1	WP_203427668.1, WP_203427749.1, WP_203427674.1
OG0000126	WP_119260105.1	WP_015957418.1, WP_012593865.1
OG0000127	WP_119260590.1	WP_015957401.1, WP_012595439.1
OG0000128	WP_119259451.1	WP_012594763.1
OG0000129	WP_119259353.1	WP_041229730.1, WP_012594805.1
OG0000130	WP_119259949.1	WP_012594988.1
OG0000131	WP_119260796.1	WP_015957321.1
OG0000132	WP_119260138.1	WP_012594366.1
OG0000133	WP_119259631.1	WP_012595989.1
OG0000134	WP_085435268.1	WP_012595984.1
OG0000135	WP_172582017.1	WP_012595644.1
OG0000136	WP_119260814.1	WP_012595479.1
OG0000137	WP_119260861.1	WP_012594337.1, WP_012595640.1
OG0000138	WP_119260211.1	WP_012596073.1, WP_012593588.1
OG0000139	WP_119260344.1	WP_012595057.1
OG0000140	WP_119259276.1	WP_012596877.1
OG0000141	WP_232014582.1, WP_172582034.1	WP_012594416.1
OG0000142	WP_119260519.1	WP_012593511.1
OG0000143	WP_119259464.1	WP_012594949.1
OG0000144	WP_119260364.1	WP_012594160.1
OG0000145	WP_119259474.1	WP_012596664.1
OG0000146	WP_119259711.1	WP_012596526.1
OG0000147	WP_119259830.1	WP_015785160.1
OG0000148	WP_119260439.1	WP_015957424.1, WP_012593424.1
OG0000149	WP_119260460.1	WP_012593847.1
OG0000150	WP_119259768.1	WP_012593636.1
OG0000151	WP_119260111.1	WP_012594201.1
OG0000153	WP_119259849.1	WP_012595642.1
OG0000154	WP_119260544.1	WP_012595103.1, WP_012595438.1
OG0000155	WP_119259517.1	WP_012596725.1
OG0000156	WP_119260761.1	WP_012595010.1
OG0000157	WP_119260618.1	WP_012596253.1, WP_012595147.1
OG0000158	WP_119260894.1	WP_012594198.1
OG0000159	WP_119259285.1	WP_015957304.1
OG0000160	WP_119259391.1	WP_012597253.1
OG0000161	WP_119259992.1	WP_012596564.1, WP_012595658.1
OG0000162	WP_119259556.1	WP_012594272.1
OG0000163	WP_119260773.1	WP_012595130.1
OG0000164	WP_119260787.1	WP_012596408.1, WP_012594769.1
OG0000165	WP_119260494.1	WP_012596278.1, WP_012593645.1
OG0000166	WP_119260841.1	WP_012596831.1
OG0000167	WP_119260047.1	WP_012595347.1
OG0000168	WP_119259684.1	WP_012595040.1
OG0000169	WP_119259461.1	WP_015957306.1
OG0000170	WP_119260038.1	WP_012595415.1
OG0000171	WP_119260150.1	WP_012596566.1, WP_012594960.1
OG0000172	WP_119259500.1	WP_012595847.1
OG0000173	WP_119260320.1	WP_203427710.1, WP_012596482.1
OG0000174	WP_232014546.1	WP_041229611.1
OG0000175	WP_172582112.1	WP_203427739.1
OG0000176	WP_119259626.1	WP_012595983.1
OG0000177	WP_119260063.1	WP_012593812.1
OG0000178	WP_119260823.1	WP_015957285.1
OG0000179	WP_119259444.1	WP_012593831.1
OG0000180	WP_119259733.1	WP_012594966.1
OG0000181	WP_119260699.1	WP_012595123.1
OG0000182	WP_119259961.1	WP_041229695.1
OG0000183	WP_119260286.1	WP_012595945.1, WP_012596143.1
OG0000184	WP_119259896.1	WP_012595374.1
OG0000185	WP_119259572.1, WP_119260166.1	WP_015785214.1
OG0000186	WP_119260567.1	WP_012595365.1, WP_012595446.1
OG0000187	WP_119260343.1	WP_012596644.1
OG0000188	WP_232014533.1	WP_012594741.1, WP_015957416.1
OG0000189	WP_119259354.1	WP_012597216.1
OG0000191	WP_172582030.1	WP_015957309.1
OG0000196	WP_119259564.1	WP_015957427.1
OG0000199	WP_119260229.1	WP_012594626.1
OG0000202	WP_119260825.1	WP_012595276.1
OG0000204	WP_232014493.1	WP_012597054.1
OG0000206	WP_119260946.1	WP_012593773.1
OG0000207	WP_119260668.1	WP_012596604.1
OG0000208	WP_119260666.1	WP_012596606.1
OG0000209	WP_119260665.1	WP_041229666.1
OG0000210	WP_119259692.1	WP_241392578.1
OG0000211	WP_119259974.1	WP_012595966.1
OG0000212	WP_119259978.1	WP_012596410.1
OG0000213	WP_119259963.1	WP_012597286.1
OG0000214	WP_119259753.1	WP_015785332.1
OG0000215	WP_119259546.1	WP_012596472.1
OG0000216	WP_119259286.1	WP_012594625.1
OG0000217	WP_119260206.1	WP_015785184.1, WP_012596517.1
OG0000218	WP_119259825.1	WP_012596189.1
OG0000219	WP_119259826.1	WP_012596188.1
OG0000220	WP_119260249.1	WP_012593915.1
OG0000221	WP_119260031.1	WP_012594414.1
OG0000222	WP_119260468.1	WP_012595449.1
OG0000223	WP_119260800.1	WP_241392706.1
OG0000224	WP_232014616.1	WP_012595975.1
OG0000225	WP_119259903.1	WP_012595221.1
OG0000226	WP_119259787.1	WP_012596165.1
OG0000227	WP_119260447.1	WP_012595802.1
OG0000228	WP_119259343.1	WP_015957373.1
OG0000229	WP_119260569.1	WP_012594390.1
OG0000230	WP_119260570.1	WP_012594391.1
OG0000231	WP_119260232.1	WP_012593739.1
OG0000232	WP_119260638.1	WP_012596038.1
OG0000233	WP_119260888.1	WP_012596401.1
OG0000234	WP_119259410.1	WP_012596164.1
OG0000235	WP_119259982.1	WP_012593780.1
OG0000236	WP_119260052.1	WP_012596405.1
OG0000237	WP_119260248.1	WP_012593914.1
OG0000238	WP_119261008.1	WP_012594192.1, WP_012596770.1
OG0000239	WP_119259452.1	WP_012594762.1
OG0000240	WP_119259351.1	WP_015783767.1
OG0000241	WP_119260819.1	WP_012596449.1
OG0000242	WP_119260820.1	WP_012596450.1
OG0000243	WP_119260391.1	WP_015957410.1
OG0000244	WP_232014534.1	WP_203427731.1
OG0000245	WP_119260441.1	WP_012595552.1
OG0000246	WP_119259860.1	WP_015785349.1
OG0000247	WP_119260295.1	WP_012596112.1
OG0000248	WP_119259590.1	WP_012595804.1
OG0000249	WP_119259985.1	WP_012594232.1
OG0000250	WP_119259555.1	WP_012594234.1
OG0000251	WP_119260724.1	WP_041229716.1
OG0000252	WP_119259818.1	WP_012593538.1
OG0000253	WP_119259817.1	WP_012593537.1
OG0000254	WP_119259815.1	WP_012593536.1
OG0000255	WP_119259708.1	WP_012596595.1
OG0000256	WP_119259485.1	WP_012596593.1
OG0000257	WP_119260437.1	WP_012596575.1
OG0000258	WP_119261002.1	WP_012596576.1
OG0000259	WP_119260882.1	WP_012594229.1
OG0000260	WP_119260881.1	WP_012594228.1
OG0000261	WP_119259723.1	WP_012595629.1
OG0000262	WP_119259722.1	WP_012595628.1
OG0000263	WP_119260572.1	WP_012593882.1
OG0000264	WP_119260571.1	WP_012593881.1
OG0000265	WP_119259834.1	WP_012593685.1
OG0000266	WP_119259835.1	WP_012593686.1
OG0000267	WP_119260679.1	WP_012596332.1
OG0000268	WP_119260076.1	WP_012594680.1
OG0000269	WP_119260698.1	WP_012595125.1
OG0000270	WP_119260700.1	WP_012594219.1
OG0000271	WP_119259705.1	WP_012594220.1
OG0000272	WP_119260227.1	WP_012595296.1
OG0000273	WP_119260219.1	WP_012594382.1
OG0000274	WP_119259696.1	WP_015785343.1
OG0000275	WP_119259629.1	WP_012595987.1
OG0000276	WP_119259628.1	WP_012595986.1
OG0000277	WP_119259627.1	WP_012595985.1
OG0000278	WP_119259625.1	WP_203427735.1
OG0000279	WP_119259649.1	WP_012593772.1
OG0000280	WP_119260510.1	WP_041229918.1
OG0000281	WP_119260509.1	WP_015785099.1
OG0000282	WP_119259566.1	WP_241392705.1
OG0000283	WP_119259396.1	WP_012596610.1
OG0000284	WP_119259879.1	WP_203427730.1
OG0000285	WP_119260396.1	WP_012596667.1
OG0000286	WP_119259907.1	WP_015957363.1
OG0000287	WP_119260491.1	WP_012593395.1
OG0000288	WP_232014470.1	WP_012596537.1
OG0000289	WP_119259314.1	WP_012595867.1
OG0000290	WP_119259315.1	WP_012595868.1
OG0000291	WP_119259317.1	WP_012595870.1
OG0000292	WP_119260951.1	WP_012595620.1
OG0000293	WP_119260692.1	WP_012596430.1
OG0000294	WP_119260691.1	WP_012596431.1
OG0000295	WP_119259866.1	WP_015785403.1
OG0000296	WP_119260096.1	WP_012595748.1
OG0000297	WP_119259689.1	WP_012595834.1
OG0000298	WP_119259602.1	WP_012595385.1
OG0000299	WP_119259786.1	WP_012593963.1
OG0000300	WP_119260304.1	WP_012594621.1
OG0000301	WP_119260643.1	WP_012595573.1
OG0000302	WP_119260644.1	WP_241392536.1
OG0000303	WP_119259492.1	WP_015785312.1
OG0000304	WP_119259493.1	WP_015957385.1
OG0000305	WP_119260764.1	WP_012594443.1
OG0000306	WP_119260049.1	WP_012593757.1
OG0000307	WP_119259757.1	WP_012595526.1
OG0000308	WP_119260079.1	WP_012594943.1
OG0000309	WP_119260924.1	WP_012594142.1
OG0000310	WP_119259356.1	WP_012595076.1
OG0000311	WP_119259858.1	WP_012593708.1
OG0000312	WP_119259859.1	WP_012593707.1
OG0000313	WP_119259509.1	WP_012596093.1
OG0000314	WP_119260032.1	WP_012595776.1
OG0000315	WP_119260815.1	WP_012595249.1
OG0000316	WP_119260387.1	WP_012596869.1
OG0000317	WP_232014588.1	WP_012594558.1
OG0000318	WP_119259437.1	WP_012594557.1
OG0000319	WP_119259873.1	WP_012596661.1
OG0000320	WP_119259872.1	WP_012596660.1
OG0000321	WP_119260731.1	WP_012593866.1
OG0000322	WP_119259770.1	WP_012596298.1
OG0000323	WP_119259799.1	WP_012594276.1
OG0000324	WP_119259798.1	WP_012594277.1
OG0000325	WP_119260241.1	WP_012593668.1
OG0000326	WP_119260678.1	WP_012593988.1
OG0000327	WP_119259584.1	WP_012596163.1
OG0000328	WP_119259884.1	WP_012595794.1
OG0000329	WP_232014572.1	WP_012595793.1
OG0000330	WP_119259886.1	WP_012595792.1
OG0000331	WP_119259686.1	WP_012595706.1
OG0000332	WP_119259597.1	WP_012593749.1
OG0000333	WP_119259596.1	WP_012593953.1
OG0000334	WP_119260183.1	WP_012596006.1
OG0000335	WP_119259754.1	WP_012595533.1
OG0000336	WP_119260587.1	WP_015785178.1
OG0000337	WP_119260106.1	WP_012594885.1
OG0000338	WP_119260133.1	WP_012594507.1
OG0000339	WP_119260690.1	WP_012593456.1
OG0000340	WP_119259618.1	WP_012595611.1
OG0000341	WP_119260671.1	WP_012597105.1
OG0000342	WP_119259642.1	WP_012593807.1
OG0000343	WP_119260292.1	WP_012593806.1
OG0000344	WP_119259778.1	WP_012593903.1
OG0000345	WP_119260346.1	WP_012595059.1
OG0000346	WP_119260347.1	WP_012595060.1
OG0000347	WP_119260348.1	WP_012595061.1
OG0000348	WP_119260349.1	WP_012595062.1
OG0000349	WP_119260893.1	WP_203427725.1
OG0000350	WP_119259808.1	WP_012594616.1
OG0000351	WP_119260807.1	WP_041229900.1
OG0000352	WP_119260806.1	WP_012597102.1
OG0000353	WP_119259475.1	WP_015785330.1
OG0000354	WP_119260479.1	WP_012593664.1
OG0000355	WP_119259390.1	WP_012597254.1
OG0000356	WP_119259275.1	WP_012596876.1
OG0000357	WP_119261012.1	WP_012595972.1
OG0000358	WP_119260525.1	WP_012596351.1
OG0000359	WP_119260968.1	WP_012594019.1
OG0000360	WP_119259441.1	WP_012594560.1
OG0000361	WP_119260936.1	WP_012594340.1
OG0000362	WP_119260021.1	WP_012596654.1
OG0000363	WP_119260331.1	WP_012593938.1
OG0000364	WP_119259324.1	WP_012596333.1
OG0000365	WP_119260196.1	WP_012597041.1
OG0000366	WP_119260296.1	WP_012596657.1
OG0000367	WP_119260805.1	WP_012597097.1
OG0000368	WP_119260703.1	WP_012593407.1
OG0000369	WP_119260270.1	WP_012595861.1
OG0000370	WP_119260272.1	WP_012595859.1
OG0000371	WP_119260382.1	WP_012595048.1
OG0000372	WP_232014610.1	WP_241392679.1
OG0000373	WP_119259624.1	WP_012593515.1
OG0000374	WP_119259297.1	WP_012595692.1
OG0000375	WP_119259302.1	WP_012593702.1
OG0000376	WP_119259306.1	WP_012593844.1
OG0000377	WP_119260088.1	WP_012594850.1
OG0000378	WP_119260087.1	WP_012594851.1
OG0000379	WP_119260659.1	WP_012597249.1
OG0000380	WP_119260657.1	WP_012597251.1
OG0000381	WP_044106898.1	WP_071819093.1
OG0000382	WP_119260520.1	WP_012593510.1
OG0000383	WP_119260521.1	WP_012593509.1
OG0000384	WP_119260650.1	WP_012596314.1
OG0000385	WP_119259339.1	WP_012594015.1
OG0000386	WP_119260362.1	WP_012596342.1
OG0000387	WP_119260701.1	WP_015785333.1
OG0000388	WP_119259899.1	WP_012594032.1
OG0000389	WP_119259901.1	WP_012594036.1
OG0000390	WP_119259421.1	WP_012594947.1
OG0000391	WP_232014523.1	WP_012595156.1
OG0000392	WP_119260734.1	WP_012595432.1
OG0000393	WP_119260735.1	WP_012596247.1
OG0000394	WP_119260195.1	WP_041229585.1
OG0000395	WP_119260193.1	WP_012593815.1
OG0000396	WP_119260750.1	WP_012595621.1
OG0000397	WP_119260904.1	WP_012594139.1
OG0000398	WP_119260066.1	WP_012594522.1
OG0000399	WP_119259876.1	WP_015785146.1
OG0000400	WP_119259334.1	WP_012593698.1
OG0000401	WP_119260330.1	WP_012596579.1
OG0000402	WP_119260329.1	WP_012596580.1
OG0000403	WP_119260039.1	WP_012593778.1
OG0000404	WP_119259463.1	WP_012593909.1
OG0000405	WP_119260256.1	WP_012596092.1
OG0000406	WP_119260255.1	WP_012596091.1
OG0000407	WP_119260221.1	WP_015957326.1
OG0000408	WP_119260223.1	WP_015957328.1
OG0000409	WP_119260224.1	WP_015785220.1
OG0000410	WP_119260991.1	WP_012595063.1
OG0000411	WP_119260730.1	WP_012597143.1
OG0000412	WP_119260253.1	WP_012596086.1
OG0000413	WP_119260709.1	WP_012593728.1
OG0000414	WP_119260513.1	WP_012595398.1
OG0000415	WP_119259727.1	WP_012596371.1
OG0000416	WP_119259400.1	WP_012595646.1
OG0000417	WP_119259942.1	WP_012596931.1
OG0000418	WP_119259960.1	WP_012594600.1
OG0000419	WP_119260726.1	WP_012596049.1
OG0000420	WP_119260725.1	WP_012596050.1
OG0000421	WP_119261015.1	WP_015957400.1
OG0000422	WP_119259970.1	WP_012597051.1
OG0000423	WP_119260528.1	WP_012594429.1
OG0000424	WP_119260257.1	WP_012594318.1
OG0000425	WP_119259751.1	WP_012593471.1
OG0000426	WP_119260445.1	WP_012595345.1
OG0000427	WP_119260444.1	WP_012595346.1
OG0000428	WP_119260202.1	WP_012596104.1
OG0000429	WP_119260375.1	WP_012596989.1
OG0000430	WP_119259889.1	WP_012596150.1
OG0000431	WP_119260071.1	WP_012594157.1
OG0000432	WP_119260827.1	WP_012594821.1
OG0000433	WP_119260531.1	WP_015957413.1
OG0000434	WP_119260532.1	WP_015785357.1
OG0000435	WP_119260533.1	WP_015957412.1
OG0000436	WP_119260818.1	WP_015957431.1
OG0000437	WP_119260845.1	WP_012596710.1
OG0000438	WP_119259741.1	WP_012594844.1
OG0000439	WP_119259575.1	WP_012594503.1
OG0000440	WP_119259712.1	WP_012596525.1
OG0000441	WP_119260637.1	WP_012596037.1
OG0000442	WP_119259587.1	WP_012596691.1
OG0000443	WP_119259593.1	WP_012597120.1
OG0000444	WP_119259612.1	WP_012594591.1
OG0000445	WP_119259611.1	WP_012594592.1
OG0000446	WP_119259600.1	WP_012593889.1
OG0000447	WP_119260593.1	WP_012595907.1
OG0000448	WP_119259989.1	WP_012593784.1
OG0000449	WP_119259990.1	WP_012593785.1
OG0000450	WP_119260243.1	WP_012596331.1
OG0000451	WP_119260244.1	WP_012596192.1
OG0000452	WP_119259489.1	WP_012594137.1
OG0000453	WP_119260508.1	WP_015785100.1
OG0000454	WP_172582046.1	WP_012596354.1
OG0000455	WP_119260192.1	WP_012596353.1
OG0000456	WP_119259417.1	WP_012596636.1
OG0000457	WP_119260670.1	WP_012596137.1
OG0000458	WP_119259971.1	WP_012595213.1
OG0000459	WP_119259402.1	WP_012594113.1
OG0000460	WP_119261022.1	WP_041229914.1
OG0000461	WP_119260325.1	WP_012596172.1
OG0000462	WP_119260062.1	WP_012594756.1
OG0000463	WP_119259540.1	WP_012596947.1
OG0000464	WP_232014600.1	WP_012595490.1
OG0000465	WP_232014594.1	WP_241392640.1
OG0000466	WP_119259796.1	WP_012596779.1
OG0000467	WP_119260140.1	WP_012595311.1
OG0000468	WP_119260385.1	WP_012596465.1
OG0000469	WP_119259490.1	WP_015785310.1
OG0000470	WP_119259491.1	WP_015785311.1
OG0000471	WP_119259745.1	WP_012593850.1
OG0000472	WP_119259311.1	WP_012594267.1
OG0000473	WP_232014506.1	WP_012593401.1
OG0000474	WP_119259919.1	WP_012595267.1
OG0000475	WP_119260706.1	WP_012596765.1
OG0000476	WP_119260707.1	WP_012596764.1
OG0000477	WP_119259591.1	WP_012594897.1
OG0000478	WP_119259707.1	WP_012597233.1
OG0000479	WP_119259518.1	WP_012595765.1
OG0000480	WP_232014570.1	WP_012593711.1
OG0000481	WP_119259857.1	WP_012593710.1
OG0000482	WP_119260574.1	WP_012595610.1
OG0000483	WP_119260443.1	WP_012595550.1
OG0000484	WP_119260162.1	WP_012595853.1
OG0000485	WP_119260163.1	WP_012595852.1
OG0000486	WP_119260164.1	WP_012595851.1
OG0000487	WP_119260998.1	WP_012595379.1
OG0000488	WP_119260578.1	WP_012596832.1
OG0000489	WP_119260950.1	WP_012596412.1
OG0000490	WP_119260423.1	WP_241392697.1
OG0000491	WP_119259401.1	WP_012595535.1
OG0000492	WP_119260422.1	WP_012594513.1
OG0000493	WP_119259338.1	WP_015785230.1
OG0000494	WP_119260171.1	WP_012594283.1
OG0000495	WP_119260234.1	WP_012593993.1
OG0000496	WP_119260478.1	WP_012593504.1
OG0000497	WP_119260610.1	WP_012593474.1
OG0000498	WP_119260332.1	WP_203427747.1
OG0000499	WP_119259955.1	WP_012594567.1
OG0000500	WP_119260389.1	WP_012595833.1
OG0000501	WP_119260789.1	WP_012597278.1
OG0000502	WP_119259609.1	WP_041229606.1
OG0000503	WP_119260299.1	WP_012593633.1
OG0000504	WP_119260300.1	WP_012593634.1
OG0000505	WP_119260288.1	WP_012593893.1
OG0000506	WP_119260287.1	WP_012595946.1
OG0000507	WP_119260334.1	WP_012595027.1
OG0000508	WP_232014469.1	WP_012594624.1
OG0000509	WP_172582072.1	WP_041229671.1
OG0000510	WP_119261010.1	WP_012595635.1
OG0000511	WP_119260051.1	WP_012597048.1
OG0000512	WP_119260617.1	WP_012597047.1
OG0000513	WP_119260099.1	WP_012595384.1
OG0000514	WP_119260905.1	WP_012596882.1
OG0000515	WP_119260298.1	WP_012595546.1
OG0000516	WP_119260367.1	WP_012594006.1
OG0000517	WP_119259828.1	WP_012596185.1
OG0000518	WP_119260854.1	WP_012595541.1
OG0000519	WP_119260275.1	WP_012594783.1
OG0000520	WP_119260276.1	WP_012594782.1
OG0000521	WP_119259774.1	WP_012596257.1
OG0000522	WP_119259460.1	WP_012594109.1
OG0000523	WP_119259767.1	WP_012595247.1
OG0000524	WP_119259766.1	WP_012595246.1
OG0000525	WP_119259759.1	WP_012596061.1
OG0000526	WP_119259393.1	WP_012594225.1
OG0000527	WP_119259969.1	WP_012593828.1
OG0000528	WP_119259968.1	WP_012594360.1
OG0000529	WP_119260054.1	WP_012595461.1
OG0000530	WP_119259764.1	WP_012593801.1
OG0000531	WP_119260926.1	WP_012593800.1
OG0000532	WP_232014596.1	WP_012593496.1
OG0000533	WP_119259578.1	WP_012595073.1
OG0000534	WP_119259580.1	WP_012595071.1
OG0000535	WP_119259581.1	WP_012595070.1
OG0000536	WP_119260170.1	WP_012594282.1
OG0000537	WP_119259296.1	WP_012595691.1
OG0000538	WP_119259617.1	WP_012594608.1
OG0000539	WP_119260684.1	WP_012595881.1
OG0000540	WP_119260107.1	WP_012594883.1
OG0000541	WP_119259329.1	WP_012594742.1
OG0000542	WP_119259582.1	WP_012596007.1
OG0000543	WP_232014612.1	WP_012596796.1
OG0000544	WP_119260535.1	WP_012595091.1
OG0000545	WP_119260536.1	WP_012595093.1
OG0000546	WP_119260537.1	WP_012595094.1
OG0000547	WP_119260538.1	WP_012595095.1
OG0000548	WP_119260539.1	WP_012595096.1
OG0000549	WP_119260542.1	WP_012595099.1
OG0000550	WP_119260543.1	WP_012595102.1
OG0000551	WP_119260545.1	WP_012595104.1
OG0000552	WP_119260546.1	WP_012595105.1
OG0000553	WP_119260547.1	WP_012595106.1
OG0000554	WP_119260548.1	WP_012595107.1
OG0000555	WP_119260550.1	WP_012595109.1
OG0000556	WP_119260554.1	WP_012595113.1
OG0000557	WP_119260555.1	WP_012595114.1
OG0000558	WP_119260563.1	WP_012595464.1
OG0000559	WP_119260564.1	WP_012595121.1
OG0000560	WP_119260269.1	WP_012595430.1
OG0000561	WP_119260595.1	WP_015785409.1
OG0000562	WP_119260727.1	WP_015785115.1
OG0000563	WP_119260281.1	WP_012594666.1
OG0000564	WP_044105787.1	WP_012594477.1
OG0000565	WP_119260430.1	WP_012596365.1
OG0000566	WP_119259851.1	WP_012595211.1
OG0000567	WP_119260927.1	WP_012594039.1
OG0000568	WP_119259321.1	WP_012594828.1
OG0000569	WP_119261018.1	WP_012594171.1
OG0000570	WP_119260620.1	WP_012594172.1
OG0000571	WP_119260103.1	WP_012594461.1
OG0000572	WP_119260401.1	WP_015957350.1
OG0000573	WP_119260402.1	WP_015785253.1
OG0000574	WP_119259542.1	WP_012595475.1
OG0000575	WP_119260984.1	WP_012595563.1
OG0000576	WP_119260260.1	WP_012595561.1
OG0000577	WP_119259361.1	WP_012595998.1
OG0000579	WP_119259613.1	WP_012594487.1
OG0000580	WP_119260628.1	WP_012595880.1
OG0000581	WP_232014597.1	WP_012595023.1
OG0000582	WP_119260990.1	WP_012594263.1
OG0000583	WP_119260339.1	WP_012594262.1
OG0000584	WP_119259355.1	WP_012597217.1
OG0000585	WP_119260482.1	WP_012594642.1
OG0000586	WP_172582105.1	WP_012596875.1
OG0000587	WP_119260721.1	WP_012595757.1
OG0000588	WP_119260388.1	WP_012595279.1
OG0000589	WP_119259284.1	WP_012594748.1
OG0000590	WP_119260311.1	WP_012596147.1
OG0000591	WP_119260310.1	WP_012596148.1
OG0000592	WP_119260309.1	WP_012596149.1
OG0000593	WP_119260093.1	WP_012596631.1
OG0000594	WP_119259278.1	WP_012596898.1
OG0000595	WP_119260788.1	WP_012594826.1
OG0000596	WP_119259577.1	WP_012596064.1
OG0000597	WP_119260582.1	WP_012596076.1
OG0000598	WP_119260909.1	WP_203427701.1
OG0000599	WP_119260660.1	WP_012597052.1
OG0000600	WP_232014458.1	WP_012593526.1
OG0000601	WP_119259412.1	WP_012595351.1
OG0000602	WP_119259527.1	WP_015957302.1
OG0000603	WP_119260119.1	WP_012595547.1
OG0000604	WP_119260159.1	WP_012595256.1
OG0000605	WP_232014465.1	WP_012594456.1
OG0000606	WP_119260605.1	WP_012594482.1
OG0000607	WP_119260147.1	WP_012595723.1
OG0000608	WP_172582044.1	WP_012595722.1
OG0000609	WP_119260449.1	WP_012593404.1
OG0000610	WP_119260672.1	WP_012594294.1
OG0000611	WP_119260020.1	WP_012593870.1
OG0000612	WP_119259561.1	WP_012595980.1
OG0000613	WP_119259560.1	WP_012595979.1
OG0000614	WP_119259559.1	WP_012595978.1
OG0000615	WP_119260001.1	WP_012596489.1
OG0000616	WP_119259407.1	WP_012595901.1
OG0000617	WP_119260381.1	WP_012596952.1
OG0000618	WP_119259433.1	WP_012593577.1
OG0000619	WP_119259434.1	WP_012594772.1
OG0000620	WP_119261042.1	WP_012595671.1
OG0000621	WP_119260318.1	WP_012593792.1
OG0000622	WP_119260317.1	WP_012593791.1
OG0000623	WP_119260316.1	WP_012593790.1
OG0000624	WP_119260988.1	WP_012593789.1
OG0000625	WP_119259359.1	WP_012594426.1
OG0000626	WP_119260718.1	WP_012597185.1
OG0000627	WP_232014508.1	WP_012597183.1
OG0000628	WP_119260838.1	WP_012596128.1
OG0000629	WP_119259938.1	WP_015785265.1
OG0000630	WP_119260903.1	WP_012594205.1
OG0000631	WP_119260435.1	WP_012596120.1
OG0000632	WP_119259528.1	WP_015785209.1
OG0000633	WP_119260176.1	WP_012594453.1
OG0000634	WP_119260175.1	WP_012596915.1
OG0000635	WP_119259651.1	WP_012596484.1
OG0000636	WP_119259650.1	WP_015785134.1
OG0000637	WP_119259523.1	WP_012594807.1
OG0000638	WP_119259385.1	WP_012597191.1
OG0000639	WP_119261031.1	WP_012594708.1
OG0000640	WP_232014498.1	WP_241392687.1
OG0000641	WP_119259465.1	WP_012595653.1
OG0000642	WP_119259535.1	WP_012593654.1
OG0000643	WP_119259290.1	WP_012594951.1
OG0000644	WP_119259864.1	WP_012594993.1
OG0000645	WP_119260943.1	WP_012594992.1
OG0000646	WP_119259948.1	WP_012597056.1
OG0000647	WP_119259740.1	WP_012594075.1
OG0000648	WP_119259445.1	WP_012594091.1
OG0000649	WP_119259730.1	WP_012596426.1
OG0000650	WP_119260754.1	WP_012597258.1
OG0000651	WP_119260755.1	WP_012597259.1
OG0000652	WP_119259454.1	WP_012593539.1
OG0000653	WP_119259797.1	WP_012596889.1
OG0000654	WP_172582119.1	WP_041229609.1
OG0000655	WP_119259565.1	WP_012593924.1
OG0000656	WP_119260322.1	WP_012593925.1
OG0000657	WP_119260155.1	WP_012596512.1
OG0000658	WP_119259346.1	WP_012595266.1
OG0000659	WP_119259693.1	WP_012596613.1
OG0000660	WP_119260139.1	WP_015785323.1
OG0000661	WP_119260377.1	WP_012595830.1
OG0000662	WP_232014608.1	WP_012595831.1
OG0000663	WP_119259319.1	WP_012595769.1
OG0000664	WP_119259996.1	WP_012593762.1
OG0000665	WP_119259877.1	WP_012595142.1
OG0000666	WP_119260200.1	WP_012594865.1
OG0000667	WP_119260199.1	WP_012594864.1
OG0000668	WP_119260197.1	WP_012594862.1
OG0000669	WP_044107444.1	WP_012594861.1
OG0000670	WP_119260529.1	WP_012593841.1
OG0000671	WP_119260328.1	WP_012596168.1
OG0000672	WP_119260368.1	WP_241392716.1
OG0000673	WP_119260830.1	WP_012594297.1
OG0000674	WP_119259964.1	WP_012596323.1
OG0000675	WP_119260596.1	WP_012595696.1
OG0000676	WP_119260597.1	WP_012594364.1
OG0000677	WP_119260598.1	WP_012594363.1
OG0000678	WP_119260599.1	WP_012594362.1
OG0000679	WP_119260600.1	WP_012594361.1
OG0000680	WP_119259926.1	WP_012595604.1
OG0000681	WP_119259924.1	WP_012595602.1
OG0000682	WP_119259923.1	WP_012595601.1
OG0000683	WP_119259922.1	WP_012595600.1
OG0000684	WP_119259921.1	WP_012595599.1
OG0000685	WP_119259543.1	WP_012594934.1
OG0000686	WP_119260307.1	WP_012596979.1
OG0000687	WP_119260677.1	WP_012593583.1
OG0000688	WP_119259606.1	WP_012593855.1
OG0000689	WP_119260212.1	WP_012593734.1
OG0000690	WP_119259840.1	WP_012595251.1
OG0000691	WP_119259806.1	WP_015957299.1
OG0000692	WP_119260392.1	WP_012593981.1
OG0000693	WP_119259632.1	WP_012596749.1
OG0000694	WP_119259773.1	WP_012596295.1
OG0000695	WP_119259772.1	WP_012596296.1
OG0000696	WP_232014559.1	WP_049769551.1
OG0000697	WP_119259837.1	WP_203427684.1
OG0000698	WP_172582035.1	WP_241392676.1
OG0000699	WP_119260516.1	WP_012594526.1
OG0000700	WP_232014564.1	WP_012596681.1
OG0000701	WP_119259812.1	WP_012596682.1
OG0000702	WP_119259813.1	WP_012596683.1
OG0000703	WP_119261044.1	WP_041229799.1
OG0000704	WP_119260613.1	WP_012595122.1
OG0000705	WP_119260462.1	WP_012595994.1
OG0000706	WP_119259404.1	WP_012594706.1
OG0000707	WP_119260901.1	WP_012593836.1
OG0000708	WP_119259519.1	WP_012596968.1
OG0000709	WP_119260642.1	WP_012595571.1
OG0000710	WP_119260636.1	WP_012595181.1
OG0000711	WP_119260216.1	WP_012595357.1
OG0000712	WP_119260214.1	WP_012595359.1
OG0000713	WP_172582023.1	WP_012594753.1
OG0000714	WP_044107668.1	WP_012596718.1
OG0000715	WP_119260624.1	WP_012596646.1
OG0000716	WP_119260911.1	WP_012595129.1
OG0000717	WP_119260203.1	WP_015785189.1
OG0000718	WP_119259604.1	WP_012595185.1
OG0000719	WP_119260081.1	WP_012594971.1
OG0000720	WP_119260082.1	WP_012594970.1
OG0000721	WP_119260440.1	WP_012594489.1
OG0000722	WP_119260793.1	WP_012596107.1
OG0000723	WP_119260832.1	WP_012595568.1
OG0000724	WP_119259534.1	WP_012596132.1
OG0000725	WP_119259305.1	WP_012596129.1
OG0000726	WP_119259920.1	WP_012595595.1
OG0000727	WP_119260333.1	WP_012595026.1
OG0000728	WP_119260400.1	WP_012596337.1
OG0000729	WP_119259720.1	WP_012595589.1
OG0000730	WP_119259719.1	WP_012595590.1
OG0000731	WP_119259476.1	WP_012595420.1
OG0000732	WP_119259477.1	WP_012595421.1
OG0000733	WP_119260715.1	WP_203427726.1
OG0000734	WP_119261050.1	WP_012596865.1
OG0000735	WP_119260794.1	WP_012593490.1
OG0000736	WP_119259532.1	WP_012594613.1
OG0000737	WP_119259282.1	WP_012593944.1
OG0000738	WP_119260518.1	WP_012593512.1
OG0000739	WP_119260631.1	WP_012595176.1
OG0000740	WP_119260632.1	WP_012595177.1
OG0000741	WP_119260633.1	WP_012595178.1
OG0000742	WP_119260634.1	WP_012595179.1
OG0000743	WP_119260635.1	WP_012595180.1
OG0000744	WP_119260583.1	WP_012593420.1
OG0000745	WP_119260687.1	WP_012595306.1
OG0000746	WP_119259513.1	WP_015785366.1
OG0000747	WP_119259694.1	WP_012596612.1
OG0000748	WP_119260812.1	WP_012597203.1
OG0000749	WP_119260041.1	WP_012595705.1
OG0000750	WP_119260042.1	WP_012595704.1
OG0000751	WP_119260457.1	WP_012596761.1
OG0000752	WP_119260458.1	WP_012596760.1
OG0000753	WP_119259795.1	WP_012594378.1
OG0000754	WP_119260522.1	WP_012593507.1
OG0000755	WP_232014495.1	WP_012594564.1
OG0000756	WP_119259620.1	WP_015785239.1
OG0000757	WP_119259619.1	WP_015785240.1
OG0000758	WP_119259868.1	WP_012595314.1
OG0000759	WP_119260376.1	WP_012595829.1
OG0000760	WP_119259496.1	WP_012595051.1
OG0000761	WP_119260651.1	WP_012595688.1
OG0000762	WP_119259691.1	WP_012595796.1
OG0000763	WP_119259318.1	WP_012597169.1
OG0000764	WP_119260148.1	WP_012594964.1
OG0000765	WP_119260149.1	WP_012594961.1
OG0000766	WP_044106871.1	WP_012595882.1
OG0000767	WP_119259867.1	WP_012595269.1
OG0000768	WP_119260118.1	WP_012593863.1
OG0000769	WP_232014607.1	WP_241392674.1
OG0000770	WP_119260091.1	WP_012593566.1
OG0000771	WP_119260019.1	WP_012596800.1
OG0000772	WP_119260393.1	WP_012593983.1
OG0000773	WP_119260496.1	WP_012593647.1
OG0000774	WP_119259929.1	WP_015957437.1
OG0000775	WP_119259480.1	WP_012595333.1
OG0000776	WP_119260395.1	WP_012594310.1
OG0000777	WP_119260512.1	WP_012594501.1
OG0000778	WP_172582073.1	WP_012594500.1
OG0000779	WP_119260969.1	WP_012594875.1
OG0000780	WP_119260662.1	WP_012596534.1
OG0000781	WP_119259615.1	WP_012596893.1
OG0000782	WP_119259908.1	WP_012597008.1
OG0000783	WP_232014574.1	WP_012597007.1
OG0000784	WP_232014586.1	WP_203427711.1
OG0000785	WP_119259657.1	WP_012593632.1
OG0000786	WP_119259658.1	WP_012593631.1
OG0000787	WP_119259659.1	WP_012593630.1
OG0000788	WP_119259660.1	WP_012593629.1
OG0000789	WP_119259661.1	WP_012593628.1
OG0000790	WP_119259662.1	WP_012593627.1
OG0000791	WP_119259663.1	WP_012593626.1
OG0000792	WP_119259664.1	WP_012593625.1
OG0000793	WP_119259665.1	WP_012593624.1
OG0000794	WP_119259667.1	WP_012593622.1
OG0000795	WP_119259668.1	WP_012593621.1
OG0000796	WP_119259669.1	WP_012593620.1
OG0000797	WP_119259670.1	WP_012593619.1
OG0000798	WP_119259671.1	WP_012593618.1
OG0000799	WP_119259672.1	WP_012593617.1
OG0000800	WP_119259673.1	WP_012593616.1
OG0000801	WP_119259674.1	WP_012593615.1
OG0000802	WP_119259675.1	WP_012593614.1
OG0000803	WP_119259676.1	WP_012593613.1
OG0000804	WP_085433775.1	WP_012593612.1
OG0000805	WP_119259677.1	WP_012593610.1
OG0000806	WP_044106045.1	WP_012593609.1
OG0000807	WP_119260921.1	WP_041229708.1
OG0000808	WP_119259678.1	WP_012593607.1
OG0000809	WP_119259679.1	WP_012593606.1
OG0000810	WP_119259680.1	WP_012593605.1
OG0000811	WP_119259683.1	WP_012593589.1
OG0000812	WP_119260178.1	WP_012595686.1
OG0000813	WP_119260045.1	WP_012594255.1
OG0000814	WP_119260044.1	WP_012594256.1
OG0000815	WP_119259827.1	WP_012596187.1
OG0000816	WP_119259621.1	WP_041229843.1
OG0000817	WP_172582063.1	WP_012596622.1
OG0000818	WP_119260577.1	WP_012596833.1
OG0000819	WP_172582002.1	WP_012594399.1
OG0000820	WP_172582001.1	WP_012594398.1
OG0000821	WP_119259742.1	WP_012594348.1
OG0000822	WP_232014598.1	WP_012595258.1
OG0000823	WP_119260654.1	WP_012596552.1
OG0000824	WP_119260115.1	WP_012595017.1
OG0000825	WP_119259932.1	WP_012595465.1
OG0000826	WP_119259654.1	WP_012595885.1
OG0000827	WP_119260863.1	WP_012595500.1
OG0000828	WP_119260247.1	WP_012597067.1
OG0000829	WP_119260409.1	WP_012594235.1
OG0000830	WP_119260408.1	WP_012594240.1
OG0000831	WP_119260953.1	WP_012596488.1
OG0000832	WP_119260585.1	WP_012595821.1
OG0000833	WP_119260452.1	WP_012597236.1
OG0000834	WP_119259811.1	WP_012597257.1
OG0000835	WP_119259934.1	WP_012593418.1
OG0000836	WP_119259382.1	WP_012597220.1
OG0000837	WP_119260370.1	WP_012595304.1
OG0000838	WP_119260022.1	WP_012595887.1
OG0000839	WP_119260835.1	WP_012594818.1
OG0000840	WP_119259279.1	WP_012596362.1
OG0000841	WP_119259281.1	WP_012596360.1
OG0000842	WP_119260751.1	WP_012593769.1
OG0000843	WP_119260114.1	WP_012595018.1
OG0000844	WP_119259906.1	WP_012596035.1
OG0000845	WP_119259905.1	WP_012596034.1
OG0000846	WP_119260230.1	WP_012594627.1
OG0000847	WP_119259739.1	WP_012594073.1
OG0000848	WP_119259737.1	WP_012594071.1
OG0000849	WP_197715884.1	WP_012596695.1
OG0000850	WP_119259376.1	WP_012597243.1
OG0000851	WP_119259375.1	WP_012597242.1
OG0000852	WP_119260184.1	WP_012594582.1
OG0000853	WP_119260186.1	WP_012594585.1
OG0000854	WP_119260235.1	WP_012595087.1
OG0000855	WP_119260592.1	WP_012593888.1
OG0000856	WP_119261041.1	WP_012594304.1
OG0000857	WP_119259724.1	WP_012595941.1
OG0000858	WP_119260151.1	WP_012594959.1
OG0000859	WP_119260646.1	WP_012595576.1
OG0000860	WP_119260090.1	WP_012595339.1
OG0000861	WP_119260179.1	WP_203427664.1
OG0000862	WP_119260386.1	WP_012597032.1
OG0000863	WP_119259598.1	WP_012593860.1
OG0000864	WP_119259750.1	WP_012593736.1
OG0000865	WP_119260630.1	WP_012596098.1
OG0000866	WP_119260397.1	WP_012596213.1
OG0000867	WP_119260398.1	WP_012596212.1
OG0000868	WP_119260321.1	WP_012596481.1
OG0000869	WP_119260804.1	WP_012596857.1
OG0000870	WP_119260293.1	WP_012595856.1
OG0000871	WP_119259820.1	WP_012594246.1
OG0000872	WP_119259821.1	WP_012594247.1
OG0000873	WP_119259746.1	WP_012596400.1
OG0000874	WP_119259365.1	WP_012593485.1
OG0000875	WP_119260616.1	WP_012595394.1
OG0000876	WP_119259548.1	WP_012595877.1
OG0000877	WP_119259547.1	WP_012595878.1
OG0000878	WP_119260850.1	WP_012594893.1
OG0000879	WP_119260383.1	WP_012594166.1
OG0000880	WP_232014485.1	WP_241392590.1
OG0000881	WP_119259537.1	WP_012596070.1
OG0000882	WP_119260848.1	WP_012596117.1
OG0000883	WP_119260283.1	WP_012597014.1
OG0000884	WP_119260282.1	WP_012597015.1
OG0000885	WP_119260847.1	WP_012595184.1
OG0000886	WP_119260337.1	WP_012594702.1
OG0000887	WP_119259453.1	WP_041229645.1
OG0000888	WP_119259869.1	WP_012594492.1
OG0000889	WP_119260017.1	WP_041229689.1
OG0000890	WP_119259352.1	WP_012595039.1
OG0000891	WP_119260852.1	WP_012596775.1
OG0000892	WP_119260817.1	WP_015785393.1
OG0000893	WP_119260143.1	WP_012593967.1
OG0000894	WP_119260109.1	WP_012593966.1
OG0000895	WP_119260965.1	WP_012593965.1
OG0000896	WP_119260110.1	WP_012595224.1
OG0000897	WP_119259386.1	WP_012597092.1
OG0000898	WP_119260504.1	WP_203427742.1
OG0000899	WP_119259348.1	WP_012595079.1
OG0000900	WP_119259349.1	WP_012595078.1
OG0000901	WP_119260580.1	WP_012597110.1
OG0000902	WP_119260579.1	WP_012597111.1
OG0000903	WP_119260426.1	WP_012593936.1
OG0000904	WP_119260425.1	WP_012593935.1
OG0000905	WP_119260978.1	WP_012597272.1
OG0000906	WP_119260168.1	WP_012597273.1
OG0000907	WP_119259551.1	WP_012597085.1
OG0000908	WP_119260877.1	WP_012594933.1
OG0000909	WP_119261001.1	WP_015784071.1
OG0000910	WP_119259945.1	WP_015785153.1
OG0000911	WP_119260421.1	WP_012594512.1
OG0000912	WP_119259645.1	WP_012596080.1
OG0000913	WP_119259975.1	WP_012596302.1
OG0000914	WP_119259716.1	WP_012594244.1
OG0000915	WP_119259941.1	WP_041229722.1
OG0000916	WP_119260009.1	WP_012594549.1
OG0000917	WP_119259418.1	WP_012595497.1
OG0000918	WP_172582032.1	WP_012595884.1
OG0000919	WP_119260696.1	WP_012595962.1
OG0000920	WP_232014565.1	WP_012597157.1
OG0000921	WP_119260360.1	WP_012595338.1
OG0000922	WP_119260474.1	WP_012595337.1
OG0000923	WP_119259622.1	WP_012595935.1
OG0000924	WP_119261040.1	WP_012595275.1
OG0000925	WP_119259952.1	WP_012595003.1
OG0000926	WP_119260767.1	WP_012597030.1
OG0000927	WP_119260693.1	WP_012595656.1
OG0000928	WP_119259792.1	WP_012596493.1
OG0000929	WP_119260101.1	WP_041229734.1
OG0000930	WP_119260524.1	WP_012596350.1
OG0000931	WP_119259824.1	WP_012596190.1
OG0000932	WP_119260250.1	WP_012593916.1
OG0000933	WP_119259541.1	WP_015785233.1
OG0000934	WP_232014545.1	WP_012595463.1
OG0000935	WP_119259950.1	WP_012594989.1
OG0000936	WP_119259698.1	WP_015957403.1
OG0000937	WP_119260218.1	WP_012596541.1
OG0000938	WP_232014504.1	WP_012596429.1
OG0000939	WP_119259636.1	WP_012594571.1
OG0000940	WP_119260958.1	WP_203427699.1
OG0000941	WP_119259904.1	WP_012596033.1
OG0000942	WP_119259340.1	WP_012594014.1
OG0000943	WP_119259756.1	WP_012595528.1
OG0000944	WP_119261027.1	WP_012593730.1
OG0000945	WP_119260313.1	WP_012596584.1
OG0000946	WP_119261038.1	WP_012596446.1
OG0000947	WP_119259459.1	WP_012593546.1
OG0000948	WP_119260549.1	WP_012595108.1
OG0000949	WP_119260553.1	WP_012595112.1
OG0000950	WP_119260084.1	WP_012593525.1
OG0000951	WP_119259432.1	WP_012593576.1
OG0000952	WP_119260174.1	WP_012596914.1
OG0000953	WP_119260405.1	WP_012593678.1
OG0000954	WP_119260530.1	WP_012593843.1
OG0000955	WP_119260892.1	WP_012595137.1
OG0000956	WP_119260573.1	WP_012596717.1
OG0000957	WP_232014592.1	WP_012596031.1
OG0000958	WP_119260399.1	WP_012596336.1
OG0000959	WP_119260606.1	WP_012597033.1
OG0000960	WP_119260358.1	WP_012594846.1
OG0000961	WP_119259681.1	WP_012593604.1
OG0000962	WP_119259395.1	WP_012594402.1
OG0000964	WP_119260655.1	WP_012595637.1
OG0000965	WP_119260294.1	WP_012595855.1
OG0000966	WP_119260427.1	WP_012596820.1
OG0000967	WP_119260424.1	WP_012593934.1
OG0000968	WP_119260473.1	WP_012595336.1
OG0000969	WP_119260799.1	WP_012594440.1
OG0000970	WP_119261036.1	WP_012597267.1
OG0000971	WP_119260442.1	WP_012595551.1
OG0000972	WP_119260675.1	WP_012596938.1
OG0000973	WP_119259777.1	WP_012597270.1
OG0000974	WP_119260345.1	WP_012595058.1
OG0000975	WP_119260095.1	WP_012594068.1
OG0000976	WP_119260929.1	WP_012595050.1
OG0000977	WP_232014618.1	WP_241392694.1
OG0000978	WP_119259357.1	WP_012594520.1
OG0000979	WP_119259841.1	WP_012595252.1
OG0000980	WP_119259414.1	WP_012595676.1
OG0000981	WP_119259779.1	WP_012594948.1
OG0000982	WP_119260432.1	WP_012596797.1
OG0000983	WP_119260552.1	WP_012595111.1
OG0000984	WP_119260233.1	WP_012593740.1
OG0000985	WP_119260342.1	WP_012594021.1
OG0000986	WP_119260717.1	WP_041229910.1
OG0000987	WP_119259951.1	WP_012594077.1
OG0000988	WP_119260274.1	WP_012594784.1
OG0000989	WP_119259871.1	WP_012596659.1
OG0000990	WP_119259350.1	WP_012595077.1
OG0000991	WP_119259697.1	WP_015785342.1
OG0000992	WP_119259954.1	WP_012594568.1
OG0000993	WP_119260068.1	WP_012596943.1
OG0000994	WP_119261025.1	WP_241392702.1
OG0000995	WP_119260271.1	WP_012595860.1
OG0000996	WP_119259325.1	WP_012596334.1
OG0000997	WP_119260949.1	WP_241392709.1
OG0000998	WP_119259863.1	WP_012594994.1
OG0000999	WP_119260878.1	WP_015957279.1
OG0001000	WP_119260177.1	WP_012593796.1
OG0001001	WP_119260125.1	WP_012593445.1
OG0001002	WP_119259791.1	WP_012596495.1
OG0001003	WP_119259449.1	WP_012597160.1
OG0001004	WP_119259902.1	WP_012596650.1
OG0001005	WP_119259394.1	WP_012594401.1
OG0001006	WP_119259702.1	WP_012594697.1
OG0001007	WP_119259337.1	WP_015957336.1
OG0001008	WP_119260766.1	WP_012597028.1
OG0001009	WP_119259690.1	WP_203427666.1
OG0001010	WP_119260297.1	WP_012596808.1
OG0001011	WP_119260989.1	WP_203427740.1
OG0001012	WP_119260980.1	WP_012593460.1
OG0001013	WP_119260859.1	WP_012594250.1
OG0001014	WP_119259503.1	WP_012595752.1
OG0001015	WP_232014549.1	WP_241392607.1
OG0001016	WP_119259471.1	WP_012593883.1
OG0001017	WP_119259946.1	WP_012594709.1
OG0001018	WP_119259925.1	WP_012595603.1
OG0001019	WP_119260357.1	WP_012594845.1
OG0001020	WP_119260058.1	WP_012593811.1
OG0001021	WP_119259392.1	WP_012594224.1
OG0001022	WP_172582039.1	WP_012594106.1
OG0001023	WP_119260208.1	WP_012594115.1
OG0001024	WP_119260568.1	WP_012594389.1
OG0001025	WP_119260890.1	WP_241392708.1
OG0001026	WP_119259273.1	WP_012596522.1
OG0001027	WP_119259603.1	WP_012593600.1
OG0001028	WP_119260324.1	WP_012596173.1
OG0001029	WP_119260338.1	WP_012594264.1
OG0001030	WP_232014619.1	WP_241392723.1
OG0001031	WP_232014589.1	WP_012593540.1
OG0001032	WP_119260215.1	WP_012595358.1
OG0001033	WP_119259687.1	WP_012593639.1
OG0001034	WP_119259377.1	WP_015785417.1
OG0001035	WP_119260000.1	WP_012596487.1
OG0001036	WP_172582121.1	WP_203427717.1
OG0001039	WP_119260505.1	WP_012594321.1
OG0001042	WP_119260849.1	WP_012594891.1
OG0001049	WP_119260682.1	WP_157861315.1
OG0001051	WP_119260774.1	WP_012596378.1
OG0001052	WP_119259852.1	WP_015785171.1
OG0001053	WP_119259957.1	WP_041229798.1
OG0001054	WP_119260490.1	WP_012594386.1
OG0001056	WP_119260744.1	WP_012597094.1
OG0001059	WP_232014530.1, WP_232014531.1	WP_241392546.1
OG0001060	WP_119259898.1	WP_012595376.1, WP_012595378.1
OG0001061	WP_119260327.1	WP_012596169.1, WP_015957430.1
OG0001064	WP_119260144.1	WP_012593819.1
OG0001066	WP_119260808.1	WP_012594176.1
OG0001068	WP_197715883.1	WP_012596367.1, WP_012594288.1
OG0001071	WP_119259448.1	WP_012593827.1
OG0001074	WP_119259633.1	WP_012596750.1
OG0001075	WP_232014478.1	WP_015957320.1
OG0001077	WP_232014497.1	WP_012594498.1
OG0001078	WP_119259721.1	WP_012595643.1
OG0001079	WP_119259586.1	WP_012596852.1
OG0001080	WP_119260674.1	WP_241392692.1
OG0001081	WP_119260759.1	WP_012595044.1
OG0001082	WP_119260681.1	WP_015785167.1
OG0001083	WP_119260194.1	WP_012593817.1
OG0001084	WP_119260947.1	WP_012595809.1
OG0001085	WP_119259635.1	WP_015785297.1
OG0001086	WP_119260639.1	WP_012596043.1
OG0001087	WP_119259715.1	WP_012596555.1
OG0001088	WP_119259610.1	WP_012594593.1
OG0001090	WP_119259803.1	WP_012595491.1
OG0001091	WP_119259484.1	WP_012596848.1
OG0001092	WP_119259890.1	WP_012596156.1
OG0001093	WP_119260476.1	WP_012595083.1
OG0001096	WP_119260499.1	WP_012594974.1
OG0001097	WP_119259495.1	WP_012594352.1
OG0001099	WP_119259933.1	WP_012595863.1
OG0001101	WP_119259323.1	WP_012594833.1
OG0001102	WP_119259550.1	WP_012594025.1
OG0001103	WP_232014500.1	WP_012594481.1
OG0001104	WP_119260889.1	WP_012595726.1
OG0001105	WP_172582068.1	WP_012596736.1
OG0001106	WP_119259783.1	WP_012594452.1
OG0001107	WP_119259524.1	WP_012594806.1
OG0001108	WP_119260948.1	WP_015785267.1
OG0001109	WP_119259700.1	WP_012594149.1
OG0001110	WP_119259701.1	WP_012594147.1
OG0001111	WP_119259288.1	WP_012594953.1
OG0001112	WP_172582019.1	WP_012594074.1
OG0001113	WP_119260603.1	WP_015785348.1
OG0001114	WP_119259345.1	WP_012595265.1
OG0001115	WP_119260361.1	WP_012596346.1
OG0001116	WP_119259497.1	WP_012594794.1
OG0001117	WP_119260771.1	WP_041229660.1
OG0001118	WP_119260451.1	WP_012597237.1
OG0001119	WP_119259515.1	WP_015785368.1
OG0001121	WP_119260663.1	WP_012596533.1
OG0001122	WP_119259911.1	WP_012597013.1
OG0001124	WP_119259682.1	WP_012593603.1
OG0001125	WP_119260182.1	WP_012594257.1
OG0001126	WP_119260885.1	WP_012596911.1
OG0001127	WP_119259280.1	WP_012596361.1
OG0001132	WP_119260120.1	WP_012594873.1
OG0001134	WP_119259413.1	WP_008277373.1
OG0001135	WP_119260016.1	WP_012597207.1
OG0001136	WP_119260410.1	WP_015957329.1
OG0001137	WP_119259569.1	WP_041229883.1
OG0001138	WP_119260420.1	WP_012594511.1
OG0001139	WP_232014573.1	WP_012595012.1
OG0001140	WP_119260291.1	WP_012593805.1
OG0001141	WP_119259292.1	WP_012597225.1
OG0001143	WP_119259289.1	WP_012594952.1
OG0001144	WP_119259912.1	WP_012596198.1
OG0001146	WP_119260258.1	WP_012595697.1
OG0001147	WP_119260920.1	WP_012593611.1
OG0001149	WP_119259846.1	WP_012596729.1
OG0001150	WP_119259972.1	WP_012594913.1
OG0001151	WP_232014487.1	WP_012594922.1, WP_012594921.1
OG0001152	WP_119260560.1	WP_012595118.1
OG0001153	WP_119260225.1	WP_012595968.1
OG0001154	WP_119259646.1	WP_012596079.1, WP_012595401.1
OG0001156	WP_119259874.1	WP_012596662.1
OG0001157	WP_119259870.1	WP_012596658.1
OG0001160	WP_119260048.1	WP_012593651.1
OG0001163	WP_119260108.1	WP_012594882.1
OG0001164	WP_119260883.1	WP_012594230.1
OG0001165	WP_119260285.1	WP_012595944.1
OG0001166	WP_119259536.1	WP_012596071.1
OG0001167	WP_119260136.1	WP_012594876.1
OG0001169	WP_232014581.1, WP_145961886.1	WP_012595892.1
OG0001174	WP_119259423.1	WP_012597156.1
OG0001179	WP_119260126.1	WP_012593447.1
OG0001180	WP_119259666.1	WP_012593623.1
OG0001181	WP_232014459.1	WP_012595015.1
OG0001183	WP_119260979.1	WP_012594589.1
OG0001187	WP_119260507.1	WP_015957283.1
OG0001188	WP_119260501.1	WP_012593752.1
OG0001189	WP_119261023.1	WP_012597248.1
OG0001190	WP_172582031.1	WP_012595309.1
OG0001193	WP_119259335.1	WP_012594238.1, WP_012594433.1
OG0001194	WP_119260351.1	WP_012595542.1
OG0001195	WP_119260785.1	WP_012594771.1
OG0001197	WP_119260217.1	WP_015957370.1
OG0001198	WP_119260363.1	WP_012595494.1
OG0001200	WP_119259446.1	WP_012593887.1
OG0001201	WP_119260157.1	WP_012596010.1
OG0001202	WP_119259514.1	WP_015785367.1
OG0001203	WP_119260043.1	WP_012594820.1
OG0001204	WP_119260094.1	WP_012597245.1
OG0001205	WP_119259442.1	WP_012594563.1
OG0001208	WP_119260765.1	WP_012594442.1
OG0001209	WP_119260262.1	WP_012596634.1, WP_015957419.1
OG0001212	WP_119261005.1	WP_012596347.1
OG0001213	WP_119260129.1	WP_012595000.1
OG0001216	WP_119260073.1	WP_012594095.1
OG0001217	WP_232014515.1, WP_119260752.1	WP_012593768.1
OG0001218	WP_119260641.1	WP_012595700.1, WP_012595569.1
OG0001219	WP_119259299.1	WP_012595694.1
OG0001221	WP_119260278.1	WP_012593642.1
OG0001222	WP_119259562.1	WP_012595981.1
OG0001223	WP_232014481.1	WP_012596171.1
OG0001224	WP_119260729.1	WP_015957292.1
OG0001225	WP_172582085.1	WP_015785114.1
OG0001229	WP_119260012.1	WP_012597093.1
OG0001230	WP_119259710.1	WP_012596528.1
OG0001233	WP_119260561.1	WP_012595119.1
OG0001235	WP_119260018.1	WP_012596358.1
OG0001236	WP_119259780.1	WP_012595025.1, WP_012594448.1
OG0001237	WP_119259782.1	WP_012594450.1, WP_012595758.1
OG0001239	WP_119260213.1	WP_012595360.1
OG0001240	WP_119260446.1	WP_012595801.1
OG0001241	WP_119260983.1	WP_012595584.1
OG0001242	WP_172582075.1	WP_012595100.1
OG0001243	WP_119260308.1	WP_012596977.1
OG0001244	WP_119260955.1	WP_012594413.1
OG0001245	WP_119260694.1	WP_012595655.1
OG0001246	WP_119260471.1	WP_012596003.1, WP_015957425.1
OG0001247	WP_119260871.1	WP_012593928.1, WP_041229896.1
OG0001248	WP_232014501.1	WP_012594053.1, WP_012595343.1
OG0001249	WP_119260697.1	WP_041229640.1, WP_012595126.1
OG0001250	WP_232014535.1, WP_119259363.1	WP_015784416.1
OG0001252	WP_232014490.1	WP_012595056.1
OG0001254	WP_119259785.1	WP_012593964.1
OG0001255	WP_119260840.1	WP_015957340.1, WP_012597170.1
OG0001256	WP_119260723.1, WP_172582084.1	WP_012593975.1
OG0001262	WP_119260728.1	WP_015785113.1
OG0001263	WP_119259880.1	WP_012595558.1
OG0001264	WP_119259810.1	WP_012596783.1
OG0001265	WP_119259398.1	WP_012596106.1
OG0001266	WP_232014510.1	WP_012595997.1, WP_012594538.1
OG0001268	WP_119259483.1, WP_119260209.1	WP_012595324.1
OG0001277	WP_119260822.1	WP_012595416.1
OG0001279	WP_119259470.1	WP_012595649.1
OG0001309	WP_232014595.1	WP_012595875.1
OG0001320	WP_119259512.1	WP_012596159.1
OG0001321	WP_119260156.1	WP_012596511.1
OG0001322	WP_119260843.1	WP_012596714.1
OG0001323	WP_119259981.1	WP_012594209.1
OG0001324	WP_119259980.1	WP_012594208.1
OG0001325	WP_119260625.1	WP_012594907.1
OG0001326	WP_119261019.1	WP_012594908.1
OG0001327	WP_119260146.1	WP_012596141.1
OG0001328	WP_119260971.1	WP_012596140.1
OG0001331	WP_119259736.1	WP_012595733.1
OG0001334	WP_119260455.1	WP_012596201.1
OG0001335	WP_119260029.1	WP_015785408.1
OG0001336	WP_119259467.1	WP_012595380.1
OG0001337	WP_119259576.1	WP_012595771.1
OG0001339	WP_119260786.1	WP_012594770.1
OG0001340	WP_119260621.1	WP_012593640.1
OG0001342	WP_119259991.1	WP_012593786.1
OG0001345	WP_119260284.1	WP_012593804.1
OG0001346	WP_119260661.1	WP_012597053.1
OG0001347	WP_119260273.1	WP_012594785.1
OG0001348	WP_119259843.1	WP_012593520.1
OG0001349	WP_119260414.1	WP_012596983.1
OG0001350	WP_232014603.1, WP_232014576.1	WP_241392589.1
OG0001351	WP_119260240.1	WP_015785123.1
OG0001356	WP_119260030.1	WP_012594417.1
OG0001357	WP_119259728.1	WP_012595664.1
OG0001358	WP_119259466.1	WP_012595654.1
OG0001359	WP_119260053.1	WP_012596404.1
OG0001362	WP_119260416.1	WP_012596324.1
OG0001363	WP_119260279.1	WP_012594631.1
OG0001364	WP_119259888.1	WP_012596970.1
OG0001365	WP_119259419.1	WP_012594485.1
OG0001366	WP_119259847.1	WP_012593986.1
OG0001368	WP_119260078.1	WP_012597174.1
OG0001369	WP_119260404.1	WP_012594705.1
OG0001370	WP_119259472.1	WP_012597188.1
OG0001371	WP_119259762.1	WP_012594632.1
OG0001373	WP_119259875.1	WP_012594254.1
OG0001374	WP_119259594.1	WP_012593961.1
OG0001377	WP_119260429.1	WP_012596363.1
OG0001378	WP_232014518.1	WP_012597269.1
OG0001380	WP_119259931.1	WP_015785362.1
OG0001382	WP_119259639.1	WP_012594654.1
OG0001384	WP_119259567.1	WP_041229607.1
OG0001385	WP_232014538.1	WP_012594326.1, WP_012596406.1
OG0001386	WP_119260506.1	WP_012594320.1
OG0001387	WP_119260975.1	WP_012594623.1
OG0001389	WP_119259652.1	WP_012596394.1
OG0001390	WP_119259758.1	WP_012595451.1
OG0001393	WP_119260312.1	WP_012596583.1
OG0001395	WP_119259462.1	WP_015785148.1, WP_012595216.1
OG0001396	WP_119260964.1	WP_012594067.1
OG0001397	WP_119259752.1	WP_012593473.1
OG0001398	WP_119259405.1	WP_012595904.1
OG0001399	WP_119259406.1	WP_012595903.1
OG0001400	WP_119260290.1	WP_012594227.1
OG0001401	WP_119259563.1	WP_015957426.1
OG0001402	WP_172582056.1	WP_012596116.1
OG0001403	WP_119259640.1	WP_012595229.1
OG0001404	WP_119259438.1	WP_012593706.1
OG0001406	WP_119260922.1	WP_012594780.1
OG0001407	WP_119260181.1	WP_012596838.1
OG0001413	WP_119260201.1	WP_012594866.1
OG0001414	WP_119260124.1	WP_012593444.1
OG0001418	WP_119260354.1	WP_012594249.1
OG0001419	WP_119260810.1	WP_012594190.1
OG0001420	WP_119260790.1	WP_012597282.1
OG0001421	WP_119259833.1	WP_012594339.1
OG0001422	WP_119260511.1	WP_012594493.1
OG0001423	WP_119259641.1	WP_012595230.1
OG0001425	WP_119259936.1	WP_012596396.1
OG0001426	WP_119259937.1	WP_012596395.1
OG0001427	WP_119260811.1	WP_012597202.1
OG0001431	WP_119260190.1	WP_012596906.1
OG0001432	WP_119260191.1	WP_015785157.1
OG0001437	WP_119260656.1	WP_012595636.1
OG0001438	WP_119261043.1	WP_041229715.1
OG0001441	WP_119260875.1	WP_203427673.1
OG0001442	WP_172582077.1	WP_012596689.1
OG0001443	WP_119259295.1	WP_012596812.1
OG0001444	WP_119260944.1	WP_012595616.1
OG0001445	WP_119260153.1	WP_012596111.1
OG0001448	WP_119259397.1	WP_012593667.1
OG0001449	WP_119260782.1	WP_012595939.1
OG0001452	WP_232014585.1	WP_012594152.1
OG0001453	WP_119260604.1	WP_012594552.1
OG0001454	WP_119259718.1	WP_012594242.1
OG0001455	WP_119260160.1	WP_012596127.1
OG0001457	WP_119260622.1	WP_012596432.1
OG0001458	WP_119259486.1	WP_012594375.1
OG0001459	WP_119260265.1	WP_012597177.1
OG0001460	WP_119260266.1	WP_012597178.1
OG0001461	WP_119260267.1	WP_012597179.1
OG0001462	WP_119260335.1	WP_012595013.1
OG0001463	WP_119260453.1	WP_012596039.1
OG0001466	WP_119260489.1	WP_241392582.1
OG0001468	WP_119260976.1	WP_012594646.1
OG0001469	WP_119260161.1	WP_012594648.1
OG0001472	WP_119260680.1	WP_015785170.1
OG0001473	WP_119260803.1	WP_012596859.1
OG0001474	WP_119260802.1	WP_012596860.1
OG0001478	WP_119260006.1	WP_041229739.1
OG0001479	WP_119259538.1	WP_012596069.1
OG0001480	WP_119259539.1	WP_012596068.1
OG0001481	WP_119260384.1	WP_012596464.1
OG0001482	WP_119259487.1	WP_012593973.1
OG0001483	WP_119259583.1	WP_012593492.1
OG0001484	WP_119260419.1	WP_012594510.1
OG0001485	WP_172582117.1	WP_012593793.1
OG0001486	WP_119260289.1	WP_012593562.1
OG0001487	WP_119259831.1	WP_015785159.1
OG0001488	WP_119259623.1	WP_012595933.1
OG0001489	WP_119260813.1	WP_012595478.1
OG0001490	WP_119260252.1	WP_012594274.1
OG0001491	WP_119260910.1	WP_012595673.1
OG0001492	WP_119259558.1	WP_015785158.1
OG0001493	WP_119260005.1	WP_012594737.1
OG0001494	WP_119260711.1	WP_012593906.1
OG0001495	WP_119260712.1	WP_012594690.1
OG0001497	WP_119259738.1	WP_012594072.1
OG0001498	WP_119260653.1	WP_012596551.1
OG0001499	WP_119260652.1	WP_012596550.1
OG0001500	WP_119259944.1	WP_012595597.1
OG0001501	WP_119260704.1	WP_012593406.1
OG0001504	WP_119260629.1	WP_041229590.1
OG0001505	WP_119260448.1	WP_012595922.1
OG0001507	WP_119260407.1	WP_012594241.1
OG0001508	WP_119260112.1	WP_012595021.1
OG0001510	WP_172582101.1	WP_015785192.1
OG0001514	WP_232014553.1	WP_012594486.1
OG0001516	WP_119260469.1	WP_012593643.1
OG0001517	WP_119259370.1	WP_012593718.1
OG0001518	WP_119259735.1	WP_012594307.1
OG0001519	WP_119259443.1	WP_012595271.1
OG0001521	WP_119259595.1	WP_012593954.1
OG0001522	WP_119259887.1	WP_012595791.1
OG0001523	WP_119259383.1	WP_012597221.1
OG0001526	WP_119259832.1	WP_012596823.1
OG0001527	WP_119259428.1	WP_012594473.1
OG0001528	WP_119260477.1	WP_012595081.1
OG0001529	WP_119260708.1	WP_012593731.1
OG0001530	WP_119260403.1	WP_012595895.1
OG0001531	WP_119260070.1	WP_241392695.1
OG0001532	WP_119259552.1	WP_012594531.1
OG0001535	WP_119260074.1	WP_012594543.1
OG0001536	WP_119260055.1	WP_012596053.1
OG0001537	WP_119259366.1	WP_012594559.1
OG0001538	WP_119259367.1	WP_012596162.1
OG0001539	WP_119260676.1	WP_012593586.1
OG0001540	WP_119260842.1	WP_012596715.1
OG0001541	WP_119260844.1	WP_012596713.1
OG0001542	WP_119260264.1	WP_012593705.1
OG0001543	WP_119260394.1	WP_012595816.1
OG0001544	WP_119259525.1	WP_012595363.1
OG0001545	WP_119260908.1	WP_041229771.1
OG0001548	WP_119260028.1	WP_012593725.1
OG0001549	WP_232014560.1	WP_015957369.1
OG0001550	WP_119260033.1	WP_012595777.1
OG0001552	WP_119259360.1	WP_012594145.1
OG0001554	WP_119260210.1	WP_012593587.1
OG0001555	WP_119259809.1	WP_012597127.1
OG0001556	WP_119260934.1	WP_012594881.1
OG0001557	WP_119260527.1	WP_012594428.1
OG0001558	WP_119259328.1	WP_012596180.1
OG0001559	WP_119259801.1	WP_012596135.1
OG0001560	WP_119259802.1	WP_012594191.1
OG0001562	WP_119260465.1	WP_012594370.1
OG0001563	WP_119260466.1	WP_012594369.1
OG0001564	WP_119261004.1	WP_012594368.1
OG0001565	WP_119260467.1	WP_012594367.1
OG0001566	WP_119259614.1	WP_241392613.1
OG0001568	WP_119260222.1	WP_015957327.1
OG0001569	WP_119259892.1	WP_015957432.1
OG0001570	WP_119259373.1	WP_012796756.1
OG0001571	WP_119259372.1	WP_012593715.1
OG0001572	WP_119259900.1	WP_012594034.1
OG0001573	WP_119260758.1	WP_012595043.1
OG0001574	WP_119260760.1	WP_012595045.1
OG0001576	WP_119259411.1	WP_012595350.1
OG0001577	WP_119260762.1	WP_012594678.1
OG0001578	WP_119260925.1	WP_012595825.1
OG0001579	WP_119259522.1	WP_012594808.1
OG0001580	WP_119259521.1	WP_012594809.1
OG0001581	WP_119259520.1	WP_203427716.1
OG0001582	WP_119260720.1	WP_012593597.1
OG0001583	WP_119259579.1	WP_203427719.1
OG0001585	WP_119259704.1	WP_012594010.1
OG0001587	WP_119260588.1	WP_012595414.1
OG0001588	WP_119259793.1	WP_012594380.1
OG0001589	WP_119260431.1	WP_012596799.1
OG0001590	WP_119259309.1	WP_012594265.1
OG0001592	WP_119260480.1	WP_012593026.1, WP_012594596.1
OG0001593	WP_119260780.1	WP_012594956.1
OG0001594	WP_119259881.1	WP_012595557.1
OG0001595	WP_172582099.1	WP_012596656.1
OG0001596	WP_119260869.1	WP_012595162.1
OG0001597	WP_197715882.1	WP_012596840.1, WP_012597001.1
OG0001598	WP_172581997.1	WP_012595695.1, WP_012596563.1
OG0001599	WP_119260412.1	WP_012595540.1
OG0001600	WP_119260481.1	WP_012594641.1
OG0001601	WP_119260887.1	WP_012596874.1
OG0001602	WP_119260732.1	WP_012595824.1
OG0001603	WP_119260870.1	WP_012595163.1
OG0001604	WP_119260336.1	WP_012594701.1
OG0001605	WP_119260040.1	WP_012593775.1
OG0001606	WP_119260438.1	WP_012594387.1
OG0001607	WP_119260667.1	WP_012596605.1
OG0001608	WP_119260627.1	WP_012594677.1
OG0001609	WP_232014552.1	WP_012594590.1
OG0001610	WP_119260301.1	WP_015957294.1
OG0001611	WP_119259695.1	WP_015957407.1
OG0001612	WP_119259589.1	WP_012594711.1
OG0001613	WP_119260231.1	WP_012594628.1
OG0001614	WP_119260809.1	WP_012594181.1
OG0001616	WP_119260013.1	WP_241392579.1
OG0001617	WP_172582078.1	WP_012593469.1
OG0001619	WP_119259638.1	WP_012594653.1
OG0001621	WP_119260280.1	WP_012595850.1
OG0001622	WP_119260428.1	WP_015957324.1
OG0001624	WP_119259389.1	WP_012594722.1
OG0001626	WP_119260050.1	WP_012596020.1
OG0001628	WP_119260801.1	WP_012596861.1
OG0001629	WP_119260180.1	WP_012596921.1
OG0001630	WP_119259986.1	WP_012594573.1
OG0001631	WP_119260856.1	WP_012595873.1
OG0001632	WP_119260855.1	WP_012595872.1
OG0001633	WP_119259729.1	WP_012596962.1
OG0001634	WP_119259568.1	WP_012596936.1
OG0001636	WP_119260315.1	WP_012593788.1
OG0001637	WP_119260864.1	WP_012595501.1
OG0001638	WP_119260913.1	WP_012596690.1
OG0001639	WP_232014551.1	WP_012596023.1
OG0001640	WP_119259440.1	WP_012596920.1
OG0001642	WP_119260523.1	WP_012593506.1
OG0001643	WP_119260204.1	WP_012595807.1
OG0001645	WP_119260036.1	WP_012594917.1
OG0001646	WP_119259499.1	WP_012596368.1
OG0001647	WP_172582007.1	WP_012596369.1
OG0001648	WP_119259977.1	WP_012596305.1
OG0001649	WP_119259399.1	WP_012595647.1
OG0001650	WP_119260576.1	WP_012595709.1
OG0001651	WP_172582109.1	WP_012596158.1
OG0001652	WP_119260906.1	WP_012596160.1
OG0001653	WP_119259429.1	WP_012594472.1
OG0001654	WP_119259481.1	WP_012595332.1
OG0001655	WP_119259482.1	WP_012595326.1
OG0001661	WP_119260743.1	WP_015957409.1
OG0001662	WP_119259988.1	WP_012596355.1
OG0001663	WP_119260648.1	WP_012596313.1
OG0001664	WP_119260828.1	WP_012594536.1
OG0001665	WP_119260763.1	WP_012596439.1
OG0001666	WP_119260207.1	WP_012594116.1
OG0001667	WP_119260459.1	WP_012593694.1
OG0001669	WP_119259530.1	WP_015957322.1
OG0001670	WP_119259781.1	WP_012594449.1
OG0001671	WP_119260589.1	WP_041229698.1
OG0001672	WP_119259910.1	WP_012597011.1
OG0001673	WP_119259634.1	WP_012596751.1
OG0001674	WP_119259303.1	WP_012595729.1
OG0001675	WP_119260314.1	WP_012596451.1
OG0001676	WP_119260586.1	WP_012595820.1
OG0001677	WP_119259341.1	WP_015785161.1, WP_012594011.1
OG0001678	WP_119261013.1	WP_012595092.1
OG0001679	WP_119260540.1	WP_012595097.1
OG0001680	WP_119260551.1	WP_012595110.1
OG0001681	WP_119260558.1	WP_012595117.1
OG0001682	WP_119260562.1	WP_012595120.1
OG0001683	WP_119261026.1	WP_015957389.1
OG0001684	WP_119259277.1	WP_012596878.1
OG0001685	WP_232014590.1	WP_012593545.1
OG0001686	WP_232014575.1	WP_012595810.1
OG0001687	WP_232014550.1	WP_015785212.1
OG0001688	WP_119259380.1	WP_012595353.1
OG0001689	WP_119259379.1	WP_012595354.1
OG0001690	WP_119259506.1	WP_012596880.1
OG0001691	WP_119260369.1	WP_012593822.1
OG0001693	WP_172582087.1	WP_012595390.1
OG0001694	WP_119260713.1	WP_012594047.1
OG0001695	WP_119259608.1	WP_012594046.1
OG0001698	WP_119259322.1	WP_012594830.1
OG0001699	WP_119260602.1	WP_015785347.1
OG0001700	WP_119259456.1	WP_012593541.1
OG0001701	WP_119259845.1	WP_012594342.1
OG0001702	WP_119259788.1	WP_012596166.1
OG0001703	WP_119260836.1	WP_012594819.1
OG0001704	WP_232014577.1	WP_012595799.1
OG0001705	WP_119260132.1	WP_012594506.1
OG0001706	WP_119260669.1	WP_012596603.1
OG0001707	WP_119260086.1	WP_012593720.1
OG0001708	WP_119259479.1	WP_012595335.1
OG0001709	WP_119260612.1	WP_012593885.1
OG0001710	WP_232014605.1	WP_012596673.1
OG0001711	WP_119260173.1	WP_012594316.1
OG0001712	WP_119259823.1	WP_012596452.1
OG0001713	WP_119260772.1	WP_012597190.1
OG0001714	WP_119260102.1	WP_012594463.1
OG0001715	WP_119259883.1	WP_012593830.1
OG0001716	WP_119261006.1	WP_012597129.1
OG0001717	WP_232014558.1	WP_012595818.1
OG0001718	WP_119259882.1	WP_012595554.1
OG0001719	WP_119260601.1	WP_012597193.1
OG0001720	WP_119259498.1	WP_012594530.1
OG0001721	WP_119260645.1	WP_012595575.1
OG0001723	WP_119259940.1	WP_015785271.1
OG0001724	WP_172582070.1	WP_012597119.1
OG0001725	WP_119260993.1	WP_012594874.1
OG0001726	WP_119260858.1	WP_012594899.1
OG0001727	WP_119259894.1	WP_012596693.1
OG0001728	WP_119259585.1	WP_012593574.1
OG0001729	WP_119260918.1	WP_015957297.1
OG0001730	WP_119260238.1	WP_012596686.1
OG0001731	WP_119260239.1	WP_012596687.1
OG0001732	WP_119260884.1	WP_012596723.1
OG0001733	WP_119260061.1	WP_012594662.1
OG0001734	WP_119260742.1	WP_012593980.1
OG0001735	WP_119260514.1	WP_012595397.1
OG0001736	WP_119260591.1	WP_012595412.1
OG0001737	WP_119260619.1	WP_012594169.1
OG0001738	WP_119259420.1	WP_012594317.1
OG0001739	WP_119259644.1	WP_015785119.1
OG0001740	WP_119259643.1	WP_015785120.1
OG0001741	WP_119260261.1	WP_012595560.1
OG0001742	WP_119259842.1	WP_012593517.1
OG0001743	WP_119260770.1	WP_012594100.1
OG0001744	WP_119260089.1	WP_012595341.1
OG0001745	WP_119259655.1	WP_012595732.1
OG0001746	WP_119260418.1	WP_041229594.1
OG0001747	WP_119260436.1	WP_015785400.1
OG0001748	WP_119259829.1	WP_012596928.1
OG0001749	WP_119260745.1	WP_012597095.1
OG0001750	WP_119260746.1	WP_012597096.1
OG0001751	WP_119260353.1	WP_015785126.1
OG0001753	WP_119260077.1	WP_012594598.1
OG0001754	WP_119260853.1	WP_012595069.1
OG0001755	WP_119259956.1	WP_012596790.1
OG0001756	WP_119261028.1	WP_012595586.1
OG0001757	WP_119261029.1	WP_203427743.1
OG0001758	WP_119260738.1	WP_012594016.1
OG0001759	WP_119260739.1	WP_012594017.1
OG0001760	WP_119260740.1	WP_012594018.1
OG0001761	WP_119259861.1	WP_203427712.1
OG0001762	WP_119259510.1	WP_012596157.1
OG0001763	WP_119259424.1	WP_203427685.1
OG0001764	WP_232014480.1	WP_012593931.1
OG0001765	WP_119260064.1	WP_012595931.1
OG0001766	WP_119259983.1	WP_012593912.1
OG0001767	WP_119259984.1	WP_012593911.1
OG0001768	WP_232014527.1	WP_012595630.1
OG0001769	WP_119260899.1	WP_012595598.1
OG0001770	WP_119260831.1	WP_012594302.1
OG0001771	WP_172582060.1	WP_012595004.1
OG0001772	WP_119260226.1	WP_012595295.1
OG0001774	WP_119259310.1	WP_012594266.1
OG0001775	WP_119259734.1	WP_012595734.1
OG0001777	WP_119259895.1	WP_012596692.1
OG0001778	WP_119260609.1	WP_012593475.1
OG0001779	WP_119259653.1	WP_012594801.1
OG0001780	WP_119259570.1	WP_012594799.1
OG0001781	WP_119260015.1	WP_012597206.1
OG0001782	WP_119260517.1	WP_012594525.1
OG0001783	WP_119260158.1	WP_012595195.1
OG0001784	WP_119260829.1	WP_012597158.1
OG0001785	WP_119259848.1	WP_012596211.1
OG0001786	WP_172581999.1	WP_012594676.1
OG0001787	WP_119260977.1	WP_012597274.1
OG0001788	WP_119259637.1	WP_012594652.1
OG0001789	WP_119260987.1	WP_012594724.1
OG0001790	WP_119260113.1	WP_012595019.1
OG0001791	WP_119260259.1	WP_012595562.1
OG0001792	WP_232014516.1	WP_241392625.1
OG0001793	WP_119259862.1	WP_012594570.1
OG0001796	WP_119259294.1	WP_012596809.1
OG0001797	WP_232014484.1	WP_012596012.1
OG0001798	WP_119259755.1	WP_012595531.1
OG0001799	WP_119260251.1	WP_012596753.1
OG0001800	WP_119259316.1	WP_012595869.1
OG0001801	WP_119259304.1	WP_012595727.1
OG0001802	WP_119260626.1	WP_012596202.1
OG0001803	WP_119260607.1	WP_012597034.1
OG0001805	WP_119260122.1	WP_015785097.1
OG0001806	WP_119259553.1	WP_012593894.1
OG0001807	WP_119260997.1	WP_012595894.1
OG0001808	WP_232014488.1	WP_012595082.1
OG0001810	WP_119259508.1	WP_012596094.1
OG0001811	WP_119260323.1	WP_012597164.1
OG0001812	WP_119260067.1	WP_012595257.1
OG0001813	WP_119260798.1	WP_012595468.1, WP_012594727.1
OG0001814	WP_119260100.1	WP_012595784.1
OG0001815	WP_119259844.1	WP_012593523.1
OG0001816	WP_119259557.1	WP_012596256.1
OG0001817	WP_232014482.1	WP_015785127.1
OG0001818	WP_119259959.1	WP_012594604.1
OG0001820	WP_232014561.1	WP_241392570.1
OG0001822	WP_172582061.1	WP_012594732.1
OG0001829	WP_232014513.1, WP_232014511.1	WP_012595626.1
OG0001842	WP_119260057.1	WP_012596056.1
OG0001843	WP_119261021.1	WP_012596312.1
OG0001847	WP_119260900.1	WP_012594470.1
OG0001853	WP_119260373.1	WP_012596985.1
OG0001858	WP_119260664.1	WP_012595913.1
OG0001861	WP_145961891.1	WP_012597130.1
OG0001862	WP_232014519.1	WP_012595417.1
OG0001863	WP_119260097.1	WP_012593810.1
OG0001883	WP_119260966.1	WP_012596719.1
OG0001884	WP_172582115.1	WP_012593527.1
OG0001893	WP_119259422.1	WP_012597155.1
OG0001895	WP_119259533.1	WP_012594614.1
OG0001899	WP_119260355.1	WP_012594248.1
OG0001901	WP_119260575.1	WP_012595708.1
OG0001903	WP_119259765.1	WP_012595245.1
OG0001904	WP_145961893.1	WP_015957315.1
OG0001915	WP_119259545.1	WP_012593719.1
OG0001918	WP_119260152.1	WP_012594958.1
OG0001920	WP_119260658.1	WP_012597250.1
OG0001928	WP_119260497.1	WP_012593649.1
OG0001935	WP_119259435.1	WP_012596807.1
OG0001940	WP_119259293.1	WP_012597226.1
OG0001942	WP_119259987.1	WP_012595236.1
OG0001943	WP_172582097.1	WP_012594281.1
OG0001948	WP_232014461.1	WP_241392602.1
OG0001953	WP_119260495.1	WP_012593646.1
OG0001954	WP_119261014.1	WP_015783978.1
OG0001956	WP_119260116.1	WP_012595016.1
OG0001957	WP_119260486.1	WP_012596703.1
OG0001958	WP_119260487.1	WP_012596702.1
OG0001963	WP_119259601.1	WP_012595912.1
OG0001965	WP_119259800.1	WP_012594136.1
OG0001966	WP_119259592.1	WP_012595428.1
OG0001967	WP_172582013.1	WP_015785306.1
OG0001969	WP_172582038.1	WP_015785373.1
OG0001970	WP_232014599.1	WP_012593851.1
OG0001971	WP_232014557.1	WP_012593849.1
OG0001974	WP_119259897.1	WP_012595375.1
OG0001984	WP_119260372.1	WP_012594223.1
OG0001986	WP_119259378.1	WP_015785418.1
OG0001991	WP_119259607.1	WP_012593856.1
OG0001994	WP_172582000.1	WP_012595264.1
OG0001995	WP_119260503.1	WP_012594104.1
OG0001996	WP_172582006.1	WP_015957444.1
OG0002000	WP_119260303.1	WP_012593839.1
OG0002005	WP_145961872.1	WP_012596810.1
OG0002007	WP_119259507.1	WP_012596062.1
OG0002012	WP_119260080.1	WP_012593693.1
OG0002013	WP_119259794.1	WP_012594379.1
OG0002020	WP_119260483.1	WP_012594643.1
OG0002028	WP_119260865.1	WP_012595155.1
OG0002029	WP_172582014.1	WP_012594651.1
OG0002035	WP_172582081.1	WP_012593584.1
OG0002036	WP_119260857.1	WP_012595874.1
OG0002042	WP_232014468.1	WP_012594939.1
OG0002044	WP_119260365.1	WP_012594164.1
OG0002045	WP_119260034.1	WP_012594915.1
OG0002051	WP_119260611.1	WP_012594508.1
OG0002052	WP_119260714.1	WP_012596125.1
OG0002065	WP_119260640.1	WP_012596046.1
OG0002067	WP_119260002.1	WP_012596490.1
OG0002069	WP_119259450.1	WP_012594764.1
OG0002071	WP_119259855.1	WP_012594079.1
OG0002072	WP_119259706.1	WP_012597234.1
OG0002083	WP_119260010.1	WP_015785353.1
OG0002085	WP_119260228.1	WP_012595298.1
OG0002086	WP_172582094.1	WP_015957396.1
OG0002087	WP_119260011.1	WP_012594816.1
OG0002088	WP_232014467.1	WP_012595153.1
OG0002093	WP_119260783.1	WP_012595226.1
OG0002096	WP_119259836.1	WP_015785175.1
OG0002111	WP_119259784.1	WP_012595403.1
OG0002112	WP_119259291.1	WP_012593571.1
OG0002113	WP_232014556.1	WP_012593770.1
OG0002117	WP_119259743.1	WP_012593854.1
OG0002125	WP_119259588.1	WP_015784283.1
OG0002128	WP_232014604.1	WP_015785187.1
OG0002130	WP_172582016.1	WP_012595262.1
OG0002131	WP_232014578.1	WP_012596301.1
OG0002134	WP_119260371.1	WP_012596707.1
OG0002135	WP_119259529.1	WP_015785210.1
OG0002136	WP_119260839.1	WP_012593941.1
OG0002137	WP_119260121.1	WP_241392675.1
OG0002138	WP_232014620.1	WP_012596712.1
OG0002139	WP_119260237.1	WP_012595458.1
OG0002140	WP_119259731.1	WP_012596625.1
OG0002146	WP_119260098.1	WP_241392726.1
OG0002149	WP_119259409.1	WP_012593494.1
OG0002150	WP_119259457.1	WP_012593544.1
OG0002154	WP_119260413.1	WP_012594008.1
OG0002156	WP_119259927.1	WP_012594335.1
OG0002157	WP_119259928.1	WP_012594336.1
OG0002158	WP_119260220.1	WP_012594383.1
OG0002159	WP_172582042.1	WP_012594505.1
OG0002160	WP_119260340.1	WP_012594516.1
OG0002161	WP_119260415.1	WP_012594580.1
OG0002163	WP_119259965.1	WP_012595141.1
OG0002164	WP_172582076.1	WP_012595413.1
OG0002165	WP_232014536.1	WP_012595460.1
OG0002166	WP_172582022.1	WP_012595493.1
OG0002168	WP_119259298.1	WP_012595693.1
OG0002169	WP_119260167.1	WP_012596535.1
OG0002170	WP_119260792.1	WP_012596539.1
OG0002171	WP_119260374.1	WP_012596988.1
OG0002172	WP_119260683.1	WP_015785164.1
OG0002174	WP_172582010.1	WP_241392577.1
OG0002175	WP_119259998.1	WP_241392633.1
OG0003153	WP_145961896.1	WP_012593814.1
OG0003164	WP_119259301.1	WP_012594436.1
OG0003170	WP_119259599.1	WP_012595409.1
OG0003176	WP_172582012.1	WP_012596255.1
OG0003190	WP_232014583.1	WP_241392624.1
