Orthogroup	cyanobacterium_endosymbiont_of_Rhopalodia_gibberula_RgSB_GCF_003574135.1_protein	cyanobacterium_endosymbiont_of_Epithemia_turgida_isolate_EtSB_Lake_Yunoko_ETSB_Lake_Yunoko_GCF_000829235.1_protein
OG0000001	WP_232014520.1	WP_052470631.1
OG0000002	WP_119260188.1	WP_044107455.1
OG0000002	WP_119260492.1	WP_044107086.1
OG0000002	WP_119259283.1	WP_044105586.1
OG0000004	WP_119260999.1	WP_044107682.1
OG0000004	WP_172582107.1	WP_171816450.1
OG0000005	WP_119260956.1	WP_044106509.1
OG0000005	WP_119260937.1	WP_044107588.1
OG0000005	WP_119259336.1	WP_044105651.1
OG0000006	WP_119259854.1	WP_044106285.1
OG0000006	WP_232014621.1	WP_195910197.1
OG0000006	WP_119260741.1	WP_044106813.1
OG0000009	WP_232014601.1	WP_232509908.1
OG0000009	WP_119260356.1	WP_044107246.1
OG0000009	WP_119260673.1	WP_044106882.1
OG0000010	WP_232014529.1	WP_044105555.1
OG0000010	WP_232014569.1	WP_044106279.1
OG0000011	WP_119259714.1	WP_044106088.1
OG0000011	WP_119259713.1	WP_044106087.1
OG0000012	WP_119259605.1	WP_044105968.1
OG0000012	WP_119259430.1	WP_044105796.1
OG0000012	WP_119259554.1	WP_044105915.1
OG0000013	WP_119259368.1	WP_044105701.1
OG0000016	WP_119259995.1	WP_044106471.1
OG0000016	WP_172582113.1	WP_171816456.1
OG0000017	WP_119260749.1	WP_044106804.1
OG0000018	WP_119260137.1	WP_044105505.1
OG0000018	WP_119261003.1	WP_084220214.1
OG0000019	WP_119260781.1	WP_044106759.1
OG0000019	WP_119259544.1	WP_044105906.1
OG0000020	WP_119260686.1	WP_044106868.1
OG0000020	WP_119259726.1	WP_044106105.1
OG0000021	WP_119259805.1	WP_232509851.1
OG0000023	WP_172582091.1	WP_044106752.1
OG0000023	WP_232014562.1	WP_044106195.1
OG0000024	WP_119260719.1	WP_044106831.1
OG0000024	WP_119260198.1	WP_044107440.1
OG0000025	WP_119260007.1	WP_044106482.1
OG0000025	WP_232014617.1	WP_232509920.1
OG0000026	WP_119260685.1	WP_044106869.1
OG0000026	WP_119260046.1	WP_044107610.1
OG0000027	WP_119259976.1	WP_044106434.1
OG0000027	WP_119259917.1	WP_044106355.1
OG0000027	WP_119260154.1	WP_044105464.1
OG0000029	WP_119260733.1	WP_044106819.1
OG0000029	WP_119259947.1	WP_044106393.1
OG0000030	WP_119259648.1	WP_084220174.1
OG0000030	WP_119259909.1	WP_044106349.1
OG0000031	WP_119260688.1	WP_044106866.1
OG0000031	WP_119259913.1	WP_044106353.1
OG0000032	WP_119260873.1	WP_232509865.1
OG0000032	WP_119260872.1	WP_044106634.1
OG0000033	WP_119259703.1	WP_044106073.1
OG0000033	WP_119260305.1	WP_044107314.1
OG0000034	WP_119260826.1	WP_044106690.1
OG0000034	WP_119260434.1	WP_044107155.1
OG0000035	WP_119260594.1	WP_044106970.1
OG0000036	WP_119259478.1	WP_044105840.1
OG0000036	WP_119260939.1	WP_044107593.1
OG0000037	WP_012596483.1	WP_012596483.1
OG0000037	WP_044106680.1	WP_044106680.1
OG0000038	WP_119259763.1	WP_044106151.1
OG0000038	WP_119259891.1	WP_044106330.1
OG0000039	WP_119260189.1	WP_044107707.1
OG0000042	WP_119260165.1	WP_044107488.1
OG0000043	WP_119259814.1	WP_044106218.1
OG0000044	WP_119260541.1	WP_044107036.1
OG0000044	WP_119260205.1	WP_044107433.1
OG0000045	WP_119260072.1	WP_171816403.1
OG0000045	WP_119260647.1	WP_044107656.1
OG0000046	WP_119259760.1	WP_044106148.1
OG0000047	WP_232014522.1	WP_232509866.1
OG0000047	WP_119259935.1	WP_044106383.1
OG0000048	WP_232014479.1	WP_044107351.1
OG0000048	WP_119259709.1	WP_044106080.1
OG0000049	WP_119259473.1	WP_044105832.1
OG0000049	WP_119260187.1	WP_044107456.1
OG0000051	WP_119259958.1	WP_044106406.1
OG0000059	WP_119260833.1	WP_232509915.1
OG0000061	WP_119260502.1	WP_044107080.1
OG0000062	WP_119259725.1	WP_044106103.1
OG0000062	WP_119260134.1	WP_044105515.1
OG0000063	WP_119259384.1	WP_044105722.1
OG0000063	WP_119260837.1	WP_044106673.1
OG0000064	WP_119260791.1	WP_044106748.1
OG0000064	WP_119259307.1	WP_044105622.1
OG0000068	WP_119260142.1	WP_052470597.1
OG0000068	WP_119259374.1	WP_044105711.1
OG0000070	WP_119260379.1, WP_119260128.1	WP_044105531.1
OG0000071	WP_119259630.1	WP_044105992.1
OG0000072	WP_172582111.1	WP_171816376.1
OG0000073	WP_119260779.1	WP_044106761.1
OG0000074	WP_119260366.1	WP_044107238.1
OG0000075	WP_232014463.1	WP_044105525.1
OG0000076	WP_119259287.1	WP_044105599.1
OG0000078	WP_232014580.1	WP_044106473.1
OG0000078	WP_172582033.1	WP_044106475.1
OG0000079	WP_119260352.1	WP_044107249.1
OG0000081	WP_119259308.1	WP_044105623.1
OG0000082	WP_119259749.1	WP_044106137.1
OG0000085	WP_119259447.1	WP_044105809.1
OG0000088	WP_119260172.1	WP_044107501.1
OG0000090	WP_119260254.1	WP_044107366.1
OG0000094	WP_119260417.1	WP_044107173.1
OG0000095	WP_119259501.1	WP_044107534.1
OG0000096	WP_119260816.1	WP_044106710.1
OG0000097	WP_119259962.1	WP_044106411.1
OG0000098	WP_119259403.1	WP_044105757.1
OG0000099	WP_119259769.1	WP_044106161.1
OG0000100	WP_119260962.1	WP_044107613.1
OG0000101	WP_119260059.1	WP_044106542.1
OG0000102	WP_119260566.1	WP_044107007.1
OG0000103	WP_119260060.1	WP_044106544.1
OG0000105	WP_119259327.1	WP_044105642.1
OG0000106	WP_119259748.1	WP_044106136.1
OG0000107	WP_119259999.1	WP_044106477.1
OG0000108	WP_119259312.1	WP_044105626.1
OG0000109	WP_119259747.1	WP_232509847.1
OG0000118	WP_232014528.1	WP_044106621.1
OG0000125	WP_232014474.1	WP_145972258.1
OG0000126	WP_119260105.1	WP_044106596.1
OG0000127	WP_119260590.1	WP_044106974.1
OG0000128	WP_119259451.1	WP_044105811.1
OG0000129	WP_119259353.1	WP_044105678.1
OG0000130	WP_119259949.1	WP_044106395.1
OG0000131	WP_119260796.1	WP_044106738.1
OG0000132	WP_119260138.1	WP_044105502.1
OG0000133	WP_119259631.1	WP_044105993.1
OG0000134	WP_085435268.1	WP_044105988.1
OG0000135	WP_172582017.1	WP_052470611.1, WP_171816381.1
OG0000136	WP_119260814.1	WP_044106713.1
OG0000137	WP_119260861.1	WP_044106646.1
OG0000138	WP_119260211.1	WP_044107701.1
OG0000139	WP_119260344.1	WP_044107262.1
OG0000140	WP_119259276.1	WP_044105569.1
OG0000141	WP_232014582.1, WP_172582034.1	WP_232509862.1
OG0000142	WP_119260519.1	WP_044107062.1
OG0000143	WP_119259464.1	WP_044105826.1
OG0000144	WP_119260364.1	WP_044107240.1
OG0000145	WP_119259474.1	WP_044105833.1
OG0000146	WP_119259711.1	WP_044106085.1
OG0000147	WP_119259830.1	WP_044106247.1
OG0000149	WP_119260460.1	WP_044107116.1
OG0000150	WP_119259768.1	WP_044106163.1
OG0000151	WP_119260111.1	WP_044106603.1
OG0000153	WP_119259849.1	WP_044106282.1
OG0000154	WP_119260544.1	WP_232509875.1
OG0000155	WP_119259517.1	WP_044105876.1
OG0000156	WP_119260761.1	WP_044106793.1
OG0000157	WP_119260618.1	WP_044106944.1
OG0000158	WP_119260894.1	WP_044105725.1
OG0000159	WP_119259285.1	WP_044105592.1
OG0000160	WP_119259391.1	WP_044105733.1
OG0000161	WP_119259992.1	WP_044106466.1
OG0000163	WP_119260773.1	WP_044106768.1
OG0000164	WP_119260787.1	WP_044106755.1
OG0000165	WP_119260494.1	WP_044107085.1
OG0000166	WP_119260841.1	WP_044106669.1
OG0000167	WP_119260047.1	WP_044106525.1
OG0000170	WP_119260038.1	WP_044106513.1
OG0000171	WP_119260150.1	WP_044105470.1
OG0000172	WP_119259500.1	WP_044105861.1
OG0000173	WP_119260320.1	WP_044107296.1
OG0000174	WP_232014546.1	WP_232509834.1
OG0000175	WP_172582112.1	WP_044106185.1
OG0000176	WP_119259626.1	WP_044105987.1
OG0000177	WP_119260063.1	WP_044106551.1
OG0000178	WP_119260823.1	WP_044106694.1
OG0000179	WP_119259444.1	WP_044105806.1
OG0000180	WP_119259733.1	WP_044106116.1
OG0000181	WP_119260699.1	WP_044106854.1
OG0000182	WP_119259961.1	WP_044106409.1
OG0000183	WP_119260286.1	WP_232509928.1
OG0000184	WP_119259896.1	WP_232509858.1
OG0000185	WP_119260166.1	WP_044107489.1
OG0000186	WP_119260567.1	WP_044107006.1
OG0000187	WP_119260343.1	WP_044107263.1
OG0000188	WP_232014533.1	WP_232509823.1
OG0000189	WP_119259354.1	WP_044105680.1
OG0000196	WP_119259564.1	WP_044105925.1
OG0000199	WP_119260229.1	WP_044107397.1
OG0000202	WP_119260825.1	WP_044106691.1
OG0000204	WP_232014493.1	WP_044107090.1
OG0000206	WP_119260946.1	WP_084220183.1
OG0000207	WP_119260668.1	WP_044106886.1
OG0000208	WP_119260666.1	WP_044106888.1
OG0000209	WP_119260665.1	WP_044106889.1
OG0000210	WP_119259692.1	WP_044106063.1
OG0000211	WP_119259974.1	WP_044106427.1
OG0000212	WP_119259978.1	WP_044106439.1
OG0000213	WP_119259963.1	WP_044106413.1
OG0000214	WP_119259753.1	WP_044106141.1
OG0000215	WP_119259546.1	WP_044105908.1
OG0000216	WP_119259286.1	WP_044105595.1
OG0000217	WP_119260206.1	WP_044107431.1
OG0000218	WP_119259825.1	WP_044106236.1
OG0000219	WP_119259826.1	WP_044106238.1
OG0000220	WP_119260249.1	WP_044107371.1
OG0000221	WP_119260031.1	WP_044106505.1
OG0000222	WP_119260468.1	WP_044107108.1
OG0000223	WP_119260800.1	WP_044106735.1
OG0000224	WP_232014616.1	WP_044107053.1
OG0000225	WP_119259903.1	WP_044106343.1
OG0000226	WP_119259787.1	WP_044106179.1
OG0000227	WP_119260447.1	WP_044107137.1
OG0000228	WP_119259343.1	WP_044105660.1
OG0000229	WP_119260569.1	WP_044107004.1
OG0000230	WP_119260570.1	WP_044107003.1
OG0000231	WP_119260232.1	WP_044107393.1
OG0000232	WP_119260638.1	WP_044106918.1
OG0000233	WP_119260888.1	WP_232509821.1
OG0000234	WP_119259410.1	WP_044105766.1
OG0000235	WP_119259982.1	WP_044106449.1
OG0000236	WP_119260052.1	WP_044106533.1
OG0000237	WP_119260248.1	WP_044107373.1
OG0000239	WP_119259452.1	WP_044105812.1
OG0000240	WP_119259351.1	WP_044105673.1
OG0000241	WP_119260819.1	WP_044106703.1
OG0000242	WP_119260820.1	WP_044106699.1
OG0000243	WP_119260391.1	WP_044107205.1
OG0000244	WP_232014534.1	WP_070104604.1
OG0000245	WP_119260441.1	WP_044107144.1
OG0000246	WP_119259860.1	WP_044106291.1
OG0000247	WP_119260295.1	WP_044107324.1
OG0000248	WP_119259590.1	WP_044107550.1
OG0000249	WP_119259985.1	WP_044106455.1
OG0000250	WP_119259555.1	WP_052470606.1
OG0000251	WP_119260724.1	WP_044106828.1
OG0000252	WP_119259818.1	WP_044106225.1
OG0000253	WP_119259817.1	WP_044106223.1
OG0000254	WP_119259815.1	WP_044106219.1
OG0000255	WP_119259708.1	WP_044106079.1
OG0000256	WP_119259485.1	WP_044105847.1
OG0000257	WP_119260437.1	WP_044107147.1
OG0000258	WP_119261002.1	WP_044107149.1
OG0000259	WP_119260882.1	WP_044106617.1
OG0000260	WP_119260881.1	WP_044106618.1
OG0000261	WP_119259723.1	WP_044106101.1
OG0000262	WP_119259722.1	WP_044106098.1
OG0000263	WP_119260572.1	WP_044107001.1
OG0000264	WP_119260571.1	WP_070104603.1
OG0000265	WP_119259834.1	WP_044106256.1
OG0000266	WP_119259835.1	WP_044106258.1
OG0000267	WP_119260679.1	WP_044106874.1
OG0000268	WP_119260076.1	WP_084220189.1
OG0000269	WP_119260698.1	WP_044106856.1
OG0000270	WP_119260700.1	WP_044106852.1
OG0000271	WP_119259705.1	WP_044106076.1
OG0000272	WP_119260227.1	WP_044107398.1
OG0000273	WP_119260219.1	WP_044107410.1
OG0000274	WP_119259696.1	WP_044106068.1
OG0000275	WP_119259629.1	WP_044105991.1
OG0000276	WP_119259628.1	WP_044105990.1
OG0000277	WP_119259627.1	WP_044105989.1
OG0000278	WP_119259625.1	WP_232509905.1
OG0000279	WP_119259649.1	WP_044106013.1
OG0000280	WP_119260510.1	WP_044107072.1
OG0000281	WP_119260509.1	WP_044107073.1
OG0000282	WP_119259566.1	WP_044105927.1
OG0000283	WP_119259396.1	WP_044105744.1
OG0000284	WP_119259879.1	WP_171816455.1
OG0000285	WP_119260396.1	WP_044107199.1
OG0000286	WP_119259907.1	WP_044106347.1
OG0000287	WP_119260491.1	WP_044107087.1
OG0000288	WP_232014470.1	WP_232509892.1
OG0000289	WP_119259314.1	WP_044105627.1
OG0000290	WP_119259315.1	WP_044105628.1
OG0000291	WP_119259317.1	WP_044105630.1
OG0000292	WP_119260951.1	WP_044106447.1
OG0000293	WP_119260692.1	WP_044107651.1
OG0000294	WP_119260691.1	WP_044106863.1
OG0000295	WP_119259866.1	WP_044106295.1
OG0000296	WP_119260096.1	WP_044106590.1
OG0000297	WP_119259689.1	WP_044106058.1
OG0000298	WP_119259602.1	WP_044105965.1
OG0000299	WP_119259786.1	WP_044106178.1
OG0000300	WP_119260304.1	WP_044107315.1
OG0000301	WP_119260643.1	WP_044106913.1
OG0000302	WP_119260644.1	WP_232509872.1
OG0000303	WP_119259492.1	WP_044105853.1
OG0000304	WP_119259493.1	WP_171816451.1
OG0000305	WP_119260764.1	WP_044106786.1
OG0000306	WP_119260049.1	WP_044106529.1
OG0000307	WP_119259757.1	WP_044106146.1
OG0000308	WP_119260079.1	WP_044106576.1
OG0000309	WP_119260924.1	WP_044107574.1
OG0000310	WP_119259356.1	WP_070104597.1
OG0000311	WP_119259858.1	WP_044106289.1
OG0000312	WP_119259859.1	WP_044106290.1
OG0000313	WP_119259509.1	WP_044105868.1
OG0000314	WP_119260032.1	WP_044106506.1
OG0000315	WP_119260815.1	WP_044106711.1
OG0000316	WP_119260387.1	WP_044107208.1
OG0000317	WP_232014588.1	WP_145972266.1
OG0000318	WP_119259437.1	WP_044105801.1
OG0000319	WP_119259873.1	WP_044106305.1
OG0000320	WP_119259872.1	WP_044106304.1
OG0000321	WP_119260731.1	WP_044106821.1
OG0000322	WP_119259770.1	WP_044106160.1
OG0000323	WP_119259799.1	WP_232509849.1
OG0000324	WP_119259798.1	WP_044106199.1
OG0000325	WP_119260241.1	WP_044107382.1
OG0000326	WP_119260678.1	WP_044106877.1
OG0000327	WP_119259584.1	WP_044105947.1
OG0000328	WP_119259884.1	WP_044106322.1
OG0000329	WP_232014572.1	WP_044106323.1
OG0000330	WP_119259886.1	WP_044106326.1
OG0000331	WP_119259686.1	WP_044106056.1
OG0000332	WP_119259597.1	WP_044105959.1
OG0000333	WP_119259596.1	WP_044105958.1
OG0000334	WP_119260183.1	WP_044107462.1
OG0000335	WP_119259754.1	WP_044106143.1
OG0000336	WP_119260587.1	WP_044106980.1
OG0000337	WP_119260106.1	WP_044106598.1
OG0000338	WP_119260133.1	WP_044105518.1
OG0000339	WP_119260690.1	WP_044106865.1
OG0000340	WP_119259618.1	WP_044105979.1
OG0000341	WP_119260671.1	WP_044106884.1
OG0000342	WP_119259642.1	WP_044106004.1
OG0000343	WP_119260292.1	WP_044107327.1
OG0000344	WP_119259778.1	WP_044106168.1
OG0000345	WP_119260346.1	WP_044107258.1
OG0000346	WP_119260347.1	WP_044107256.1
OG0000347	WP_119260348.1	WP_044107255.1
OG0000348	WP_119260349.1	WP_232509926.1
OG0000349	WP_119260893.1	WP_044107521.1
OG0000350	WP_119259808.1	WP_044106210.1
OG0000351	WP_119260807.1	WP_044106727.1
OG0000352	WP_119260806.1	WP_044107640.1
OG0000353	WP_119259475.1	WP_044105834.1
OG0000354	WP_119260479.1	WP_044107094.1
OG0000355	WP_119259390.1	WP_044105732.1
OG0000356	WP_119259275.1	WP_044105567.1
OG0000357	WP_119261012.1	WP_044107670.1
OG0000358	WP_119260525.1	WP_044107054.1
OG0000359	WP_119260968.1	WP_044105512.1
OG0000360	WP_119259441.1	WP_232509896.1
OG0000361	WP_119260936.1	WP_084220236.1
OG0000362	WP_119260021.1	WP_044106493.1
OG0000363	WP_119260331.1	WP_044107282.1
OG0000364	WP_119259324.1	WP_044105638.1
OG0000365	WP_119260196.1	WP_044107446.1
OG0000366	WP_119260296.1	WP_044107323.1
OG0000367	WP_119260805.1	WP_044106728.1
OG0000368	WP_119260703.1	WP_044106850.1
OG0000369	WP_119260270.1	WP_044107348.1
OG0000370	WP_119260272.1	WP_044107346.1
OG0000371	WP_119260382.1	WP_044107216.1
OG0000372	WP_232014610.1	WP_145972291.1
OG0000373	WP_119259624.1	WP_044105985.1
OG0000374	WP_119259297.1	WP_044105609.1
OG0000375	WP_119259302.1	WP_044105615.1
OG0000376	WP_119259306.1	WP_044105621.1
OG0000377	WP_119260088.1	WP_044106583.1
OG0000378	WP_119260087.1	WP_044106582.1
OG0000379	WP_119260659.1	WP_044106896.1
OG0000380	WP_119260657.1	WP_044106897.1
OG0000381	WP_044106898.1	WP_044106898.1
OG0000382	WP_119260520.1	WP_044107060.1
OG0000383	WP_119260521.1	WP_044107059.1
OG0000384	WP_119260650.1	WP_044106908.1
OG0000385	WP_119259339.1	WP_044105658.1
OG0000386	WP_119260362.1	WP_171816434.1
OG0000387	WP_119260701.1	WP_044106851.1
OG0000388	WP_119259899.1	WP_044106337.1
OG0000389	WP_119259901.1	WP_044106339.1
OG0000390	WP_119259421.1	WP_044105783.1
OG0000391	WP_232014523.1	WP_044106644.1
OG0000392	WP_119260734.1	WP_044106818.1
OG0000393	WP_119260735.1	WP_044106817.1
OG0000394	WP_119260195.1	WP_044107447.1
OG0000395	WP_119260193.1	WP_044107448.1
OG0000396	WP_119260750.1	WP_044106803.1
OG0000397	WP_119260904.1	WP_044105849.1
OG0000398	WP_119260066.1	WP_171816458.1
OG0000400	WP_119259334.1	WP_044105648.1
OG0000401	WP_119260330.1	WP_044107283.1
OG0000402	WP_119260329.1	WP_044107284.1
OG0000403	WP_119260039.1	WP_044106514.1
OG0000404	WP_119259463.1	WP_044105824.1
OG0000405	WP_119260256.1	WP_044107365.1
OG0000406	WP_119260255.1	WP_084220222.1
OG0000407	WP_119260221.1	WP_044107698.1
OG0000408	WP_119260223.1	WP_145972257.1
OG0000409	WP_119260224.1	WP_044107404.1
OG0000410	WP_119260991.1	WP_044107253.1
OG0000411	WP_119260730.1	WP_044106822.1
OG0000412	WP_119260253.1	WP_044107367.1
OG0000413	WP_119260709.1	WP_044106841.1
OG0000414	WP_119260513.1	WP_044107069.1
OG0000415	WP_119259727.1	WP_044106107.1
OG0000416	WP_119259400.1	WP_044105751.1
OG0000417	WP_119259942.1	WP_044106390.1
OG0000418	WP_119259960.1	WP_044107604.1
OG0000419	WP_119260726.1	WP_044106826.1
OG0000420	WP_119260725.1	WP_044106827.1
OG0000421	WP_119261015.1	WP_044107665.1
OG0000422	WP_119259970.1	WP_044106423.1
OG0000423	WP_119260528.1	WP_044107051.1
OG0000424	WP_119260257.1	WP_044107364.1
OG0000425	WP_119259751.1	WP_044106139.1
OG0000426	WP_119260445.1	WP_044107140.1
OG0000427	WP_119260444.1	WP_044107142.1
OG0000428	WP_119260202.1	WP_044107436.1
OG0000429	WP_119260375.1	WP_044107223.1
OG0000430	WP_119259889.1	WP_044107597.1
OG0000431	WP_119260071.1	WP_145972280.1
OG0000432	WP_119260827.1	WP_044106689.1
OG0000433	WP_119260531.1	WP_044107047.1
OG0000434	WP_119260532.1	WP_044107046.1
OG0000435	WP_119260533.1	WP_044107045.1
OG0000436	WP_119260818.1	WP_044106706.1
OG0000437	WP_119260845.1	WP_044106663.1
OG0000438	WP_119259741.1	WP_044106131.1
OG0000439	WP_119259575.1	WP_044105934.1
OG0000440	WP_119259712.1	WP_044106086.1
OG0000441	WP_119260637.1	WP_044106920.1
OG0000442	WP_119259587.1	WP_044105952.1
OG0000443	WP_119259593.1	WP_044105954.1
OG0000444	WP_119259612.1	WP_044105974.1
OG0000445	WP_119259611.1	WP_044105973.1
OG0000446	WP_119259600.1	WP_044105963.1
OG0000447	WP_119260593.1	WP_044106978.1
OG0000448	WP_119259989.1	WP_044106461.1
OG0000449	WP_119259990.1	WP_044106464.1
OG0000450	WP_119260243.1	WP_044107379.1
OG0000451	WP_119260244.1	WP_044107377.1
OG0000452	WP_119259489.1	WP_044105850.1
OG0000453	WP_119260508.1	WP_044107074.1
OG0000454	WP_172582046.1	WP_171816445.1
OG0000455	WP_119260192.1	WP_044107449.1
OG0000456	WP_119259417.1	WP_044105776.1
OG0000457	WP_119260670.1	WP_145972287.1
OG0000458	WP_119259971.1	WP_044107608.1
OG0000459	WP_119259402.1	WP_044105755.1
OG0000460	WP_119261022.1	WP_044106906.1
OG0000461	WP_119260325.1	WP_044107290.1
OG0000462	WP_119260062.1	WP_044106549.1
OG0000463	WP_119259540.1	WP_044105899.1
OG0000464	WP_232014600.1	WP_171816454.1
OG0000465	WP_232014594.1	WP_232509900.1
OG0000466	WP_119259796.1	WP_044106198.1
OG0000467	WP_119260140.1	WP_044105497.1
OG0000468	WP_119260385.1	WP_044107212.1
OG0000469	WP_119259490.1	WP_044105851.1
OG0000470	WP_119259491.1	WP_044105852.1
OG0000471	WP_119259745.1	WP_044106133.1
OG0000472	WP_119259311.1	WP_044105625.1
OG0000473	WP_232014506.1	WP_232509870.1
OG0000474	WP_119259919.1	WP_044106356.1
OG0000475	WP_119260706.1	WP_044106846.1
OG0000476	WP_119260707.1	WP_044106845.1
OG0000477	WP_119259591.1	WP_044105953.1
OG0000478	WP_119259707.1	WP_044106078.1
OG0000479	WP_119259518.1	WP_044107544.1
OG0000480	WP_232014570.1	WP_232509856.1
OG0000481	WP_119259857.1	WP_044106288.1
OG0000482	WP_119260574.1	WP_044106999.1
OG0000483	WP_119260443.1	WP_232509921.1
OG0000484	WP_119260162.1	WP_044107485.1
OG0000485	WP_119260163.1	WP_044107486.1
OG0000486	WP_119260164.1	WP_044107487.1
OG0000487	WP_119260998.1	WP_044107188.1
OG0000488	WP_119260578.1	WP_044106990.1
OG0000489	WP_119260950.1	WP_044106438.1
OG0000490	WP_119260423.1	WP_232509922.1
OG0000491	WP_119259401.1	WP_044105753.1
OG0000492	WP_119260422.1	WP_044107168.1
OG0000493	WP_119259338.1	WP_232509894.1
OG0000494	WP_119260171.1	WP_044107499.1
OG0000495	WP_119260234.1	WP_044107390.1
OG0000496	WP_119260478.1	WP_044107095.1
OG0000497	WP_119260610.1	WP_044106950.1
OG0000498	WP_119260332.1	WP_044107281.1
OG0000499	WP_119259955.1	WP_044106403.1
OG0000500	WP_119260389.1	WP_145972253.1
OG0000501	WP_119260789.1	WP_044106750.1
OG0000502	WP_119259609.1	WP_044105972.1
OG0000503	WP_119260299.1	WP_044107320.1
OG0000504	WP_119260300.1	WP_044107319.1
OG0000505	WP_119260288.1	WP_044107328.1
OG0000506	WP_119260287.1	WP_044107329.1
OG0000507	WP_119260334.1	WP_044107278.1
OG0000508	WP_232014469.1	WP_232509815.1
OG0000509	WP_172582072.1	WP_171816427.1
OG0000510	WP_119261010.1	WP_044107672.1
OG0000511	WP_119260051.1	WP_232509912.1
OG0000512	WP_119260617.1	WP_044106945.1
OG0000513	WP_119260099.1	WP_044106591.1
OG0000514	WP_119260905.1	WP_044107537.1
OG0000515	WP_119260298.1	WP_044107321.1
OG0000516	WP_119260367.1	WP_044107237.1
OG0000517	WP_119259828.1	WP_044106242.1
OG0000518	WP_119260854.1	WP_044106651.1
OG0000519	WP_119260275.1	WP_044107342.1
OG0000520	WP_119260276.1	WP_044107695.1
OG0000521	WP_119259774.1	WP_044106156.1
OG0000522	WP_119259460.1	WP_044105823.1
OG0000523	WP_119259767.1	WP_044106154.1
OG0000524	WP_119259766.1	WP_044106153.1
OG0000525	WP_119259759.1	WP_044107575.1
OG0000526	WP_119259393.1	WP_044105738.1
OG0000527	WP_119259969.1	WP_044106422.1
OG0000528	WP_119259968.1	WP_044106421.1
OG0000529	WP_119260054.1	WP_044106536.1
OG0000530	WP_119259764.1	WP_044106152.1
OG0000531	WP_119260926.1	WP_044107578.1
OG0000532	WP_232014596.1	WP_044106009.1
OG0000533	WP_119259578.1	WP_044105938.1
OG0000534	WP_119259580.1	WP_044105940.1
OG0000535	WP_119259581.1	WP_044105941.1
OG0000536	WP_119260170.1	WP_044107497.1
OG0000537	WP_119259296.1	WP_044107511.1
OG0000538	WP_119259617.1	WP_044105978.1
OG0000539	WP_119260684.1	WP_044106870.1
OG0000540	WP_119260107.1	WP_044106599.1
OG0000541	WP_119259329.1	WP_044105645.1
OG0000542	WP_119259582.1	WP_044105945.1
OG0000543	WP_232014612.1	WP_044107680.1
OG0000544	WP_119260535.1	WP_044107044.1
OG0000545	WP_119260536.1	WP_044107041.1
OG0000546	WP_119260537.1	WP_044107040.1
OG0000547	WP_119260538.1	WP_044107039.1
OG0000548	WP_119260539.1	WP_044107038.1
OG0000549	WP_119260542.1	WP_044107035.1
OG0000550	WP_119260543.1	WP_044107034.1
OG0000551	WP_119260545.1	WP_044107033.1
OG0000552	WP_119260546.1	WP_044107032.1
OG0000553	WP_119260547.1	WP_044107031.1
OG0000554	WP_119260548.1	WP_044107030.1
OG0000555	WP_119260550.1	WP_044107028.1
OG0000556	WP_119260554.1	WP_044107023.1
OG0000557	WP_119260555.1	WP_044107022.1
OG0000558	WP_119260563.1	WP_044107011.1
OG0000559	WP_119260564.1	WP_044107010.1
OG0000560	WP_119260269.1	WP_044107350.1
OG0000561	WP_119260595.1	WP_044106969.1
OG0000562	WP_119260727.1	WP_044106825.1
OG0000563	WP_119260281.1	WP_044107336.1
OG0000564	WP_044105787.1	WP_044105787.1
OG0000565	WP_119260430.1	WP_044107159.1
OG0000566	WP_119259851.1	WP_044106283.1
OG0000567	WP_119260927.1	WP_044106171.1
OG0000568	WP_119259321.1	WP_044105634.1
OG0000569	WP_119261018.1	WP_044107660.1
OG0000570	WP_119260620.1	WP_044106942.1
OG0000571	WP_119260103.1	WP_044106595.1
OG0000572	WP_119260401.1	WP_044107194.1
OG0000573	WP_119260402.1	WP_044107193.1
OG0000574	WP_119259542.1	WP_044105902.1
OG0000575	WP_119260984.1	WP_044107362.1
OG0000576	WP_119260260.1	WP_044107360.1
OG0000577	WP_119259361.1	WP_044105690.1
OG0000578	WP_119259776.1	WP_044106164.1
OG0000579	WP_119259613.1	WP_044105976.1
OG0000580	WP_119260628.1	WP_044106930.1
OG0000581	WP_232014597.1	WP_232509906.1
OG0000582	WP_119260990.1	WP_044107271.1
OG0000583	WP_119260339.1	WP_044107269.1
OG0000584	WP_119259355.1	WP_044105682.1
OG0000585	WP_119260482.1	WP_044107092.1
OG0000586	WP_172582105.1	WP_171816448.1
OG0000587	WP_119260721.1	WP_145972242.1
OG0000588	WP_119260388.1	WP_044107207.1
OG0000589	WP_119259284.1	WP_044105589.1
OG0000590	WP_119260311.1	WP_044107308.1
OG0000591	WP_119260310.1	WP_044107309.1
OG0000592	WP_119260309.1	WP_044107310.1
OG0000593	WP_119260093.1	WP_044106587.1
OG0000594	WP_119259278.1	WP_044105574.1
OG0000595	WP_119260788.1	WP_044106753.1
OG0000596	WP_119259577.1	WP_044105937.1
OG0000597	WP_119260582.1	WP_044106984.1
OG0000598	WP_119260909.1	WP_044107546.1
OG0000599	WP_119260660.1	WP_044106894.1
OG0000600	WP_232014458.1	WP_084220190.1
OG0000601	WP_119259412.1	WP_044105770.1
OG0000602	WP_119259527.1	WP_044105886.1
OG0000603	WP_119260119.1	WP_044105550.1
OG0000604	WP_119260159.1	WP_044107478.1
OG0000605	WP_232014465.1	WP_044105488.1
OG0000606	WP_119260605.1	WP_044106956.1
OG0000607	WP_119260147.1	WP_044105475.1
OG0000608	WP_172582044.1	WP_044105478.1
OG0000609	WP_119260449.1	WP_044107131.1
OG0000610	WP_119260672.1	WP_044106883.1
OG0000611	WP_119260020.1	WP_044106491.1
OG0000612	WP_119259561.1	WP_044105922.1
OG0000613	WP_119259560.1	WP_044105921.1
OG0000614	WP_119259559.1	WP_044105920.1
OG0000615	WP_119260001.1	WP_044106479.1
OG0000616	WP_119259407.1	WP_044105763.1
OG0000617	WP_119260381.1	WP_044107217.1
OG0000618	WP_119259433.1	WP_044105798.1
OG0000619	WP_119259434.1	WP_044105799.1
OG0000620	WP_119261042.1	WP_044107633.1
OG0000621	WP_119260318.1	WP_044107298.1
OG0000622	WP_119260317.1	WP_044107299.1
OG0000623	WP_119260316.1	WP_044107302.1
OG0000624	WP_119260988.1	WP_044107692.1
OG0000625	WP_119259359.1	WP_044105685.1
OG0000626	WP_119260718.1	WP_044106832.1
OG0000627	WP_232014508.1	WP_044106835.1
OG0000628	WP_119260838.1	WP_044106672.1
OG0000629	WP_119259938.1	WP_171816457.1
OG0000630	WP_119260903.1	WP_044107531.1
OG0000631	WP_119260435.1	WP_044107154.1
OG0000632	WP_119259528.1	WP_044105888.1
OG0000633	WP_119260176.1	WP_044107472.1
OG0000634	WP_119260175.1	WP_044107473.1
OG0000635	WP_119259651.1	WP_044106014.1
OG0000636	WP_119259650.1	WP_044107560.1
OG0000637	WP_119259523.1	WP_232509836.1
OG0000638	WP_119259385.1	WP_044105723.1
OG0000639	WP_119261031.1	WP_044106809.1
OG0000640	WP_232014498.1	WP_044107066.1
OG0000641	WP_119259465.1	WP_044105828.1
OG0000642	WP_119259535.1	WP_044105893.1
OG0000643	WP_119259290.1	WP_044105605.1
OG0000644	WP_119259864.1	WP_044106293.1
OG0000645	WP_119260943.1	WP_044107596.1
OG0000646	WP_119259948.1	WP_044106394.1
OG0000647	WP_119259740.1	WP_044106130.1
OG0000648	WP_119259445.1	WP_044105807.1
OG0000649	WP_119259730.1	WP_044106112.1
OG0000650	WP_119260754.1	WP_044106799.1
OG0000651	WP_119260755.1	WP_044106798.1
OG0000652	WP_119259454.1	WP_044105816.1
OG0000653	WP_119259797.1	WP_052470614.1
OG0000654	WP_172582119.1	WP_084220198.1
OG0000655	WP_119259565.1	WP_044105926.1
OG0000656	WP_119260322.1	WP_044107293.1
OG0000657	WP_119260155.1	WP_044105461.1
OG0000658	WP_119259346.1	WP_044105666.1
OG0000659	WP_119259693.1	WP_044106064.1
OG0000660	WP_119260139.1	WP_044105499.1
OG0000661	WP_119260377.1	WP_044107220.1
OG0000662	WP_232014608.1	WP_044107219.1
OG0000663	WP_119259319.1	WP_044105632.1
OG0000664	WP_119259996.1	WP_044106472.1
OG0000665	WP_119259877.1	WP_044106314.1
OG0000666	WP_119260200.1	WP_044107437.1
OG0000667	WP_119260199.1	WP_044107439.1
OG0000668	WP_119260197.1	WP_044107442.1
OG0000669	WP_044107444.1	WP_044107444.1
OG0000670	WP_119260529.1	WP_044107049.1
OG0000671	WP_119260328.1	WP_044107286.1
OG0000672	WP_119260368.1	WP_171816464.1
OG0000673	WP_119260830.1	WP_044106685.1
OG0000674	WP_119259964.1	WP_044106414.1
OG0000675	WP_119260596.1	WP_044106968.1
OG0000676	WP_119260597.1	WP_044106967.1
OG0000677	WP_119260598.1	WP_044106965.1
OG0000678	WP_119260599.1	WP_044106964.1
OG0000679	WP_119260600.1	WP_044106963.1
OG0000680	WP_119259926.1	WP_044106369.1
OG0000681	WP_119259924.1	WP_044106365.1
OG0000682	WP_119259923.1	WP_044106363.1
OG0000683	WP_119259922.1	WP_044106362.1
OG0000684	WP_119259921.1	WP_044106360.1
OG0000685	WP_119259543.1	WP_044105903.1
OG0000686	WP_119260307.1	WP_044107312.1
OG0000687	WP_119260677.1	WP_044106878.1
OG0000688	WP_119259606.1	WP_044105969.1
OG0000689	WP_119260212.1	WP_171816467.1
OG0000690	WP_119259840.1	WP_044106265.1
OG0000691	WP_119259806.1	WP_044106206.1
OG0000692	WP_119260392.1	WP_044107204.1
OG0000693	WP_119259632.1	WP_044105994.1
OG0000694	WP_119259773.1	WP_044106157.1
OG0000695	WP_119259772.1	WP_044107579.1
OG0000696	WP_232014559.1	WP_232509848.1
OG0000697	WP_119259837.1	WP_084220180.1
OG0000698	WP_172582035.1	WP_232509863.1
OG0000699	WP_119260516.1	WP_044107065.1
OG0000700	WP_232014564.1	WP_171816388.1
OG0000701	WP_119259812.1	WP_044106215.1
OG0000702	WP_119259813.1	WP_044106216.1
OG0000703	WP_119261044.1	WP_044107630.1
OG0000704	WP_119260613.1	WP_044106948.1
OG0000705	WP_119260462.1	WP_044107114.1
OG0000706	WP_119259404.1	WP_044105758.1
OG0000707	WP_119260901.1	WP_145972222.1
OG0000708	WP_119259519.1	WP_044105877.1
OG0000709	WP_119260642.1	WP_044106914.1
OG0000711	WP_119260216.1	WP_044107415.1
OG0000712	WP_119260214.1	WP_044107418.1
OG0000713	WP_172582023.1	WP_171816387.1
OG0000714	WP_044107668.1	WP_044107668.1
OG0000715	WP_119260624.1	WP_044106936.1
OG0000716	WP_119260911.1	WP_044105942.1
OG0000717	WP_119260203.1	WP_044107435.1
OG0000718	WP_119259604.1	WP_052470652.1
OG0000719	WP_119260081.1	WP_044106577.1
OG0000720	WP_119260082.1	WP_044106578.1
OG0000721	WP_119260440.1	WP_044107145.1
OG0000722	WP_119260793.1	WP_044106744.1
OG0000723	WP_119260832.1	WP_044106677.1
OG0000724	WP_119259534.1	WP_044105892.1
OG0000725	WP_119259305.1	WP_044105620.1
OG0000726	WP_119259920.1	WP_044106357.1
OG0000727	WP_119260333.1	WP_044107279.1
OG0000728	WP_119260400.1	WP_044107195.1
OG0000729	WP_119259720.1	WP_044106096.1
OG0000730	WP_119259719.1	WP_044106095.1
OG0000731	WP_119259476.1	WP_044105837.1
OG0000732	WP_119259477.1	WP_044105838.1
OG0000733	WP_119260715.1	WP_044106836.1
OG0000734	WP_119261050.1	WP_044107624.1
OG0000735	WP_119260794.1	WP_044106742.1
OG0000736	WP_119259532.1	WP_044105890.1
OG0000737	WP_119259282.1	WP_044105583.1
OG0000738	WP_119260518.1	WP_044107063.1
OG0000739	WP_119260631.1	WP_044106927.1
OG0000740	WP_119260632.1	WP_044106926.1
OG0000741	WP_119260633.1	WP_044106924.1
OG0000742	WP_119260634.1	WP_044106923.1
OG0000743	WP_119260635.1	WP_044106921.1
OG0000744	WP_119260583.1	WP_044106983.1
OG0000745	WP_119260687.1	WP_145972286.1
OG0000746	WP_119259513.1	WP_044105873.1
OG0000747	WP_119259694.1	WP_044106065.1
OG0000748	WP_119260812.1	WP_044106717.1
OG0000749	WP_119260041.1	WP_044106516.1
OG0000750	WP_119260042.1	WP_044106518.1
OG0000751	WP_119260457.1	WP_044107123.1
OG0000752	WP_119260458.1	WP_044107121.1
OG0000753	WP_119259795.1	WP_044106197.1
OG0000754	WP_119260522.1	WP_044107058.1
OG0000755	WP_232014495.1	WP_052470642.1
OG0000756	WP_119259620.1	WP_044105982.1
OG0000757	WP_119259619.1	WP_044105980.1
OG0000758	WP_119259868.1	WP_044106300.1
OG0000759	WP_119260376.1	WP_044107222.1
OG0000760	WP_119259496.1	WP_044105856.1
OG0000761	WP_119260651.1	WP_044106907.1
OG0000762	WP_119259691.1	WP_044106062.1
OG0000763	WP_119259318.1	WP_044105631.1
OG0000764	WP_119260148.1	WP_044105473.1
OG0000765	WP_119260149.1	WP_044105472.1
OG0000766	WP_044106871.1	WP_044106871.1
OG0000767	WP_119259867.1	WP_044106296.1
OG0000768	WP_119260118.1	WP_044105553.1
OG0000769	WP_232014607.1	WP_084220219.1
OG0000770	WP_119260091.1	WP_044106586.1
OG0000771	WP_119260019.1	WP_070104606.1
OG0000772	WP_119260393.1	WP_044107203.1
OG0000773	WP_119260496.1	WP_044107673.1
OG0000774	WP_119259929.1	WP_044106374.1
OG0000775	WP_119259480.1	WP_044105842.1
OG0000776	WP_119260395.1	WP_044107201.1
OG0000777	WP_119260512.1	WP_044107070.1
OG0000778	WP_172582073.1	WP_171816426.1
OG0000779	WP_119260969.1	WP_171816361.1
OG0000780	WP_119260662.1	WP_044106891.1
OG0000781	WP_119259615.1	WP_044107554.1
OG0000782	WP_119259908.1	WP_044106348.1
OG0000783	WP_232014574.1	WP_232509861.1
OG0000784	WP_232014586.1	WP_044106572.1
OG0000785	WP_119259657.1	WP_044106020.1
OG0000786	WP_119259658.1	WP_044106021.1
OG0000787	WP_119259659.1	WP_044106022.1
OG0000788	WP_119259660.1	WP_044106023.1
OG0000789	WP_119259661.1	WP_044106025.1
OG0000790	WP_119259662.1	WP_044106026.1
OG0000791	WP_119259663.1	WP_044106027.1
OG0000792	WP_119259664.1	WP_044106028.1
OG0000793	WP_119259665.1	WP_044106029.1
OG0000794	WP_119259667.1	WP_044106032.1
OG0000795	WP_119259668.1	WP_044106033.1
OG0000796	WP_119259669.1	WP_044106034.1
OG0000797	WP_119259670.1	WP_044106036.1
OG0000798	WP_119259671.1	WP_044106037.1
OG0000799	WP_119259672.1	WP_044106038.1
OG0000800	WP_119259673.1	WP_044106039.1
OG0000801	WP_119259674.1	WP_044106040.1
OG0000802	WP_119259675.1	WP_044106041.1
OG0000803	WP_119259676.1	WP_044106042.1
OG0000804	WP_085433775.1	WP_044107563.1
OG0000805	WP_119259677.1	WP_044106043.1
OG0000806	WP_044106045.1	WP_044106045.1
OG0000807	WP_119260921.1	WP_044107565.1
OG0000808	WP_119259678.1	WP_044106046.1
OG0000809	WP_119259679.1	WP_044106047.1
OG0000810	WP_119259680.1	WP_044106049.1
OG0000811	WP_119259683.1	WP_044106054.1
OG0000812	WP_119260178.1	WP_044107468.1
OG0000813	WP_119260045.1	WP_044106524.1
OG0000814	WP_119260044.1	WP_044106522.1
OG0000815	WP_119259827.1	WP_044106239.1
OG0000816	WP_119259621.1	WP_044105983.1
OG0000817	WP_172582063.1	WP_044107226.1
OG0000818	WP_119260577.1	WP_044106991.1
OG0000819	WP_172582002.1	WP_171816368.1
OG0000820	WP_172582001.1	WP_171816367.1
OG0000821	WP_119259742.1	WP_044106132.1
OG0000822	WP_232014598.1	WP_044107573.1
OG0000823	WP_119260654.1	WP_044106902.1
OG0000824	WP_119260115.1	WP_044106608.1
OG0000825	WP_119259932.1	WP_044106379.1
OG0000826	WP_119259654.1	WP_044107561.1
OG0000827	WP_119260863.1	WP_084220196.1
OG0000828	WP_119260247.1	WP_044107375.1
OG0000829	WP_119260409.1	WP_044107184.1
OG0000830	WP_119260408.1	WP_044107185.1
OG0000831	WP_119260953.1	WP_044107609.1
OG0000832	WP_119260585.1	WP_044107667.1
OG0000833	WP_119260452.1	WP_044107129.1
OG0000834	WP_119259811.1	WP_044106214.1
OG0000835	WP_119259934.1	WP_044106382.1
OG0000836	WP_119259382.1	WP_044105719.1
OG0000837	WP_119260370.1	WP_044107229.1
OG0000838	WP_119260022.1	WP_044106496.1
OG0000839	WP_119260835.1	WP_044106675.1
OG0000840	WP_119259279.1	WP_044105577.1
OG0000841	WP_119259281.1	WP_044105580.1
OG0000842	WP_119260751.1	WP_044106802.1
OG0000843	WP_119260114.1	WP_044106607.1
OG0000845	WP_119259905.1	WP_044106346.1
OG0000846	WP_119260230.1	WP_044107396.1
OG0000847	WP_119259739.1	WP_044106129.1
OG0000848	WP_119259737.1	WP_044106124.1
OG0000849	WP_197715884.1	WP_145972225.1
OG0000850	WP_119259376.1	WP_044105714.1
OG0000851	WP_119259375.1	WP_044105712.1
OG0000852	WP_119260184.1	WP_044107461.1
OG0000853	WP_119260186.1	WP_044107458.1
OG0000854	WP_119260235.1	WP_044107389.1
OG0000855	WP_119260592.1	WP_044106977.1
OG0000856	WP_119261041.1	WP_044106678.1
OG0000857	WP_119259724.1	WP_052470612.1
OG0000858	WP_119260151.1	WP_044105468.1
OG0000859	WP_119260646.1	WP_044106910.1
OG0000860	WP_119260090.1	WP_044106585.1
OG0000861	WP_119260179.1	WP_044107467.1
OG0000862	WP_119260386.1	WP_044107209.1
OG0000863	WP_119259598.1	WP_044105960.1
OG0000864	WP_119259750.1	WP_044106138.1
OG0000865	WP_119260630.1	WP_044106928.1
OG0000866	WP_119260397.1	WP_044107197.1
OG0000867	WP_119260398.1	WP_044107196.1
OG0000868	WP_119260321.1	WP_044107295.1
OG0000869	WP_119260804.1	WP_044106729.1
OG0000870	WP_119260293.1	WP_044107326.1
OG0000871	WP_119259820.1	WP_044106231.1
OG0000872	WP_119259821.1	WP_044106232.1
OG0000873	WP_119259746.1	WP_044106134.1
OG0000874	WP_119259365.1	WP_044105696.1
OG0000875	WP_119260616.1	WP_044106946.1
OG0000876	WP_119259548.1	WP_044105910.1
OG0000877	WP_119259547.1	WP_044105909.1
OG0000878	WP_119260850.1	WP_044106654.1
OG0000879	WP_119260383.1	WP_044107214.1
OG0000880	WP_232014485.1	WP_052470645.1
OG0000881	WP_119259537.1	WP_044105896.1
OG0000882	WP_119260848.1	WP_044106660.1
OG0000883	WP_119260283.1	WP_044107333.1
OG0000884	WP_119260282.1	WP_044107334.1
OG0000885	WP_119260847.1	WP_044106662.1
OG0000886	WP_119260337.1	WP_044107274.1
OG0000887	WP_119259453.1	WP_044105814.1
OG0000888	WP_119259869.1	WP_044106301.1
OG0000889	WP_119260017.1	WP_044106487.1
OG0000890	WP_119259352.1	WP_044105677.1
OG0000891	WP_119260852.1	WP_044106653.1
OG0000892	WP_119260817.1	WP_044106707.1
OG0000893	WP_119260143.1	WP_044105491.1
OG0000894	WP_119260109.1	WP_044106600.1
OG0000895	WP_119260965.1	WP_044106601.1
OG0000896	WP_119260110.1	WP_044106602.1
OG0000897	WP_119259386.1	WP_044105727.1
OG0000898	WP_119260504.1	WP_044107079.1
OG0000899	WP_119259348.1	WP_044107515.1
OG0000900	WP_119259349.1	WP_044105670.1
OG0000901	WP_119260580.1	WP_044106987.1
OG0000902	WP_119260579.1	WP_044106988.1
OG0000903	WP_119260426.1	WP_044107163.1
OG0000904	WP_119260425.1	WP_044107165.1
OG0000905	WP_119260978.1	WP_044107494.1
OG0000906	WP_119260168.1	WP_044107492.1
OG0000907	WP_119259551.1	WP_171816452.1
OG0000908	WP_119260877.1	WP_044106623.1
OG0000909	WP_119261001.1	WP_044107151.1
OG0000910	WP_119259945.1	WP_044106392.1
OG0000911	WP_119260421.1	WP_044107169.1
OG0000912	WP_119259645.1	WP_044106008.1
OG0000913	WP_119259975.1	WP_044106432.1
OG0000914	WP_119259716.1	WP_044106091.1
OG0000915	WP_119259941.1	WP_044106389.1
OG0000916	WP_119260009.1	WP_044106483.1
OG0000917	WP_119259418.1	WP_044105777.1
OG0000918	WP_172582032.1	WP_044106417.1
OG0000919	WP_119260696.1	WP_044106859.1
OG0000920	WP_232014565.1	WP_145972272.1
OG0000921	WP_119260360.1	WP_044107243.1
OG0000922	WP_119260474.1	WP_044107101.1
OG0000923	WP_119259622.1	WP_044107557.1
OG0000924	WP_119261040.1	WP_044107635.1
OG0000925	WP_119259952.1	WP_044106399.1
OG0000926	WP_119260767.1	WP_044106778.1
OG0000927	WP_119260693.1	WP_044106861.1
OG0000928	WP_119259792.1	WP_044106192.1
OG0000929	WP_119260101.1	WP_044107617.1
OG0000930	WP_119260524.1	WP_044107056.1
OG0000931	WP_119259824.1	WP_044106235.1
OG0000932	WP_119260250.1	WP_044107370.1
OG0000933	WP_119259541.1	WP_044105901.1
OG0000934	WP_232014545.1	WP_044107540.1
OG0000935	WP_119259950.1	WP_044106396.1
OG0000936	WP_119259698.1	WP_044106071.1
OG0000937	WP_119260218.1	WP_044107411.1
OG0000938	WP_232014504.1	WP_044106862.1
OG0000939	WP_119259636.1	WP_044105997.1
OG0000940	WP_119260958.1	WP_044107612.1
OG0000941	WP_119259904.1	WP_044106344.1
OG0000942	WP_119259340.1	WP_044105659.1
OG0000943	WP_119259756.1	WP_044106145.1
OG0000944	WP_119261027.1	WP_044106842.1
OG0000945	WP_119260313.1	WP_044107306.1
OG0000946	WP_119261038.1	WP_044107637.1
OG0000947	WP_119259459.1	WP_232509829.1
OG0000948	WP_119260549.1	WP_044107029.1
OG0000949	WP_119260553.1	WP_044107024.1
OG0000950	WP_119260084.1	WP_044106579.1
OG0000951	WP_119259432.1	WP_044105797.1
OG0000952	WP_119260174.1	WP_044107475.1
OG0000953	WP_119260405.1	WP_044107187.1
OG0000954	WP_119260530.1	WP_044107048.1
OG0000955	WP_119260892.1	WP_044105704.1
OG0000956	WP_119260573.1	WP_044107000.1
OG0000957	WP_232014592.1	WP_232509832.1
OG0000958	WP_119260399.1	WP_232509885.1
OG0000959	WP_119260606.1	WP_044106955.1
OG0000960	WP_119260358.1	WP_044107244.1
OG0000961	WP_119259681.1	WP_044106051.1
OG0000962	WP_119259395.1	WP_044105742.1
OG0000964	WP_119260655.1	WP_044106901.1
OG0000965	WP_119260294.1	WP_044107325.1
OG0000966	WP_119260427.1	WP_044107162.1
OG0000967	WP_119260424.1	WP_044107166.1
OG0000968	WP_119260473.1	WP_044107103.1
OG0000969	WP_119260799.1	WP_044106737.1
OG0000970	WP_119261036.1	WP_044106708.1
OG0000971	WP_119260442.1	WP_044107143.1
OG0000972	WP_119260675.1	WP_044106880.1
OG0000973	WP_119259777.1	WP_044106166.1
OG0000974	WP_119260345.1	WP_044107260.1
OG0000975	WP_119260095.1	WP_044106589.1
OG0000976	WP_119260929.1	WP_044106193.1
OG0000977	WP_232014618.1	WP_232509917.1
OG0000978	WP_119259357.1	WP_044105683.1
OG0000979	WP_119259841.1	WP_044106266.1
OG0000980	WP_119259414.1	WP_044105774.1
OG0000981	WP_119259779.1	WP_044106169.1
OG0000982	WP_119260432.1	WP_044107156.1
OG0000983	WP_119260552.1	WP_044107025.1
OG0000984	WP_119260233.1	WP_044107391.1
OG0000985	WP_119260342.1	WP_044107264.1
OG0000986	WP_119260717.1	WP_044106834.1
OG0000987	WP_119259951.1	WP_044106397.1
OG0000988	WP_119260274.1	WP_044107344.1
OG0000989	WP_119259871.1	WP_044106303.1
OG0000990	WP_119259350.1	WP_044105671.1
OG0000991	WP_119259697.1	WP_044106070.1
OG0000992	WP_119259954.1	WP_044106401.1
OG0000993	WP_119260068.1	WP_044106559.1
OG0000994	WP_119261025.1	WP_044106855.1
OG0000995	WP_119260271.1	WP_044107347.1
OG0000996	WP_119259325.1	WP_044105639.1
OG0000997	WP_119260949.1	WP_044107605.1
OG0000998	WP_119259863.1	WP_084220182.1
OG0000999	WP_119260878.1	WP_084220192.1
OG0001000	WP_119260177.1	WP_044107471.1
OG0001001	WP_119260125.1	WP_232509893.1
OG0001002	WP_119259791.1	WP_044106188.1
OG0001003	WP_119259449.1	WP_044105810.1
OG0001004	WP_119259902.1	WP_145972231.1
OG0001005	WP_119259394.1	WP_044105740.1
OG0001006	WP_119259702.1	WP_044106072.1
OG0001007	WP_119259337.1	WP_232509824.1
OG0001008	WP_119260766.1	WP_044106780.1
OG0001009	WP_119259690.1	WP_044106060.1
OG0001010	WP_119260297.1	WP_044107322.1
OG0001011	WP_119260989.1	WP_044107691.1
OG0001012	WP_119260980.1	WP_044107703.1
OG0001013	WP_119260859.1	WP_044106647.1
OG0001014	WP_119259503.1	WP_044105864.1
OG0001015	WP_232014549.1	WP_232509839.1
OG0001016	WP_119259471.1	WP_044105830.1
OG0001017	WP_119259946.1	WP_232509909.1
OG0001018	WP_119259925.1	WP_044106367.1
OG0001019	WP_119260357.1	WP_171816435.1
OG0001020	WP_119260058.1	WP_232509864.1
OG0001021	WP_119259392.1	WP_044105735.1
OG0001022	WP_172582039.1	WP_044106570.1
OG0001023	WP_119260208.1	WP_044107425.1
OG0001024	WP_119260568.1	WP_044107005.1
OG0001025	WP_119260890.1	WP_084220228.1
OG0001026	WP_119259273.1	WP_044105561.1
OG0001027	WP_119259603.1	WP_044105966.1
OG0001028	WP_119260324.1	WP_232509888.1, WP_171816438.1
OG0001029	WP_119260338.1	WP_044107272.1
OG0001030	WP_232014619.1	WP_232509916.1
OG0001031	WP_232014589.1	WP_232509898.1
OG0001032	WP_119260215.1	WP_044107417.1
OG0001033	WP_119259687.1	WP_044107567.1
OG0001034	WP_119259377.1	WP_044105716.1
OG0001035	WP_119260000.1	WP_044106478.1
OG0001036	WP_172582121.1	WP_171816459.1
OG0001039	WP_119260505.1	WP_044107078.1
OG0001042	WP_119260849.1	WP_044106659.1
OG0001051	WP_119260774.1	WP_044106767.1
OG0001053	WP_119259957.1	WP_044106405.1
OG0001054	WP_119260490.1	WP_044107674.1
OG0001056	WP_119260744.1	WP_044106807.1
OG0001061	WP_119260327.1	WP_044107287.1
OG0001064	WP_119260144.1	WP_044105486.1
OG0001066	WP_119260808.1	WP_044106726.1
OG0001068	WP_197715883.1	WP_070104599.1
OG0001074	WP_119259633.1	WP_044105995.1
OG0001079	WP_119259586.1	WP_044105949.1
OG0001086	WP_119260639.1	WP_044106917.1
OG0001089	WP_119259427.1	WP_044105793.1
OG0001090	WP_119259803.1	WP_044106203.1
OG0001093	WP_119260476.1	WP_232509881.1
OG0001096	WP_119260499.1	WP_044107082.1
OG0001097	WP_119259495.1	WP_044105855.1
OG0001099	WP_119259933.1	WP_044106381.1
OG0001101	WP_119259323.1	WP_044105636.1
OG0001111	WP_119259288.1	WP_044105602.1
OG0001114	WP_119259345.1	WP_044105664.1
OG0001118	WP_119260451.1	WP_044107130.1
OG0001120	WP_119260023.1	WP_044106497.1
OG0001123	WP_119260131.1	WP_044105522.1
OG0001124	WP_119259682.1	WP_044106052.1
OG0001128	WP_119259967.1	WP_145972232.1
OG0001131	WP_119260185.1	WP_084220225.1
OG0001137	WP_119259569.1	WP_044105930.1
OG0001146	WP_119260258.1	WP_044107363.1
OG0001147	WP_119260920.1	WP_084220176.1
OG0001150	WP_119259972.1	WP_044106424.1
OG0001152	WP_119260560.1	WP_044107015.1
OG0001153	WP_119260225.1	WP_044107402.1
OG0001154	WP_119259646.1	WP_232509844.1
OG0001156	WP_119259874.1	WP_044106306.1
OG0001157	WP_119259870.1	WP_044106302.1
OG0001160	WP_119260048.1	WP_044106528.1
OG0001163	WP_119260108.1	WP_052470627.1
OG0001164	WP_119260883.1	WP_044106615.1
OG0001165	WP_119260285.1	WP_044107331.1
OG0001166	WP_119259536.1	WP_044105894.1
OG0001167	WP_119260136.1	WP_044105509.1
OG0001169	WP_232014581.1, WP_145961886.1	WP_044106498.1
OG0001174	WP_119259423.1	WP_171816369.1, WP_052470602.1
OG0001178	WP_119260778.1	WP_044106762.1
OG0001179	WP_119260126.1	WP_044105538.1
OG0001180	WP_119259666.1	WP_044106030.1
OG0001181	WP_232014459.1	WP_171816405.1
OG0001183	WP_119260979.1	WP_044107457.1
OG0001187	WP_119260507.1	WP_044107075.1
OG0001188	WP_119260501.1	WP_052470629.1, WP_044107081.1
OG0001189	WP_119261023.1	WP_044106895.1
OG0001190	WP_172582031.1	WP_171816397.1
OG0001193	WP_119259335.1	WP_044105650.1
OG0001194	WP_119260351.1	WP_044107251.1
OG0001195	WP_119260785.1	WP_044106756.1
OG0001197	WP_119260217.1	WP_044107413.1
OG0001198	WP_119260363.1	WP_044107241.1
OG0001200	WP_119259446.1	WP_044105808.1
OG0001201	WP_119260157.1	WP_232509816.1, WP_232509817.1
OG0001202	WP_119259514.1	WP_044105875.1
OG0001203	WP_119260043.1	WP_044106520.1
OG0001204	WP_119260094.1	WP_044106588.1
OG0001205	WP_119259442.1	WP_044105805.1
OG0001208	WP_119260765.1	WP_044106782.1, WP_044106784.1
OG0001209	WP_119260262.1	WP_044107358.1
OG0001212	WP_119261005.1	WP_044107099.1
OG0001213	WP_119260129.1	WP_044105528.1
OG0001216	WP_119260073.1	WP_044106568.1
OG0001217	WP_232014515.1, WP_119260752.1	WP_044106801.1
OG0001218	WP_119260641.1	WP_044106915.1
OG0001219	WP_119259299.1	WP_232509819.1
OG0001221	WP_119260278.1	WP_044107341.1
OG0001222	WP_119259562.1	WP_044105924.1
OG0001223	WP_232014481.1	WP_044107288.1
OG0001224	WP_119260729.1	WP_044106823.1
OG0001225	WP_172582085.1	WP_171816416.1
OG0001229	WP_119260012.1	WP_044106484.1
OG0001230	WP_119259710.1	WP_044106083.1
OG0001233	WP_119260561.1	WP_044107014.1
OG0001235	WP_119260018.1	WP_148311208.1
OG0001236	WP_119259780.1	WP_044106173.1
OG0001237	WP_119259782.1	WP_044106175.1
OG0001239	WP_119260213.1	WP_044107421.1
OG0001240	WP_119260446.1	WP_044107139.1
OG0001241	WP_119260983.1	WP_044107374.1
OG0001242	WP_172582075.1	WP_171816358.1
OG0001243	WP_119260308.1	WP_044107311.1
OG0001244	WP_119260955.1	WP_044106508.1
OG0001245	WP_119260694.1	WP_044106860.1
OG0001246	WP_119260471.1	WP_044107106.1
OG0001247	WP_119260871.1	WP_044106636.1
OG0001248	WP_232014501.1	WP_052470639.1
OG0001249	WP_119260697.1	WP_044106857.1
OG0001250	WP_232014535.1, WP_119259363.1	WP_044105693.1
OG0001252	WP_232014490.1	WP_232509878.1
OG0001254	WP_119259785.1	WP_044106176.1
OG0001255	WP_119260840.1	WP_044106671.1
OG0001256	WP_119260723.1, WP_172582084.1	WP_044106829.1
OG0001262	WP_119260728.1	WP_044106824.1
OG0001263	WP_119259880.1	WP_232509857.1
OG0001264	WP_119259810.1	WP_052470615.1, WP_044106213.1
OG0001265	WP_119259398.1	WP_044105748.1
OG0001266	WP_232014510.1	WP_052470635.1
OG0001268	WP_119259483.1	WP_044105845.1
OG0001268	WP_119260209.1	WP_044107424.1
OG0001283	WP_119260973.1	WP_044107506.1
OG0001304	WP_119259647.1	WP_044107558.1
OG0001305	WP_232014555.1	WP_044106010.1
OG0001320	WP_119259512.1	WP_044105872.1
OG0001321	WP_119260156.1	WP_084220164.1
OG0001322	WP_119260843.1	WP_044106667.1
OG0001323	WP_119259981.1	WP_044106445.1
OG0001324	WP_119259980.1	WP_044106442.1
OG0001325	WP_119260625.1	WP_044106935.1
OG0001326	WP_119261019.1	WP_044106933.1
OG0001327	WP_119260146.1	WP_044105484.1
OG0001328	WP_119260971.1	WP_044105481.1
OG0001331	WP_119259736.1	WP_044106122.1
OG0001334	WP_119260455.1	WP_044107124.1
OG0001335	WP_119260029.1	WP_044106502.1
OG0001336	WP_119259467.1	WP_044105829.1
OG0001337	WP_119259576.1	WP_044105935.1
OG0001340	WP_119260621.1	WP_044106940.1
OG0001342	WP_119259991.1	WP_084220187.1
OG0001345	WP_119260284.1	WP_044107332.1
OG0001346	WP_119260661.1	WP_044106892.1
OG0001347	WP_119260273.1	WP_044107345.1
OG0001348	WP_119259843.1	WP_044106271.1
OG0001349	WP_119260414.1	WP_044107180.1
OG0001351	WP_119260240.1	WP_044107384.1
OG0001356	WP_119260030.1	WP_044106504.1
OG0001357	WP_119259728.1	WP_044106110.1
OG0001359	WP_119260053.1	WP_044106535.1
OG0001362	WP_119260416.1	WP_044107177.1
OG0001363	WP_119260279.1	WP_044107339.1
OG0001364	WP_119259888.1	WP_044106329.1
OG0001365	WP_119259419.1	WP_044105779.1
OG0001366	WP_119259847.1	WP_044106278.1
OG0001368	WP_119260078.1	WP_044106575.1
OG0001369	WP_119260404.1	WP_044107189.1
OG0001370	WP_119259472.1	WP_044105831.1
OG0001371	WP_119259762.1	WP_044106150.1
OG0001373	WP_119259875.1	WP_044106309.1
OG0001374	WP_119259594.1	WP_044105956.1
OG0001377	WP_119260429.1	WP_044107160.1
OG0001378	WP_232014518.1	WP_044107638.1
OG0001380	WP_119259931.1	WP_044106377.1
OG0001382	WP_119259639.1	WP_044106001.1
OG0001384	WP_119259567.1	WP_044105928.1
OG0001386	WP_119260506.1	WP_044107076.1
OG0001387	WP_119260975.1	WP_044107503.1
OG0001389	WP_119259652.1	WP_044106016.1
OG0001390	WP_119259758.1	WP_044106147.1
OG0001393	WP_119260312.1	WP_044107307.1
OG0001396	WP_119260964.1	WP_044107615.1
OG0001397	WP_119259752.1	WP_044106140.1
OG0001398	WP_119259405.1	WP_044105760.1
OG0001399	WP_119259406.1	WP_044105762.1
OG0001400	WP_119260290.1	WP_145972256.1
OG0001402	WP_172582056.1	WP_171816439.1
OG0001403	WP_119259640.1	WP_044106002.1
OG0001404	WP_119259438.1	WP_044105802.1
OG0001406	WP_119260922.1	WP_232509907.1
OG0001407	WP_119260181.1	WP_044107463.1
OG0001408	WP_119260775.1	WP_044106765.1
OG0001409	WP_172582090.1	WP_084220199.1
OG0001410	WP_119260776.1	WP_044106764.1
OG0001411	WP_119260777.1	WP_044106763.1
OG0001413	WP_119260201.1	WP_044107704.1
OG0001414	WP_119260124.1	WP_044105544.1
OG0001418	WP_119260354.1	WP_044107247.1
OG0001419	WP_119260810.1	WP_044106721.1
OG0001420	WP_119260790.1	WP_044106749.1
OG0001421	WP_119259833.1	WP_044106254.1
OG0001422	WP_119260511.1	WP_044107071.1
OG0001423	WP_119259641.1	WP_232509843.1
OG0001425	WP_119259936.1	WP_044106385.1
OG0001426	WP_119259937.1	WP_044106386.1
OG0001427	WP_119260811.1	WP_044106719.1
OG0001431	WP_119260190.1	WP_044107453.1
OG0001432	WP_119260191.1	WP_044107451.1
OG0001436	WP_119259807.1	WP_044106207.1
OG0001437	WP_119260656.1	WP_044106899.1
OG0001438	WP_119261043.1	WP_044107631.1
OG0001441	WP_119260875.1	WP_084220194.1
OG0001443	WP_119259295.1	WP_044105607.1
OG0001444	WP_119260944.1	WP_044106316.1
OG0001445	WP_119260153.1	WP_044105466.1
OG0001448	WP_119259397.1	WP_044105746.1
OG0001449	WP_119260782.1	WP_044106758.1
OG0001452	WP_232014585.1	WP_044106561.1
OG0001453	WP_119260604.1	WP_044106959.1
OG0001454	WP_119259718.1	WP_044106093.1
OG0001455	WP_119260160.1	WP_044107479.1
OG0001457	WP_119260622.1	WP_044106939.1
OG0001458	WP_119259486.1	WP_084220169.1
OG0001459	WP_119260265.1	WP_044107356.1
OG0001460	WP_119260266.1	WP_044107354.1
OG0001461	WP_119260267.1	WP_044107352.1
OG0001462	WP_119260335.1	WP_044107277.1
OG0001466	WP_119260489.1	WP_044107088.1
OG0001468	WP_119260976.1	WP_044107480.1
OG0001469	WP_119260161.1	WP_044107482.1
OG0001472	WP_119260680.1	WP_044106873.1
OG0001473	WP_119260803.1	WP_044106730.1
OG0001474	WP_119260802.1	WP_044106731.1
OG0001478	WP_119260006.1	WP_044106481.1
OG0001479	WP_119259538.1	WP_044105897.1
OG0001480	WP_119259539.1	WP_044105898.1
OG0001481	WP_119260384.1	WP_145972254.1
OG0001482	WP_119259487.1	WP_044105848.1
OG0001484	WP_119260419.1	WP_044107170.1
OG0001485	WP_172582117.1	WP_171816466.1
OG0001486	WP_119260289.1	WP_052470649.1
OG0001487	WP_119259831.1	WP_044106249.1
OG0001488	WP_119259623.1	WP_044105984.1
OG0001489	WP_119260813.1	WP_044106715.1
OG0001490	WP_119260252.1	WP_044107368.1
OG0001491	WP_119260910.1	WP_044105919.1
OG0001492	WP_119259558.1	WP_044105917.1
OG0001493	WP_119260005.1	WP_044106480.1
OG0001494	WP_119260711.1	WP_044106840.1
OG0001495	WP_119260712.1	WP_044106838.1
OG0001497	WP_119259738.1	WP_044106126.1
OG0001498	WP_119260653.1	WP_044106903.1
OG0001499	WP_119260652.1	WP_044106905.1
OG0001500	WP_119259944.1	WP_044106391.1
OG0001501	WP_119260704.1	WP_044106849.1
OG0001504	WP_119260629.1	WP_044106929.1
OG0001505	WP_119260448.1	WP_044107132.1
OG0001507	WP_119260407.1	WP_044107186.1
OG0001508	WP_119260112.1	WP_044106604.1
OG0001510	WP_172582101.1	WP_171816408.1
OG0001514	WP_232014553.1	WP_070104601.1
OG0001516	WP_119260469.1	WP_232509882.1
OG0001517	WP_119259370.1	WP_044105703.1
OG0001518	WP_119259735.1	WP_044106120.1
OG0001519	WP_119259443.1	WP_171816372.1
OG0001521	WP_119259595.1	WP_044105957.1
OG0001522	WP_119259887.1	WP_044106327.1
OG0001523	WP_119259383.1	WP_044105721.1
OG0001526	WP_119259832.1	WP_044106252.1
OG0001527	WP_119259428.1	WP_044105794.1
OG0001528	WP_119260477.1	WP_044107096.1
OG0001529	WP_119260708.1	WP_044106844.1
OG0001530	WP_119260403.1	WP_044107190.1
OG0001531	WP_119260070.1	WP_044106562.1
OG0001532	WP_119259552.1	WP_044105912.1
OG0001535	WP_119260074.1	WP_044106571.1
OG0001536	WP_119260055.1	WP_044106538.1
OG0001537	WP_119259366.1	WP_044105697.1
OG0001538	WP_119259367.1	WP_044105698.1
OG0001539	WP_119260676.1	WP_044106879.1
OG0001540	WP_119260842.1	WP_044106668.1
OG0001541	WP_119260844.1	WP_044106665.1
OG0001542	WP_119260264.1	WP_044107357.1
OG0001543	WP_119260394.1	WP_044107202.1
OG0001544	WP_119259525.1	WP_044105882.1
OG0001545	WP_119260908.1	WP_044107545.1
OG0001548	WP_119260028.1	WP_044106500.1
OG0001549	WP_232014560.1	WP_052470613.1
OG0001550	WP_119260033.1	WP_044106507.1
OG0001552	WP_119259360.1	WP_232509825.1
OG0001554	WP_119260210.1	WP_044107702.1
OG0001555	WP_119259809.1	WP_044106212.1
OG0001556	WP_119260934.1	WP_145972226.1
OG0001557	WP_119260527.1	WP_232509877.1
OG0001558	WP_119259328.1	WP_044105644.1
OG0001559	WP_119259801.1	WP_044106201.1
OG0001560	WP_119259802.1	WP_044106202.1
OG0001562	WP_119260465.1	WP_044107112.1
OG0001563	WP_119260466.1	WP_044107111.1
OG0001564	WP_119261004.1	WP_044107110.1
OG0001565	WP_119260467.1	WP_044107109.1
OG0001566	WP_119259614.1	WP_044105977.1
OG0001568	WP_119260222.1	WP_044107406.1
OG0001569	WP_119259892.1	WP_044106331.1
OG0001570	WP_119259373.1	WP_044105709.1
OG0001571	WP_119259372.1	WP_044105707.1
OG0001572	WP_119259900.1	WP_044106338.1
OG0001573	WP_119260758.1	WP_044106796.1
OG0001574	WP_119260760.1	WP_044106795.1
OG0001576	WP_119259411.1	WP_044105769.1
OG0001577	WP_119260762.1	WP_044106790.1
OG0001578	WP_119260925.1	WP_044107577.1
OG0001579	WP_119259522.1	WP_044105881.1
OG0001580	WP_119259521.1	WP_044105880.1
OG0001581	WP_119259520.1	WP_044105879.1
OG0001582	WP_119260720.1	WP_044106830.1
OG0001583	WP_119259579.1	WP_044105939.1
OG0001585	WP_119259704.1	WP_044106075.1
OG0001587	WP_119260588.1	WP_044106971.1
OG0001588	WP_119259793.1	WP_044106196.1
OG0001589	WP_119260431.1	WP_044107158.1
OG0001590	WP_119259309.1	WP_044107512.1
OG0001593	WP_119260780.1	WP_044106760.1
OG0001594	WP_119259881.1	WP_145972229.1
OG0001595	WP_172582099.1	WP_171816411.1
OG0001596	WP_119260869.1	WP_044106641.1
OG0001599	WP_119260412.1	WP_044107183.1
OG0001600	WP_119260481.1	WP_044107093.1
OG0001601	WP_119260887.1	WP_044107509.1
OG0001602	WP_119260732.1	WP_044106820.1
OG0001603	WP_119260870.1	WP_044106638.1
OG0001604	WP_119260336.1	WP_044107275.1
OG0001605	WP_119260040.1	WP_044106515.1
OG0001606	WP_119260438.1	WP_044107146.1
OG0001607	WP_119260667.1	WP_044107655.1
OG0001608	WP_119260627.1	WP_044106931.1
OG0001609	WP_232014552.1	WP_171816377.1
OG0001610	WP_119260301.1	WP_044107318.1
OG0001611	WP_119259695.1	WP_044106067.1
OG0001612	WP_119259589.1	WP_044107549.1
OG0001613	WP_119260231.1	WP_044107394.1
OG0001614	WP_119260809.1	WP_044106724.1
OG0001616	WP_119260013.1	WP_044106485.1
OG0001617	WP_172582078.1	WP_171816423.1
OG0001619	WP_119259638.1	WP_044105999.1
OG0001621	WP_119260280.1	WP_044107338.1
OG0001622	WP_119260428.1	WP_232509884.1
OG0001624	WP_119259389.1	WP_044105730.1
OG0001626	WP_119260050.1	WP_044106531.1
OG0001628	WP_119260801.1	WP_044106732.1
OG0001629	WP_119260180.1	WP_044107465.1
OG0001630	WP_119259986.1	WP_232509910.1
OG0001631	WP_119260856.1	WP_044106649.1
OG0001632	WP_119260855.1	WP_044106650.1
OG0001634	WP_119259568.1	WP_044105929.1
OG0001636	WP_119260315.1	WP_044107303.1
OG0001637	WP_119260864.1	WP_044106645.1
OG0001638	WP_119260913.1	WP_232509904.1
OG0001639	WP_232014551.1	WP_044105951.1
OG0001640	WP_119259440.1	WP_044105803.1
OG0001642	WP_119260523.1	WP_044107057.1
OG0001643	WP_119260204.1	WP_044107434.1
OG0001645	WP_119260036.1	WP_044106511.1
OG0001646	WP_119259499.1	WP_044105860.1
OG0001647	WP_172582007.1	WP_044105859.1
OG0001648	WP_119259977.1	WP_044106436.1
OG0001649	WP_119259399.1	WP_044105749.1
OG0001650	WP_119260576.1	WP_044106995.1
OG0001651	WP_172582109.1	WP_195910196.1
OG0001652	WP_119260906.1	WP_044107538.1
OG0001653	WP_119259429.1	WP_044105795.1
OG0001654	WP_119259481.1	WP_044105843.1
OG0001655	WP_119259482.1	WP_044105844.1
OG0001661	WP_119260743.1	WP_044106810.1
OG0001662	WP_119259988.1	WP_044106459.1
OG0001663	WP_119260648.1	WP_044106909.1
OG0001664	WP_119260828.1	WP_044106688.1
OG0001665	WP_119260763.1	WP_044106788.1
OG0001666	WP_119260207.1	WP_044107429.1
OG0001667	WP_119260459.1	WP_044107119.1
OG0001669	WP_119259530.1	WP_232509840.1
OG0001670	WP_119259781.1	WP_044106174.1
OG0001671	WP_119260589.1	WP_044106973.1
OG0001672	WP_119259910.1	WP_044106352.1
OG0001673	WP_119259634.1	WP_084220173.1
OG0001674	WP_119259303.1	WP_044105618.1
OG0001675	WP_119260314.1	WP_044107304.1
OG0001676	WP_119260586.1	WP_044106981.1
OG0001678	WP_119261013.1	WP_044107042.1
OG0001679	WP_119260540.1	WP_044107037.1
OG0001680	WP_119260551.1	WP_044107026.1
OG0001681	WP_119260558.1	WP_044107018.1
OG0001682	WP_119260562.1	WP_044107013.1
OG0001683	WP_119261026.1	WP_044107650.1
OG0001684	WP_119259277.1	WP_044105571.1
OG0001685	WP_232014590.1	WP_044105821.1
OG0001686	WP_232014575.1	WP_044106354.1
OG0001687	WP_232014550.1	WP_171816373.1
OG0001688	WP_119259380.1	WP_044105717.1
OG0001689	WP_119259379.1	WP_232509827.1
OG0001690	WP_119259506.1	WP_044105865.1
OG0001691	WP_119260369.1	WP_044107233.1
OG0001693	WP_172582087.1	WP_044106800.1
OG0001694	WP_119260713.1	WP_044106837.1
OG0001695	WP_119259608.1	WP_044105970.1
OG0001698	WP_119259322.1	WP_044105635.1
OG0001699	WP_119260602.1	WP_044106960.1
OG0001700	WP_119259456.1	WP_044105817.1
OG0001701	WP_119259845.1	WP_044106275.1
OG0001702	WP_119259788.1	WP_044106182.1
OG0001703	WP_119260836.1	WP_044106674.1
OG0001704	WP_232014577.1	WP_044106425.1
OG0001705	WP_119260132.1	WP_044105519.1
OG0001706	WP_119260669.1	WP_044106885.1
OG0001707	WP_119260086.1	WP_044106580.1
OG0001708	WP_119259479.1	WP_044105841.1
OG0001709	WP_119260612.1	WP_044106949.1
OG0001711	WP_119260173.1	WP_044107502.1
OG0001713	WP_119260772.1	WP_044106769.1
OG0001714	WP_119260102.1	WP_044106594.1
OG0001715	WP_119259883.1	WP_044106320.1
OG0001716	WP_119261006.1	WP_044107676.1
OG0001717	WP_232014558.1	WP_044106149.1
OG0001718	WP_119259882.1	WP_044106319.1
OG0001719	WP_119260601.1	WP_044106961.1
OG0001720	WP_119259498.1	WP_044105857.1
OG0001721	WP_119260645.1	WP_044106911.1
OG0001723	WP_119259940.1	WP_044106388.1
OG0001724	WP_172582070.1	WP_171816429.1
OG0001725	WP_119260993.1	WP_044107239.1
OG0001726	WP_119260858.1	WP_044106648.1
OG0001727	WP_119259894.1	WP_044106334.1
OG0001728	WP_119259585.1	WP_044105948.1
OG0001729	WP_119260918.1	WP_044107559.1
OG0001730	WP_119260238.1	WP_044107388.1
OG0001731	WP_119260239.1	WP_044107386.1
OG0001732	WP_119260884.1	WP_044106614.1
OG0001733	WP_119260061.1	WP_044106547.1
OG0001734	WP_119260742.1	WP_044106811.1
OG0001735	WP_119260514.1	WP_044107067.1
OG0001736	WP_119260591.1	WP_044106975.1
OG0001737	WP_119260619.1	WP_044106943.1
OG0001738	WP_119259420.1	WP_044105781.1
OG0001739	WP_119259644.1	WP_044106006.1
OG0001740	WP_119259643.1	WP_044106005.1
OG0001741	WP_119260261.1	WP_044107359.1
OG0001742	WP_119259842.1	WP_044106268.1
OG0001743	WP_119260770.1	WP_044106773.1
OG0001744	WP_119260089.1	WP_044106584.1
OG0001745	WP_119259655.1	WP_052470610.1
OG0001746	WP_119260418.1	WP_044107172.1
OG0001747	WP_119260436.1	WP_044107153.1
OG0001748	WP_119259829.1	WP_044106244.1
OG0001749	WP_119260745.1	WP_044106806.1
OG0001750	WP_119260746.1	WP_044106805.1
OG0001751	WP_119260353.1	WP_044107248.1
OG0001753	WP_119260077.1	WP_044106573.1
OG0001754	WP_119260853.1	WP_044106652.1
OG0001755	WP_119259956.1	WP_044106404.1
OG0001756	WP_119261028.1	WP_171816418.1
OG0001757	WP_119261029.1	WP_044107649.1
OG0001758	WP_119260738.1	WP_232509869.1
OG0001759	WP_119260739.1	WP_044106815.1
OG0001760	WP_119260740.1	WP_044106814.1
OG0001761	WP_119259861.1	WP_044107595.1
OG0001762	WP_119259510.1	WP_044105869.1
OG0001763	WP_119259424.1	WP_044105789.1
OG0001764	WP_232014480.1	WP_232509890.1
OG0001765	WP_119260064.1	WP_044106552.1
OG0001766	WP_119259983.1	WP_044106451.1
OG0001767	WP_119259984.1	WP_044106453.1
OG0001768	WP_232014527.1	WP_044106626.1
OG0001769	WP_119260899.1	WP_044105785.1
OG0001770	WP_119260831.1	WP_044106681.1
OG0001771	WP_172582060.1	WP_171816436.1
OG0001772	WP_119260226.1	WP_044107399.1
OG0001774	WP_119259310.1	WP_044105624.1
OG0001775	WP_119259734.1	WP_044106118.1
OG0001776	WP_232014476.1	WP_171816441.1, WP_171816442.1
OG0001777	WP_119259895.1	WP_044106335.1
OG0001778	WP_119260609.1	WP_044106952.1
OG0001779	WP_119259653.1	WP_044106017.1
OG0001780	WP_119259570.1	WP_044105931.1
OG0001781	WP_119260015.1	WP_044106486.1
OG0001782	WP_119260517.1	WP_044107064.1
OG0001783	WP_119260158.1	WP_044105455.1
OG0001784	WP_119260829.1	WP_044106686.1
OG0001785	WP_119259848.1	WP_044106280.1
OG0001786	WP_172581999.1	WP_044105633.1
OG0001787	WP_119260977.1	WP_044107491.1
OG0001788	WP_119259637.1	WP_044105998.1
OG0001789	WP_119260987.1	WP_044107693.1
OG0001790	WP_119260113.1	WP_084220191.1
OG0001791	WP_119260259.1	WP_044107361.1
OG0001792	WP_232014516.1	WP_232509867.1
OG0001793	WP_119259862.1	WP_044106292.1
OG0001794	WP_119259893.1	WP_044106332.1
OG0001796	WP_119259294.1	WP_070104596.1
OG0001797	WP_232014484.1	WP_044107228.1
OG0001798	WP_119259755.1	WP_044106144.1
OG0001799	WP_119260251.1	WP_044107369.1
OG0001800	WP_119259316.1	WP_044105629.1
OG0001801	WP_119259304.1	WP_044105619.1
OG0001802	WP_119260626.1	WP_044106932.1
OG0001803	WP_119260607.1	WP_044106954.1
OG0001805	WP_119260122.1	WP_044105547.1
OG0001806	WP_119259553.1	WP_044105913.1
OG0001807	WP_119260997.1	WP_044107683.1
OG0001808	WP_232014488.1	WP_232509880.1
OG0001810	WP_119259508.1	WP_044105866.1
OG0001811	WP_119260323.1	WP_044107292.1
OG0001812	WP_119260067.1	WP_044106557.1
OG0001814	WP_119260100.1	WP_044106593.1
OG0001815	WP_119259844.1	WP_171816390.1
OG0001816	WP_119259557.1	WP_044105916.1
OG0001817	WP_232014482.1	WP_232509886.1
OG0001818	WP_119259959.1	WP_044106408.1
OG0001820	WP_232014561.1	WP_044107580.1
OG0001822	WP_172582061.1	WP_145972255.1
OG0001829	WP_232014513.1, WP_232014511.1	WP_145972241.1
OG0001857	WP_232014571.1	WP_171816393.1
OG0001900	WP_119259789.1	WP_044106183.1
OG0001919	WP_119259344.1	WP_044105662.1
OG0001962	WP_119261020.1	WP_084220207.1
OG0001964	WP_119259426.1	WP_044105791.1
OG0002008	WP_232014539.1	WP_052470601.1
OG0002014	WP_119259685.1	WP_044106055.1
OG0002047	WP_119259364.1	WP_044105695.1
OG0002054	WP_119260141.1	WP_044105494.1
OG0002068	WP_119260565.1	WP_044107009.1
OG0002070	WP_119260581.1	WP_044106985.1
OG0002078	WP_119259966.1	WP_044106418.1
OG0002081	WP_119259979.1	WP_044106441.1
OG0002090	WP_119260302.1	WP_044107316.1
OG0002092	WP_119261016.1	WP_044107664.1
OG0002099	WP_119259853.1	WP_044106284.1
OG0002100	WP_119260461.1	WP_044107115.1
OG0002108	WP_119259371.1	WP_044105705.1
OG0002126	WP_119260014.1	WP_171816401.1
OG0002129	WP_119261045.1	WP_044106657.1
OG0002141	WP_084220210.1	WP_084220210.1
OG0002142	WP_145961876.1	WP_052470604.1
OG0002149	WP_119259409.1	WP_044105765.1
OG0002150	WP_119259457.1	WP_044105819.1
OG0002154	WP_119260413.1	WP_044107181.1
OG0002156	WP_119259927.1	WP_044106371.1
OG0002157	WP_119259928.1	WP_044106373.1
OG0002158	WP_119260220.1	WP_044107409.1
OG0002159	WP_172582042.1	WP_171816363.1
OG0002160	WP_119260340.1	WP_044107268.1
OG0002161	WP_119260415.1	WP_044107179.1
OG0002163	WP_119259965.1	WP_044106415.1
OG0002164	WP_172582076.1	WP_171816424.1
OG0002165	WP_232014536.1	WP_044105700.1
OG0002166	WP_172582022.1	WP_171816386.1
OG0002168	WP_119259298.1	WP_044105611.1
OG0002169	WP_119260167.1	WP_044107490.1
OG0002170	WP_119260792.1	WP_044106745.1
OG0002171	WP_119260374.1	WP_044107224.1
OG0002172	WP_119260683.1	WP_084220205.1
OG0002174	WP_172582010.1	WP_145972223.1
OG0002175	WP_119259998.1	WP_044106474.1
OG0003191	WP_119259326.1	WP_044105640.1
OG0003192	WP_232014547.1	WP_044105883.1
OG0003193	WP_119259994.1	WP_044106470.1
OG0003194	WP_119260559.1	WP_044107016.1
OG0003195	WP_145961890.1	WP_044107127.1
OG0003196	WP_172582066.1	WP_044107133.1
OG0003197	WP_119260319.1	WP_044107297.1
OG0003198	WP_119259571.1	WP_052470607.1
OG0003199	WP_145961884.1	WP_145972234.1
OG0003200	WP_119260500.1	WP_145972249.1
OG0003201	WP_172582015.1	WP_171816379.1
OG0003202	WP_172582028.1	WP_171816395.1
OG0003203	WP_119259939.1	WP_171816396.1
OG0003204	WP_232014525.1	WP_171816407.1
OG0003205	WP_172582098.1	WP_171816412.1
OG0003206	WP_119260464.1	WP_171816432.1
OG0003207	WP_119260263.1	WP_171816440.1
OG0003208	WP_119259822.1	WP_232509852.1
