Orthogroup	cyanobacterium_endosymbiont_of_Braarudosphaera_bigelowii_CPSB-1_GCF_020885515.1_protein	Candidatus_Atelocyanobacterium_thalassa_isolate_ALOHA_GCF_000025125.1_protein
OG0000002	WP_229637470.1	WP_012954598.1
OG0000002	WP_229636895.1	WP_012953902.1
OG0000002	WP_040054326.1	WP_012954277.1
OG0000004	WP_229637575.1	WP_012953566.1
OG0000004	WP_229637264.1	WP_012954293.1
OG0000004	WP_229636898.1	WP_012953905.1
OG0000005	WP_229636863.1	WP_012953853.1
OG0000005	WP_229637646.1	WP_236608132.1
OG0000005	WP_229636901.1	WP_012953908.1
OG0000006	WP_229637299.1	WP_012954347.1
OG0000006	WP_229637682.1	WP_236608133.1
OG0000006	WP_229637040.1	WP_012954085.1
OG0000009	WP_229637718.1	WP_236608145.1
OG0000009	WP_040054735.1	WP_012954099.1
OG0000010	WP_229636990.1, WP_229637188.1	WP_148207764.1
OG0000011	WP_040054185.1	WP_012953813.1
OG0000011	WP_040054186.1	WP_012953814.1
OG0000012	WP_040054202.1	WP_012953833.1
OG0000013	WP_040054568.1	WP_012954435.1
OG0000013	WP_040054550.1	WP_012954458.1
OG0000016	WP_229637191.1	WP_012954196.1
OG0000016	WP_229636910.1	WP_012953920.1
OG0000017	WP_229636979.1	WP_012954021.1
OG0000018	WP_229637316.1	WP_012954371.1
OG0000018	WP_229637064.1	WP_041487851.1
OG0000019	WP_040054889.1	WP_012954511.1
OG0000019	WP_229637377.1	WP_012954465.1
OG0000020	WP_229637398.1	WP_012954493.1
OG0000020	WP_040054446.1	WP_012954617.1
OG0000023	WP_229636896.1	WP_012953903.1
OG0000023	WP_229637634.1	WP_012953663.1
OG0000024	WP_229636849.1	WP_012953822.1
OG0000024	WP_229637201.1	WP_012954203.1
OG0000025	WP_040054455.1	WP_012954605.1
OG0000025	WP_040054938.1	WP_012954012.1
OG0000026	WP_229637397.1	WP_012954492.1
OG0000026	WP_040054535.1	WP_012954473.1
OG0000027	WP_040054460.1	WP_012954599.1
OG0000029	WP_229636955.1	WP_012953989.1
OG0000029	WP_229637558.1	WP_012953539.1
OG0000030	WP_040054680.1	WP_012953557.1
OG0000030	WP_040054617.1	WP_012954379.1
OG0000031	WP_040054966.1	WP_012953713.1
OG0000032	WP_229637118.1	WP_012954150.1
OG0000032	WP_040054980.1	WP_012953697.1
OG0000033	WP_229637658.1	WP_012953707.1
OG0000033	WP_229637681.1	WP_012953739.1
OG0000034	WP_229636836.1	WP_012953804.1
OG0000034	WP_040054706.1	WP_012954134.1
OG0000035	WP_229637715.1	WP_236608143.1
OG0000035	WP_229636860.1	WP_012953848.1
OG0000036	WP_229637270.1	WP_012954303.1
OG0000036	WP_229636891.1	WP_012953897.1
OG0000037	WP_229637109.1	WP_012954143.1
OG0000037	WP_012953946.1	WP_012953946.1
OG0000038	WP_229637120.1	WP_012954152.1
OG0000038	WP_229637395.1	WP_012954490.1
OG0000039	WP_229637186.1	WP_041487756.1
OG0000042	WP_229637328.1	WP_012954383.1
OG0000042	WP_040055095.1	WP_012953591.1
OG0000043	WP_229637679.1	WP_012953735.1
OG0000044	WP_040055050.1	WP_012954151.1
OG0000045	WP_229637225.1	WP_012954240.1
OG0000046	WP_040054829.1	WP_012954346.1
OG0000047	WP_229637368.1	WP_012954451.1
OG0000048	WP_229637417.1	WP_012954519.1
OG0000059	WP_040054316.1	WP_012954288.1
OG0000059	WP_229637507.1	WP_012953458.1
OG0000060	WP_040054387.1	WP_012954208.1
OG0000060	WP_040054640.1	WP_012953512.1
OG0000061	WP_229636765.1	WP_012953752.1
OG0000061	WP_229636775.1	WP_012953763.1
OG0000062	WP_229637285.1	WP_012954326.1
OG0000063	WP_229637071.1	WP_041487853.1
OG0000064	WP_229637737.1	WP_148207785.1
OG0000070	WP_229637501.1	WP_012953446.1
OG0000071	WP_229637566.1	WP_012953550.1
OG0000072	WP_229637620.1	WP_012953641.1
OG0000073	WP_229636879.1	WP_012953881.1
OG0000074	WP_229636926.1	WP_012953945.1
OG0000075	WP_229637097.1	WP_012954131.1
OG0000076	WP_229637729.1	WP_012954174.1
OG0000076	WP_229637162.1	WP_012954166.1
OG0000077	WP_229637193.1	WP_012954197.1
OG0000078	WP_229637197.1	WP_012954199.1
OG0000079	WP_229637235.1	WP_012954251.1
OG0000080	WP_229637431.1	WP_012954536.1
OG0000080	WP_040054345.1	WP_012954252.1
OG0000081	WP_229637409.1	WP_236608128.1
OG0000082	WP_229636940.1	WP_236608146.1
OG0000094	WP_229637576.1	WP_012953567.1
OG0000095	WP_040054784.1	WP_012953632.1
OG0000096	WP_229636838.1	WP_012953805.1
OG0000097	WP_229636851.1	WP_012953824.1
OG0000098	WP_040054223.1	WP_012953857.1
OG0000099	WP_229636878.1	WP_012953879.1
OG0000100	WP_229636928.1	WP_012953948.1
OG0000101	WP_040055029.1	WP_012953951.1
OG0000102	WP_040054934.1	WP_012954016.1
OG0000103	WP_229637037.1	WP_012954081.1
OG0000104	WP_040054741.1	WP_012954094.1
OG0000104	WP_040054740.1	WP_012954095.1
OG0000105	WP_040054356.1	WP_012954239.1
OG0000106	WP_229637252.1	WP_012954273.1
OG0000107	WP_229637374.1	WP_012954461.1
OG0000108	WP_229637437.1	WP_201763759.1
OG0000126	WP_229637513.1	WP_012953467.1
OG0000127	WP_229637527.1	WP_012953486.1
OG0000128	WP_229637528.1	WP_012953487.1
OG0000129	WP_040054663.1	WP_012953538.1
OG0000130	WP_229637559.1	WP_012953540.1
OG0000131	WP_229637560.1	WP_012953542.1
OG0000132	WP_229637563.1	WP_012953547.1
OG0000133	WP_229637565.1	WP_012953549.1
OG0000134	WP_040054677.1	WP_012953554.1
OG0000135	WP_229637577.1	WP_012953568.1
OG0000136	WP_229637609.1	WP_012953618.1
OG0000137	WP_229637622.1	WP_012953643.1
OG0000138	WP_229637631.1	WP_012953653.1
OG0000139	WP_229637632.1	WP_012953656.1
OG0000140	WP_229637640.1	WP_012953675.1
OG0000141	WP_229637657.1	WP_012953704.1
OG0000142	WP_040054959.1	WP_012953721.1
OG0000143	WP_229636769.1	WP_012953759.1
OG0000144	WP_040054173.1	WP_012953800.1
OG0000145	WP_229636832.1	WP_012953802.1
OG0000146	WP_040054188.1	WP_012953816.1
OG0000147	WP_229636855.1	WP_012953839.1
OG0000148	WP_040054230.1	WP_012953867.1
OG0000149	WP_040054236.1	WP_012953877.1
OG0000150	WP_040054237.1	WP_012953880.1
OG0000151	WP_229636892.1	WP_012953898.1
OG0000152	WP_229636920.1, WP_229636919.1, WP_261345096.1	WP_012953936.1
OG0000153	WP_229636938.1	WP_012953964.1
OG0000154	WP_229636965.1	WP_012954001.1
OG0000155	WP_229636993.1	WP_012954049.1
OG0000156	WP_229637005.1	WP_012954068.1
OG0000157	WP_040055126.1	WP_012954077.1
OG0000158	WP_040055121.1	WP_012954084.1
OG0000159	WP_229637044.1	WP_012954089.1
OG0000160	WP_229637175.1	WP_012954180.1
OG0000161	WP_229637189.1	WP_012954195.1
OG0000162	WP_229637243.1	WP_012954261.1
OG0000163	WP_229637253.1	WP_012954275.1
OG0000164	WP_040054309.1	WP_012954295.1
OG0000165	WP_229637311.1	WP_012954365.1
OG0000166	WP_040054578.1	WP_012954421.1
OG0000167	WP_229637355.1	WP_012954429.1
OG0000168	WP_229637366.1	WP_012954447.1
OG0000170	WP_229637385.1	WP_012954477.1
OG0000171	WP_229637413.1	WP_012954512.1
OG0000172	WP_229637416.1	WP_012954517.1
OG0000173	WP_229637424.1	WP_012954528.1
OG0000174	WP_229637433.1	WP_012954538.1
OG0000175	WP_229637489.1	WP_012954626.1
OG0000176	WP_229637702.1	WP_041487708.1
OG0000177	WP_229636790.1	WP_041487725.1
OG0000178	WP_040054214.1	WP_041487734.1
OG0000179	WP_229637240.1	WP_041487762.1
OG0000180	WP_040054824.1	WP_041487770.1
OG0000181	WP_229637554.1	WP_041487801.1
OG0000182	WP_229637468.1	WP_041487895.1
OG0000183	WP_040054197.1	WP_071813723.1
OG0000184	WP_229637584.1	WP_081440571.1
OG0000185	WP_229637608.1	WP_148207777.1
OG0000186	WP_229637727.1	WP_201763753.1
OG0000187	WP_229637297.1	WP_236608127.1
OG0000188	WP_229636954.1	WP_236608137.1
OG0000204	WP_229637494.1	WP_012953434.1
OG0000205	WP_229637495.1	WP_012953435.1
OG0000206	WP_040054432.1	WP_012953436.1
OG0000207	WP_229637496.1	WP_012953437.1
OG0000208	WP_040054430.1	WP_012953438.1
OG0000209	WP_040054429.1	WP_012953439.1
OG0000210	WP_040054507.1	WP_012953440.1
OG0000211	WP_229637498.1	WP_012953442.1
OG0000212	WP_229637499.1	WP_012953444.1
OG0000213	WP_229637500.1	WP_012953445.1
OG0000214	WP_229637502.1	WP_012953447.1
OG0000215	WP_229637503.1	WP_012953448.1
OG0000216	WP_229637504.1	WP_012953449.1
OG0000218	WP_040054418.1	WP_012953454.1
OG0000219	WP_229637506.1	WP_012953455.1
OG0000220	WP_040054416.1	WP_012953456.1
OG0000221	WP_229637508.1	WP_012953459.1
OG0000222	WP_229637509.1	WP_012953460.1
OG0000223	WP_229637510.1	WP_012953462.1
OG0000224	WP_229637511.1	WP_012953463.1
OG0000225	WP_229637696.1	WP_012953466.1
OG0000226	WP_040055176.1	WP_012953468.1
OG0000227	WP_229637515.1	WP_012953470.1
OG0000228	WP_229637517.1	WP_012953472.1
OG0000229	WP_229637519.1	WP_012953474.1
OG0000230	WP_040055183.1	WP_012953475.1
OG0000231	WP_229637520.1	WP_012953476.1
OG0000232	WP_229637521.1	WP_012953477.1
OG0000233	WP_229637522.1	WP_012953478.1
OG0000234	WP_229637523.1	WP_012953480.1
OG0000235	WP_229637524.1	WP_012953481.1
OG0000236	WP_229637525.1	WP_012953482.1
OG0000237	WP_040055191.1	WP_012953484.1
OG0000238	WP_229637526.1	WP_012953485.1
OG0000239	WP_040055225.1	WP_012953488.1
OG0000240	WP_229637529.1	WP_012953489.1
OG0000241	WP_229637530.1	WP_012953490.1
OG0000242	WP_229637531.1	WP_012953491.1
OG0000243	WP_229637532.1	WP_012953492.1
OG0000244	WP_040055208.1	WP_012953494.1
OG0000245	WP_229637535.1	WP_012953497.1
OG0000246	WP_040055211.1	WP_012953499.1
OG0000247	WP_229637536.1	WP_012953500.1
OG0000248	WP_229637537.1	WP_012953501.1
OG0000249	WP_040055235.1	WP_012953504.1
OG0000250	WP_229637540.1	WP_012953505.1
OG0000251	WP_040055237.1	WP_012953506.1
OG0000252	WP_040054635.1	WP_012953507.1
OG0000253	WP_040054636.1	WP_012953508.1
OG0000254	WP_040054637.1	WP_012953509.1
OG0000255	WP_229637541.1	WP_012953510.1
OG0000256	WP_040054639.1	WP_012953511.1
OG0000257	WP_229637544.1	WP_012953515.1
OG0000258	WP_229637545.1	WP_012953516.1
OG0000259	WP_040054645.1	WP_012953517.1
OG0000260	WP_229637546.1	WP_012953518.1
OG0000261	WP_040054649.1	WP_012953521.1
OG0000262	WP_229637547.1	WP_012953522.1
OG0000263	WP_229637548.1	WP_012953523.1
OG0000264	WP_229637549.1	WP_012953524.1
OG0000265	WP_229637550.1	WP_012953525.1
OG0000266	WP_040054653.1	WP_012953527.1
OG0000267	WP_229637552.1	WP_012953529.1
OG0000268	WP_040054656.1	WP_012953530.1
OG0000269	WP_229637553.1	WP_012953531.1
OG0000270	WP_229637555.1	WP_012953534.1
OG0000271	WP_229637556.1	WP_012953535.1
OG0000272	WP_229637557.1	WP_012953537.1
OG0000273	WP_229637561.1	WP_012953543.1
OG0000274	WP_040054668.1	WP_012953544.1
OG0000275	WP_229637567.1	WP_012953551.1
OG0000276	WP_040054675.1	WP_012953552.1
OG0000277	WP_040054676.1	WP_012953553.1
OG0000278	WP_229637568.1	WP_012953556.1
OG0000279	WP_229637569.1	WP_012953559.1
OG0000280	WP_229637571.1	WP_012953561.1
OG0000281	WP_040054683.1	WP_012953562.1
OG0000282	WP_229637572.1	WP_012953563.1
OG0000283	WP_229637573.1	WP_012953564.1
OG0000284	WP_229637574.1	WP_012953565.1
OG0000285	WP_040054691.1	WP_012953570.1
OG0000286	WP_229637579.1	WP_012953571.1
OG0000287	WP_040055091.1	WP_012953573.1
OG0000288	WP_229637590.1	WP_012953574.1
OG0000289	WP_040055089.1	WP_012953576.1
OG0000290	WP_229637589.1	WP_012953577.1
OG0000291	WP_229637588.1	WP_012953578.1
OG0000292	WP_229637587.1	WP_012953579.1
OG0000293	WP_229637586.1	WP_012953581.1
OG0000294	WP_229637585.1	WP_012953582.1
OG0000295	WP_229637583.1	WP_012953585.1
OG0000296	WP_229637581.1	WP_012953587.1
OG0000297	WP_040055093.1	WP_012953589.1
OG0000298	WP_229637592.1	WP_012953592.1
OG0000299	WP_040055098.1	WP_012953595.1
OG0000300	WP_040055100.1	WP_012953597.1
OG0000301	WP_040055101.1	WP_012953598.1
OG0000302	WP_229637594.1	WP_012953599.1
OG0000303	WP_229637595.1	WP_012953600.1
OG0000304	WP_229637596.1	WP_012953601.1
OG0000305	WP_229637597.1	WP_012953602.1
OG0000306	WP_229637598.1	WP_012953603.1
OG0000307	WP_229637600.1	WP_012953605.1
OG0000308	WP_229637704.1	WP_012953607.1
OG0000309	WP_040055111.1	WP_012953608.1
OG0000310	WP_229637602.1	WP_012953610.1
OG0000311	WP_229637603.1	WP_012953611.1
OG0000312	WP_040055116.1	WP_012953612.1
OG0000313	WP_229637604.1	WP_012953613.1
OG0000314	WP_229637607.1	WP_012953616.1
OG0000315	WP_040054796.1	WP_012953619.1
OG0000316	WP_229637610.1	WP_012953620.1
OG0000317	WP_261345102.1	WP_012953621.1
OG0000318	WP_229637612.1	WP_012953622.1
OG0000319	WP_040054792.1	WP_012953623.1
OG0000320	WP_040054791.1	WP_012953624.1
OG0000321	WP_040054789.1	WP_012953626.1
OG0000322	WP_040054788.1	WP_012953627.1
OG0000323	WP_229637613.1	WP_012953628.1
OG0000324	WP_040054786.1	WP_012953629.1
OG0000325	WP_229637614.1	WP_012953630.1
OG0000326	WP_040054805.1	WP_012953631.1
OG0000327	WP_229637615.1	WP_012953633.1
OG0000328	WP_229637705.1	WP_012953634.1
OG0000329	WP_229637616.1	WP_012953635.1
OG0000330	WP_229637617.1	WP_012953636.1
OG0000331	WP_229637619.1	WP_012953638.1
OG0000332	WP_040054777.1	WP_012953639.1
OG0000333	WP_040054776.1	WP_012953640.1
OG0000334	WP_229637621.1	WP_012953642.1
OG0000335	WP_040054772.1	WP_012953644.1
OG0000336	WP_229637623.1	WP_012953645.1
OG0000337	WP_229637624.1	WP_012953646.1
OG0000338	WP_229637625.1	WP_012953647.1
OG0000339	WP_229637626.1	WP_012953648.1
OG0000340	WP_229637627.1	WP_012953649.1
OG0000341	WP_229637628.1	WP_012953650.1
OG0000342	WP_229637629.1	WP_012953651.1
OG0000343	WP_229637630.1	WP_012953652.1
OG0000344	WP_040054765.1	WP_012953655.1
OG0000345	WP_040054762.1	WP_012953658.1
OG0000346	WP_229637633.1	WP_012953659.1
OG0000347	WP_040054760.1	WP_012953660.1
OG0000348	WP_229637707.1	WP_012953661.1
OG0000349	WP_040054758.1	WP_012953662.1
OG0000350	WP_229637635.1	WP_012953665.1
OG0000351	WP_229637636.1	WP_012953666.1
OG0000352	WP_229637637.1	WP_012953667.1
OG0000353	WP_040054800.1	WP_012953668.1
OG0000354	WP_229637638.1	WP_012953672.1
OG0000355	WP_229637639.1	WP_012953673.1
OG0000356	WP_040055241.1	WP_012953674.1
OG0000357	WP_229637641.1	WP_012953676.1
OG0000358	WP_229637642.1	WP_012953677.1
OG0000359	WP_229637643.1	WP_012953678.1
OG0000360	WP_229637644.1	WP_012953680.1
OG0000361	WP_229637645.1	WP_012953681.1
OG0000362	WP_040054991.1	WP_012953683.1
OG0000363	WP_229637648.1	WP_012953686.1
OG0000364	WP_229637649.1	WP_012953687.1
OG0000365	WP_229637650.1	WP_012953689.1
OG0000366	WP_040054985.1	WP_012953692.1
OG0000367	WP_229637652.1	WP_012953693.1
OG0000368	WP_229637653.1	WP_012953694.1
OG0000369	WP_229637654.1	WP_012953698.1
OG0000370	WP_229637655.1	WP_012953700.1
OG0000371	WP_040054975.1	WP_012953702.1
OG0000372	WP_040054974.1	WP_012953703.1
OG0000373	WP_040054972.1	WP_012953706.1
OG0000374	WP_229637659.1	WP_012953710.1
OG0000375	WP_229637660.1	WP_012953711.1
OG0000376	WP_040054965.1	WP_012953714.1
OG0000377	WP_040054964.1	WP_012953715.1
OG0000378	WP_229637662.1	WP_012953716.1
OG0000379	WP_229637665.1	WP_012953718.1
OG0000380	WP_229637666.1	WP_012953719.1
OG0000381	WP_229637667.1	WP_012953720.1
OG0000382	WP_229637668.1	WP_012953722.1
OG0000383	WP_229637711.1	WP_012953723.1
OG0000384	WP_229637669.1	WP_012953724.1
OG0000385	WP_229637671.1	WP_012953726.1
OG0000386	WP_229637672.1	WP_012953727.1
OG0000387	WP_040055274.1	WP_012953728.1
OG0000388	WP_229637678.1	WP_012953734.1
OG0000389	WP_040054113.1	WP_012953736.1
OG0000390	WP_040054114.1	WP_012953737.1
OG0000391	WP_229637683.1	WP_012953741.1
OG0000392	WP_229637684.1	WP_012953742.1
OG0000393	WP_040054120.1	WP_012953743.1
OG0000394	WP_229637685.1	WP_012953744.1
OG0000395	WP_229637687.1	WP_012953746.1
OG0000396	WP_229637688.1	WP_012953747.1
OG0000397	WP_229637689.1	WP_012953748.1
OG0000398	WP_040054126.1	WP_012953749.1
OG0000399	WP_229637691.1	WP_012953750.1
OG0000400	WP_040054128.1	WP_012953751.1
OG0000401	WP_229636766.1	WP_012953754.1
OG0000402	WP_229636767.1	WP_012953755.1
OG0000403	WP_040054133.1	WP_012953756.1
OG0000404	WP_229636768.1	WP_012953758.1
OG0000405	WP_229636770.1	WP_012953760.1
OG0000406	WP_229636772.1	WP_012953761.1
OG0000407	WP_229636776.1	WP_012953764.1
OG0000408	WP_229636777.1	WP_012953765.1
OG0000409	WP_229636779.1	WP_012953766.1
OG0000410	WP_229636784.1	WP_012953767.1
OG0000411	WP_229636786.1	WP_012953769.1
OG0000412	WP_040054146.1	WP_012953770.1
OG0000413	WP_040054150.1	WP_012953774.1
OG0000414	WP_229636792.1	WP_012953777.1
OG0000415	WP_229636793.1	WP_012953778.1
OG0000416	WP_229636794.1	WP_012953779.1
OG0000417	WP_229636796.1	WP_012953781.1
OG0000418	WP_229636799.1	WP_012953782.1
OG0000419	WP_040054158.1	WP_012953783.1
OG0000420	WP_229636802.1	WP_012953784.1
OG0000421	WP_040054161.1	WP_012953786.1
OG0000422	WP_229636805.1	WP_012953787.1
OG0000423	WP_229636809.1	WP_012953788.1
OG0000424	WP_040054163.1	WP_012953789.1
OG0000425	WP_229636815.1	WP_012953791.1
OG0000426	WP_229636819.1	WP_012953793.1
OG0000427	WP_040054167.1	WP_012953794.1
OG0000428	WP_229636822.1	WP_012953796.1
OG0000429	WP_229636825.1	WP_012953797.1
OG0000430	WP_229636827.1	WP_012953798.1
OG0000431	WP_229636830.1	WP_012953801.1
OG0000432	WP_229636833.1	WP_012953803.1
OG0000433	WP_229637714.1	WP_012953806.1
OG0000434	WP_040054179.1	WP_012953807.1
OG0000435	WP_229636841.1	WP_012953808.1
OG0000436	WP_229636842.1	WP_012953809.1
OG0000437	WP_229636843.1	WP_012953810.1
OG0000438	WP_229636844.1	WP_012953811.1
OG0000439	WP_229636845.1	WP_012953812.1
OG0000440	WP_229636846.1	WP_012953815.1
OG0000441	WP_229636847.1	WP_012953820.1
OG0000442	WP_040054195.1	WP_012953825.1
OG0000443	WP_229636852.1	WP_012953826.1
OG0000444	WP_040054198.1	WP_012953829.1
OG0000445	WP_040054199.1	WP_012953830.1
OG0000446	WP_040054201.1	WP_012953832.1
OG0000447	WP_040054203.1	WP_012953834.1
OG0000448	WP_040054204.1	WP_012953835.1
OG0000449	WP_040054205.1	WP_012953836.1
OG0000450	WP_040054206.1	WP_012953837.1
OG0000451	WP_229636854.1	WP_012953838.1
OG0000452	WP_040054209.1	WP_012953840.1
OG0000453	WP_229636856.1	WP_012953841.1
OG0000454	WP_229636858.1	WP_012953845.1
OG0000455	WP_229636859.1	WP_012953846.1
OG0000456	WP_229636861.1	WP_012953849.1
OG0000457	WP_229636862.1	WP_012953850.1
OG0000458	WP_040054217.1	WP_012953851.1
OG0000459	WP_229636866.1	WP_012953856.1
OG0000460	WP_229636868.1	WP_012953860.1
OG0000461	WP_040054227.1	WP_012953861.1
OG0000462	WP_229636869.1	WP_012953863.1
OG0000463	WP_229636870.1	WP_012953864.1
OG0000464	WP_040054229.1	WP_012953866.1
OG0000465	WP_229636872.1	WP_012953868.1
OG0000466	WP_229636873.1	WP_012953870.1
OG0000467	WP_229636874.1	WP_012953872.1
OG0000468	WP_040054233.1	WP_012953873.1
OG0000469	WP_229636875.1	WP_012953875.1
OG0000470	WP_040054235.1	WP_012953876.1
OG0000471	WP_261345104.1	WP_012953878.1
OG0000472	WP_229636880.1	WP_012953882.1
OG0000473	WP_040054240.1	WP_012953883.1
OG0000474	WP_229636881.1	WP_012953884.1
OG0000475	WP_229636882.1	WP_012953885.1
OG0000476	WP_229636883.1	WP_012953886.1
OG0000477	WP_229636884.1	WP_012953887.1
OG0000478	WP_229636885.1	WP_012953888.1
OG0000479	WP_229636886.1	WP_012953889.1
OG0000480	WP_229636887.1	WP_012953890.1
OG0000481	WP_040054247.1	WP_012953891.1
OG0000482	WP_229636888.1	WP_012953892.1
OG0000483	WP_040054249.1	WP_012953893.1
OG0000484	WP_229636889.1	WP_012953894.1
OG0000485	WP_040054250.1	WP_012953895.1
OG0000486	WP_229636890.1	WP_012953896.1
OG0000487	WP_229636893.1	WP_012953899.1
OG0000488	WP_229636894.1	WP_012953900.1
OG0000489	WP_040054256.1	WP_012953901.1
OG0000490	WP_229636897.1	WP_012953904.1
OG0000491	WP_229636899.1	WP_012953906.1
OG0000492	WP_229636900.1	WP_012953907.1
OG0000493	WP_229636903.1	WP_012953910.1
OG0000494	WP_229636904.1	WP_012953911.1
OG0000495	WP_229636905.1	WP_012953912.1
OG0000496	WP_040054265.1	WP_012953913.1
OG0000497	WP_229636907.1	WP_012953915.1
OG0000498	WP_040054269.1	WP_012953916.1
OG0000499	WP_040054272.1	WP_012953919.1
OG0000500	WP_229636911.1	WP_012953921.1
OG0000501	WP_040055005.1	WP_012953922.1
OG0000502	WP_229636912.1	WP_012953923.1
OG0000503	WP_040055007.1	WP_012953924.1
OG0000504	WP_229636913.1	WP_012953925.1
OG0000505	WP_229636914.1	WP_012953926.1
OG0000506	WP_229636915.1	WP_012953927.1
OG0000507	WP_229636916.1	WP_012953930.1
OG0000508	WP_229636917.1	WP_012953931.1
OG0000509	WP_229636918.1	WP_012953932.1
OG0000510	WP_040055014.1	WP_012953933.1
OG0000511	WP_040055015.1	WP_012953934.1
OG0000512	WP_040055016.1	WP_012953935.1
OG0000513	WP_229636921.1	WP_012953937.1
OG0000514	WP_229636922.1	WP_012953938.1
OG0000515	WP_229636924.1	WP_012953943.1
OG0000516	WP_229636925.1	WP_012953944.1
OG0000517	WP_229636929.1	WP_012953950.1
OG0000518	WP_229636930.1	WP_012953952.1
OG0000519	WP_040055031.1	WP_012953953.1
OG0000520	WP_229636931.1	WP_012953954.1
OG0000521	WP_040055033.1	WP_012953955.1
OG0000522	WP_229636932.1	WP_012953956.1
OG0000523	WP_229636935.1	WP_012953960.1
OG0000524	WP_040055039.1	WP_012953961.1
OG0000525	WP_229636939.1	WP_012953966.1
OG0000526	WP_040055154.1	WP_012953968.1
OG0000527	WP_040055155.1	WP_012953969.1
OG0000528	WP_229636941.1	WP_012953970.1
OG0000529	WP_229636942.1	WP_012953971.1
OG0000530	WP_229636943.1	WP_012953972.1
OG0000531	WP_229636944.1	WP_012953973.1
OG0000532	WP_040055160.1	WP_012953974.1
OG0000533	WP_229636945.1	WP_012953975.1
OG0000534	WP_040055162.1	WP_012953976.1
OG0000535	WP_261345105.1	WP_012953977.1
OG0000536	WP_229637719.1	WP_012953978.1
OG0000537	WP_229636948.1	WP_012953980.1
OG0000538	WP_040055167.1	WP_012953983.1
OG0000539	WP_229636950.1	WP_012953984.1
OG0000540	WP_229636952.1	WP_012953986.1
OG0000541	WP_229636953.1	WP_012953987.1
OG0000542	WP_229636956.1	WP_012953990.1
OG0000543	WP_229636957.1	WP_012953991.1
OG0000544	WP_229636958.1	WP_012953993.1
OG0000545	WP_040055245.1	WP_012953994.1
OG0000546	WP_229636959.1	WP_012953995.1
OG0000547	WP_229636960.1	WP_012953996.1
OG0000548	WP_229636961.1	WP_012953997.1
OG0000549	WP_229636962.1	WP_012953999.1
OG0000550	WP_229636964.1	WP_012954000.1
OG0000551	WP_040054948.1	WP_012954002.1
OG0000552	WP_229636966.1	WP_012954003.1
OG0000553	WP_229636967.1	WP_012954004.1
OG0000554	WP_229636968.1	WP_012954005.1
OG0000555	WP_040054943.1	WP_012954007.1
OG0000556	WP_040054940.1	WP_012954010.1
OG0000557	WP_040054939.1	WP_012954011.1
OG0000558	WP_229636972.1	WP_012954014.1
OG0000559	WP_040054935.1	WP_012954015.1
OG0000560	WP_229636974.1	WP_012954017.1
OG0000561	WP_040054931.1	WP_012954018.1
OG0000562	WP_229636978.1	WP_012954019.1
OG0000563	WP_040054924.1	WP_012954022.1
OG0000564	WP_040054923.1	WP_012954023.1
OG0000565	WP_229636980.1	WP_012954024.1
OG0000566	WP_229636981.1	WP_012954025.1
OG0000567	WP_229636982.1	WP_012954027.1
OG0000568	WP_040054918.1	WP_012954028.1
OG0000569	WP_040054917.1	WP_012954029.1
OG0000570	WP_229636983.1	WP_012954031.1
OG0000571	WP_229636984.1	WP_012954032.1
OG0000572	WP_040054915.1	WP_012954033.1
OG0000573	WP_040054914.1	WP_012954034.1
OG0000574	WP_229636985.1	WP_012954035.1
OG0000575	WP_040054912.1	WP_012954036.1
OG0000576	WP_040054911.1	WP_012954037.1
OG0000577	WP_229637721.1	WP_012954038.1
OG0000578	WP_229636986.1	WP_012954039.1
OG0000579	WP_040054909.1	WP_012954040.1
OG0000580	WP_229636987.1	WP_012954041.1
OG0000581	WP_229636988.1	WP_012954042.1
OG0000582	WP_040054905.1	WP_012954044.1
OG0000583	WP_229636989.1	WP_012954045.1
OG0000584	WP_229636992.1	WP_012954048.1
OG0000585	WP_229636994.1	WP_012954050.1
OG0000586	WP_012954051.1	WP_012954051.1
OG0000587	WP_229636995.1	WP_012954052.1
OG0000588	WP_229636996.1	WP_012954054.1
OG0000589	WP_040055221.1	WP_012954055.1
OG0000590	WP_229636997.1	WP_012954056.1
OG0000591	WP_040055143.1	WP_012954057.1
OG0000592	WP_229636998.1	WP_012954058.1
OG0000593	WP_229636999.1	WP_012954059.1
OG0000594	WP_229637001.1	WP_012954061.1
OG0000595	WP_229637002.1	WP_012954062.1
OG0000596	WP_040055148.1	WP_012954065.1
OG0000597	WP_229637723.1	WP_012954067.1
OG0000598	WP_229637008.1	WP_012954071.1
OG0000599	WP_229637009.1	WP_012954072.1
OG0000600	WP_229637021.1	WP_012954074.1
OG0000601	WP_229637023.1	WP_012954076.1
OG0000602	WP_229637035.1	WP_012954078.1
OG0000603	WP_040055125.1	WP_012954080.1
OG0000604	WP_040055123.1	WP_012954082.1
OG0000605	WP_229637038.1	WP_012954083.1
OG0000606	WP_040054747.1	WP_012954087.1
OG0000607	WP_229637726.1	WP_012954091.1
OG0000608	WP_229637052.1	WP_012954092.1
OG0000609	WP_229637061.1	WP_012954093.1
OG0000610	WP_040054734.1	WP_012954100.1
OG0000611	WP_040054733.1	WP_012954103.1
OG0000612	WP_040054731.1	WP_012954105.1
OG0000613	WP_040054730.1	WP_012954106.1
OG0000614	WP_229637065.1	WP_012954107.1
OG0000615	WP_229637066.1	WP_012954108.1
OG0000616	WP_229637067.1	WP_012954109.1
OG0000617	WP_229637068.1	WP_012954111.1
OG0000618	WP_040054726.1	WP_012954112.1
OG0000619	WP_229637070.1	WP_012954114.1
OG0000620	WP_040054722.1	WP_012954116.1
OG0000621	WP_229637072.1	WP_012954118.1
OG0000622	WP_229637074.1	WP_012954119.1
OG0000623	WP_229637079.1	WP_012954120.1
OG0000624	WP_229637081.1	WP_012954121.1
OG0000625	WP_229637083.1	WP_012954122.1
OG0000626	WP_229637085.1	WP_012954123.1
OG0000627	WP_229637086.1	WP_012954125.1
OG0000628	WP_229637088.1	WP_012954126.1
OG0000629	WP_229637095.1	WP_012954128.1
OG0000630	WP_229637096.1	WP_012954129.1
OG0000631	WP_012954133.1	WP_012954133.1
OG0000632	WP_229637098.1	WP_012954135.1
OG0000633	WP_040054703.1	WP_012954139.1
OG0000634	WP_229637099.1	WP_012954141.1
OG0000635	WP_229637111.1	WP_012954144.1
OG0000636	WP_040055045.1	WP_012954145.1
OG0000637	WP_229637116.1	WP_012954148.1
OG0000638	WP_040055049.1	WP_012954149.1
OG0000639	WP_229637122.1	WP_012954153.1
OG0000640	WP_040055054.1	WP_012954155.1
OG0000641	WP_229637125.1	WP_012954157.1
OG0000642	WP_229637127.1	WP_012954158.1
OG0000643	WP_229637142.1	WP_012954163.1
OG0000644	WP_040055066.1	WP_012954167.1
OG0000645	WP_229637164.1	WP_012954168.1
OG0000646	WP_229637166.1	WP_012954169.1
OG0000647	WP_229637168.1	WP_012954171.1
OG0000648	WP_229637170.1	WP_012954172.1
OG0000649	WP_229637171.1	WP_012954173.1
OG0000650	WP_229637173.1	WP_012954175.1
OG0000651	WP_040055072.1	WP_012954176.1
OG0000652	WP_040055073.1	WP_012954177.1
OG0000653	WP_229637177.1	WP_012954181.1
OG0000654	WP_229637179.1	WP_012954182.1
OG0000655	WP_229637181.1	WP_012954184.1
OG0000656	WP_229637182.1	WP_012954185.1
OG0000657	WP_229637731.1	WP_012954186.1
OG0000658	WP_040055199.1	WP_012954187.1
OG0000659	WP_229637183.1	WP_012954189.1
OG0000660	WP_040055196.1	WP_012954190.1
OG0000661	WP_229637184.1	WP_012954191.1
OG0000662	WP_229637732.1	WP_012954192.1
OG0000663	WP_229637187.1	WP_012954194.1
OG0000664	WP_229637195.1	WP_012954198.1
OG0000665	WP_229637199.1	WP_012954200.1
OG0000666	WP_040054393.1	WP_012954201.1
OG0000667	WP_040054392.1	WP_012954202.1
OG0000668	WP_229637202.1	WP_012954204.1
OG0000669	WP_040054389.1	WP_012954205.1
OG0000670	WP_229637203.1	WP_012954207.1
OG0000671	WP_229637204.1	WP_012954209.1
OG0000672	WP_229637205.1	WP_012954210.1
OG0000673	WP_229637206.1	WP_012954211.1
OG0000674	WP_229637207.1	WP_012954212.1
OG0000675	WP_229637208.1	WP_012954213.1
OG0000676	WP_229637209.1	WP_012954214.1
OG0000677	WP_229637210.1	WP_012954215.1
OG0000678	WP_229637211.1	WP_012954216.1
OG0000679	WP_229637212.1	WP_012954217.1
OG0000680	WP_229637213.1	WP_012954218.1
OG0000681	WP_040054376.1	WP_012954220.1
OG0000682	WP_229637214.1	WP_012954221.1
OG0000683	WP_229637215.1	WP_012954222.1
OG0000684	WP_229637216.1	WP_012954223.1
OG0000685	WP_040054372.1	WP_012954224.1
OG0000686	WP_229637217.1	WP_012954225.1
OG0000687	WP_040054370.1	WP_012954226.1
OG0000688	WP_229637218.1	WP_012954227.1
OG0000689	WP_229637219.1	WP_012954228.1
OG0000690	WP_040054366.1	WP_012954230.1
OG0000691	WP_229637221.1	WP_012954232.1
OG0000692	WP_040054363.1	WP_012954233.1
OG0000693	WP_229637222.1	WP_012954234.1
OG0000694	WP_229637223.1	WP_012954236.1
OG0000695	WP_040054359.1	WP_012954237.1
OG0000696	WP_229637224.1	WP_012954238.1
OG0000697	WP_229637227.1	WP_012954242.1
OG0000698	WP_229637228.1	WP_012954243.1
OG0000699	WP_229637229.1	WP_012954244.1
OG0000700	WP_229637230.1	WP_012954245.1
OG0000701	WP_229637231.1	WP_012954246.1
OG0000702	WP_229637232.1	WP_012954247.1
OG0000703	WP_040054348.1	WP_012954249.1
OG0000704	WP_229637236.1	WP_012954253.1
OG0000705	WP_229637237.1	WP_012954254.1
OG0000706	WP_229637238.1	WP_012954255.1
OG0000707	WP_229637239.1	WP_012954256.1
OG0000708	WP_229637241.1	WP_012954258.1
OG0000709	WP_040054338.1	WP_012954259.1
OG0000710	WP_229637242.1	WP_012954260.1
OG0000711	WP_229637734.1	WP_012954264.1
OG0000712	WP_229637248.1	WP_012954266.1
OG0000713	WP_229637250.1	WP_012954269.1
OG0000714	WP_229637251.1	WP_012954270.1
OG0000715	WP_229637736.1	WP_012954272.1
OG0000716	WP_040054329.1	WP_012954274.1
OG0000717	WP_040054327.1	WP_012954276.1
OG0000718	WP_229637254.1	WP_012954278.1
OG0000719	WP_229637257.1	WP_012954282.1
OG0000720	WP_040054321.1	WP_012954283.1
OG0000721	WP_229637258.1	WP_012954284.1
OG0000722	WP_229637259.1	WP_012954285.1
OG0000723	WP_229637260.1	WP_012954287.1
OG0000724	WP_229637261.1	WP_012954289.1
OG0000725	WP_229637262.1	WP_012954290.1
OG0000726	WP_229637263.1	WP_012954291.1
OG0000727	WP_040054310.1	WP_012954294.1
OG0000728	WP_229637265.1	WP_012954296.1
OG0000729	WP_040054306.1	WP_012954299.1
OG0000730	WP_229637268.1	WP_012954300.1
OG0000731	WP_229637269.1	WP_012954301.1
OG0000732	WP_040054304.1	WP_012954302.1
OG0000733	WP_229637271.1	WP_012954304.1
OG0000734	WP_040054301.1	WP_012954305.1
OG0000735	WP_229637272.1	WP_012954307.1
OG0000736	WP_229637273.1	WP_012954308.1
OG0000737	WP_229637274.1	WP_012954309.1
OG0000738	WP_229637275.1	WP_012954311.1
OG0000739	WP_040054294.1	WP_012954314.1
OG0000740	WP_040054293.1	WP_012954315.1
OG0000741	WP_229637278.1	WP_012954316.1
OG0000742	WP_040054292.1	WP_012954317.1
OG0000743	WP_229637279.1	WP_012954318.1
OG0000744	WP_229637280.1	WP_012954319.1
OG0000745	WP_229637281.1	WP_012954320.1
OG0000746	WP_229637284.1	WP_012954325.1
OG0000747	WP_040054848.1	WP_012954327.1
OG0000748	WP_229637287.1	WP_012954330.1
OG0000749	WP_229637288.1	WP_012954332.1
OG0000750	WP_040054856.1	WP_012954333.1
OG0000751	WP_012954334.1	WP_012954334.1
OG0000752	WP_040054842.1	WP_012954335.1
OG0000753	WP_229637289.1	WP_012954336.1
OG0000754	WP_229637290.1	WP_012954337.1
OG0000755	WP_229637292.1	WP_012954338.1
OG0000756	WP_229637293.1	WP_012954339.1
OG0000757	WP_229637294.1	WP_012954340.1
OG0000758	WP_229637295.1	WP_012954341.1
OG0000759	WP_229637296.1	WP_012954342.1
OG0000760	WP_040054832.1	WP_012954343.1
OG0000761	WP_229637298.1	WP_012954345.1
OG0000762	WP_040054827.1	WP_012954348.1
OG0000763	WP_229637300.1	WP_012954349.1
OG0000764	WP_229637301.1	WP_012954350.1
OG0000765	WP_040054823.1	WP_012954352.1
OG0000766	WP_040054822.1	WP_012954353.1
OG0000767	WP_040054821.1	WP_012954354.1
OG0000768	WP_229637303.1	WP_012954356.1
OG0000769	WP_229637304.1	WP_012954357.1
OG0000770	WP_229637306.1	WP_012954360.1
OG0000771	WP_229637308.1	WP_012954362.1
OG0000772	WP_229637309.1	WP_012954363.1
OG0000773	WP_229637310.1	WP_012954364.1
OG0000774	WP_229637312.1	WP_012954366.1
OG0000775	WP_229637313.1	WP_012954367.1
OG0000776	WP_229637314.1	WP_012954368.1
OG0000777	WP_040054808.1	WP_012954369.1
OG0000778	WP_229637315.1	WP_012954370.1
OG0000779	WP_229637318.1	WP_012954372.1
OG0000780	WP_229637319.1	WP_012954373.1
OG0000781	WP_229637323.1	WP_012954377.1
OG0000782	WP_229637325.1	WP_012954380.1
OG0000783	WP_229637326.1	WP_012954381.1
OG0000784	WP_229637331.1	WP_012954387.1
OG0000785	WP_229637332.1	WP_012954389.1
OG0000786	WP_040054608.1	WP_012954390.1
OG0000787	WP_040054607.1	WP_012954391.1
OG0000788	WP_229637333.1	WP_012954392.1
OG0000789	WP_229637334.1	WP_012954393.1
OG0000790	WP_229637335.1	WP_012954394.1
OG0000791	WP_040054603.1	WP_012954395.1
OG0000792	WP_040054602.1	WP_012954396.1
OG0000793	WP_229637336.1	WP_012954397.1
OG0000794	WP_040054599.1	WP_012954399.1
OG0000795	WP_040054598.1	WP_012954400.1
OG0000796	WP_229637338.1	WP_012954401.1
OG0000797	WP_040054596.1	WP_012954402.1
OG0000798	WP_040054595.1	WP_012954403.1
OG0000799	WP_229637339.1	WP_012954404.1
OG0000800	WP_040054593.1	WP_012954405.1
OG0000801	WP_229637340.1	WP_012954406.1
OG0000802	WP_229637341.1	WP_012954407.1
OG0000803	WP_040054590.1	WP_012954408.1
OG0000804	WP_012954409.1	WP_012954409.1
OG0000805	WP_040054589.1	WP_012954410.1
OG0000806	WP_012954411.1	WP_012954411.1
OG0000807	WP_040054588.1	WP_012954412.1
OG0000808	WP_229637343.1	WP_012954413.1
OG0000809	WP_229637738.1	WP_012954414.1
OG0000810	WP_040054585.1	WP_012954415.1
OG0000811	WP_229637345.1	WP_012954418.1
OG0000812	WP_229637348.1	WP_012954420.1
OG0000813	WP_229637349.1	WP_012954422.1
OG0000814	WP_229637350.1	WP_012954423.1
OG0000815	WP_229637351.1	WP_012954424.1
OG0000816	WP_229637353.1	WP_012954426.1
OG0000817	WP_229637356.1	WP_012954430.1
OG0000818	WP_229637357.1	WP_012954431.1
OG0000819	WP_229637360.1	WP_012954436.1
OG0000820	WP_229637361.1	WP_012954437.1
OG0000821	WP_229637739.1	WP_012954439.1
OG0000822	WP_040054564.1	WP_012954440.1
OG0000823	WP_229637363.1	WP_012954443.1
OG0000824	WP_229637364.1	WP_012954444.1
OG0000825	WP_040054557.1	WP_012954449.1
OG0000826	WP_229637367.1	WP_012954450.1
OG0000827	WP_229637741.1	WP_012954452.1
OG0000828	WP_229637369.1	WP_012954454.1
OG0000829	WP_229637371.1	WP_012954456.1
OG0000830	WP_040054551.1	WP_012954457.1
OG0000831	WP_229637372.1	WP_012954459.1
OG0000832	WP_229637375.1	WP_012954462.1
OG0000833	WP_040054544.1	WP_012954464.1
OG0000834	WP_040054542.1	WP_012954466.1
OG0000835	WP_229637378.1	WP_012954467.1
OG0000836	WP_229637379.1	WP_012954468.1
OG0000837	WP_229637380.1	WP_012954469.1
OG0000838	WP_229637381.1	WP_012954470.1
OG0000839	WP_229637382.1	WP_012954472.1
OG0000840	WP_229637383.1	WP_012954474.1
OG0000841	WP_229637384.1	WP_012954476.1
OG0000842	WP_229637386.1	WP_012954480.1
OG0000843	WP_040054529.1	WP_012954481.1
OG0000844	WP_229637387.1	WP_012954482.1
OG0000845	WP_229637388.1	WP_012954483.1
OG0000846	WP_229637389.1	WP_012954484.1
OG0000847	WP_229637393.1	WP_012954487.1
OG0000848	WP_040054623.1	WP_012954488.1
OG0000849	WP_229637396.1	WP_012954491.1
OG0000850	WP_229637400.1	WP_012954496.1
OG0000851	WP_040054901.1	WP_012954497.1
OG0000852	WP_229637401.1	WP_012954498.1
OG0000853	WP_229637403.1	WP_012954500.1
OG0000854	WP_229637405.1	WP_012954502.1
OG0000855	WP_229637407.1	WP_012954504.1
OG0000856	WP_229637410.1	WP_012954508.1
OG0000857	WP_229637412.1	WP_012954510.1
OG0000858	WP_229637414.1	WP_012954513.1
OG0000859	WP_229637415.1	WP_012954514.1
OG0000860	WP_040054885.1	WP_012954515.1
OG0000861	WP_040054884.1	WP_012954516.1
OG0000862	WP_261345101.1	WP_012954518.1
OG0000863	WP_229637419.1	WP_012954522.1
OG0000864	WP_229637420.1	WP_012954523.1
OG0000865	WP_229637421.1	WP_012954524.1
OG0000866	WP_229637422.1	WP_012954525.1
OG0000867	WP_229637423.1	WP_012954526.1
OG0000868	WP_040054872.1	WP_012954527.1
OG0000869	WP_229637425.1	WP_012954529.1
OG0000870	WP_229637426.1	WP_012954530.1
OG0000871	WP_040054867.1	WP_012954532.1
OG0000872	WP_229637428.1	WP_012954533.1
OG0000873	WP_229637429.1	WP_012954534.1
OG0000874	WP_229637430.1	WP_012954535.1
OG0000875	WP_229637434.1	WP_012954539.1
OG0000876	WP_040054859.1	WP_012954541.1
OG0000877	WP_040054858.1	WP_012954542.1
OG0000878	WP_040055229.1	WP_012954543.1
OG0000879	WP_040055230.1	WP_012954544.1
OG0000880	WP_229637435.1	WP_012954545.1
OG0000881	WP_040055232.1	WP_012954546.1
OG0000882	WP_040054501.1	WP_012954552.1
OG0000883	WP_040054500.1	WP_012954553.1
OG0000884	WP_040054499.1	WP_012954554.1
OG0000885	WP_229637438.1	WP_012954555.1
OG0000886	WP_229637439.1	WP_012954556.1
OG0000887	WP_229637440.1	WP_012954557.1
OG0000888	WP_229637441.1	WP_012954558.1
OG0000889	WP_229637444.1	WP_012954562.1
OG0000890	WP_229637445.1	WP_012954564.1
OG0000891	WP_229637446.1	WP_012954566.1
OG0000892	WP_229637447.1	WP_012954567.1
OG0000893	WP_040054485.1	WP_012954570.1
OG0000894	WP_040054484.1	WP_012954571.1
OG0000895	WP_040054483.1	WP_012954572.1
OG0000896	WP_229637450.1	WP_012954573.1
OG0000897	WP_229637452.1	WP_012954575.1
OG0000898	WP_229637453.1	WP_012954576.1
OG0000899	WP_229637454.1	WP_012954577.1
OG0000900	WP_229637455.1	WP_012954578.1
OG0000901	WP_229637457.1	WP_012954580.1
OG0000902	WP_229637458.1	WP_012954581.1
OG0000903	WP_040054474.1	WP_012954583.1
OG0000904	WP_229637459.1	WP_012954584.1
OG0000905	WP_229637461.1	WP_012954587.1
OG0000906	WP_229637693.1	WP_012954588.1
OG0000907	WP_229637462.1	WP_012954589.1
OG0000908	WP_229637463.1	WP_012954590.1
OG0000909	WP_229637464.1	WP_012954591.1
OG0000910	WP_229637465.1	WP_012954592.1
OG0000911	WP_040054466.1	WP_012954593.1
OG0000912	WP_229637469.1	WP_012954597.1
OG0000913	WP_040054459.1	WP_012954600.1
OG0000914	WP_229637471.1	WP_012954601.1
OG0000915	WP_229637472.1	WP_012954602.1
OG0000916	WP_040054456.1	WP_012954603.1
OG0000917	WP_229637474.1	WP_012954606.1
OG0000918	WP_040054454.1	WP_012954608.1
OG0000919	WP_040054453.1	WP_012954609.1
OG0000920	WP_229637475.1	WP_012954610.1
OG0000921	WP_229637477.1	WP_012954612.1
OG0000922	WP_229637478.1	WP_012954613.1
OG0000923	WP_040054448.1	WP_012954615.1
OG0000924	WP_229637480.1	WP_012954616.1
OG0000925	WP_229637481.1	WP_012954618.1
OG0000926	WP_229637483.1	WP_012954620.1
OG0000927	WP_229637488.1	WP_012954625.1
OG0000928	WP_229637491.1	WP_012954628.1
OG0000929	WP_040055239.1	WP_040055239.1
OG0000930	WP_229637505.1	WP_041487696.1
OG0000931	WP_040054419.1	WP_041487697.1
OG0000932	WP_040054415.1	WP_041487698.1
OG0000933	WP_040055187.1	WP_041487700.1
OG0000934	WP_229637538.1	WP_041487702.1
OG0000935	WP_229637700.1	WP_041487706.1
OG0000936	WP_229637701.1	WP_041487707.1
OG0000937	WP_229637580.1	WP_041487709.1
OG0000938	WP_229637703.1	WP_041487710.1
OG0000939	WP_229637593.1	WP_041487711.1
OG0000940	WP_229637599.1	WP_041487712.1
OG0000941	WP_040054999.1	WP_041487717.1
OG0000942	WP_229637670.1	WP_041487719.1
OG0000943	WP_229637674.1	WP_041487721.1
OG0000944	WP_040054151.1	WP_041487726.1
OG0000945	WP_229636795.1	WP_041487728.1
OG0000946	WP_040054165.1	WP_041487729.1
OG0000947	WP_229636937.1	WP_041487738.1
OG0000948	WP_229636969.1	WP_041487741.1
OG0000949	WP_229636970.1	WP_041487742.1
OG0000950	WP_229637010.1	WP_041487744.1
OG0000951	WP_229637069.1	WP_041487749.1
OG0000952	WP_229637100.1	WP_041487750.1
OG0000953	WP_229637133.1	WP_041487752.1
OG0000954	WP_229637733.1	WP_041487757.1
OG0000955	WP_229637233.1	WP_041487761.1
OG0000956	WP_040054330.1	WP_041487763.1
OG0000957	WP_229637256.1	WP_041487764.1
OG0000958	WP_229637266.1	WP_041487765.1
OG0000959	WP_040054297.1	WP_041487768.1
OG0000960	WP_229637305.1	WP_041487771.1
OG0000961	WP_040054584.1	WP_041487774.1
OG0000962	WP_229637358.1	WP_041487777.1
OG0000963	WP_229637376.1	WP_041487781.1
OG0000964	WP_229637404.1	WP_041487783.1
OG0000965	WP_229637427.1	WP_041487785.1
OG0000966	WP_229637448.1	WP_041487787.1
OG0000967	WP_040054472.1	WP_041487788.1
OG0000968	WP_229637479.1	WP_041487790.1
OG0000969	WP_229637695.1	WP_041487792.1
OG0000970	WP_229637533.1	WP_041487795.1
OG0000971	WP_040055210.1	WP_041487798.1
OG0000972	WP_229637606.1	WP_041487810.1
OG0000973	WP_229637706.1	WP_041487812.1
OG0000974	WP_040054763.1	WP_041487813.1
OG0000975	WP_040054752.1	WP_041487814.1
OG0000976	WP_229637708.1	WP_041487815.1
OG0000977	WP_229637709.1	WP_041487816.1
OG0000978	WP_229637673.1	WP_041487819.1
OG0000979	WP_229636923.1	WP_041487838.1
OG0000980	WP_040055166.1	WP_041487839.1
OG0000981	WP_040055169.1	WP_041487840.1
OG0000982	WP_040055247.1	WP_041487841.1
OG0000983	WP_229637720.1	WP_041487842.1
OG0000984	WP_040054920.1	WP_041487843.1
OG0000985	WP_229636991.1	WP_041487847.1
OG0000986	WP_229637728.1	WP_041487854.1
OG0000987	WP_229637132.1	WP_041487858.1
OG0000988	WP_229637247.1	WP_041487868.1
OG0000989	WP_040054318.1	WP_041487871.1
OG0000990	WP_229637456.1	WP_041487892.1
OG0000991	WP_229637562.1	WP_049765565.1
OG0000992	WP_229637663.1	WP_049765567.1
OG0000993	WP_229636787.1	WP_049765568.1
OG0000994	WP_040054697.1	WP_049765577.1
OG0000995	WP_261345103.1	WP_049765579.1
OG0000996	WP_229636864.1	WP_049765580.1
OG0000997	WP_229637694.1	WP_049765584.1
OG0000998	WP_229637163.1	WP_071813726.1
OG0000999	WP_229637291.1	WP_071813729.1
OG0001000	WP_071813731.1	WP_071813731.1
OG0001001	WP_229637347.1	WP_071813734.1
OG0001002	WP_229637490.1	WP_081440575.1
OG0001003	WP_229637724.1	WP_148207765.1
OG0001004	WP_229637255.1	WP_148207769.1
OG0001005	WP_229637359.1	WP_148207771.1
OG0001006	WP_229636850.1	WP_167884949.1
OG0001007	WP_229636902.1	WP_167884950.1
OG0001008	WP_229637482.1	WP_201763746.1
OG0001009	WP_040055092.1	WP_201763747.1
OG0001010	WP_229636949.1	WP_201763749.1
OG0001011	WP_229637712.1	WP_201763751.1
OG0001012	WP_229637717.1	WP_201763752.1
OG0001013	WP_229637391.1	WP_201763757.1
OG0001014	WP_040054879.1	WP_201763758.1
OG0001015	WP_229637036.1	WP_236608123.1
OG0001016	WP_040054707.1	WP_236608124.1
OG0001017	WP_229637124.1	WP_236608125.1
OG0001018	WP_040054377.1	WP_236608126.1
OG0001019	WP_229637436.1	WP_236608129.1
OG0001020	WP_229637542.1	WP_236608130.1
OG0001021	WP_229637699.1	WP_236608131.1
OG0001022	WP_229636828.1	WP_236608134.1
OG0001023	WP_229637514.1	WP_236608138.1
OG0001024	WP_229637518.1	WP_236608139.1
OG0001025	WP_229637698.1	WP_236608140.1
OG0001026	WP_229637539.1	WP_236608141.1
OG0001027	WP_229637618.1	WP_236608142.1
OG0001029	WP_040054906.1	WP_236608147.1
OG0001030	WP_229637722.1	WP_236608148.1
OG0001031	WP_229637730.1	WP_236608150.1
OG0001032	WP_229637735.1	WP_236608151.1
OG0001033	WP_229637267.1	WP_236608152.1
OG0001034	WP_229637354.1	WP_236608153.1
OG0001035	WP_229637373.1	WP_236608154.1
OG0001036	WP_229637742.1	WP_236608155.1
OG0001071	WP_229637493.1	WP_012953433.1
OG0001072	WP_229637497.1	WP_012953441.1
OG0001073	WP_040054411.1	WP_012953461.1
OG0001075	WP_229637697.1	WP_012953483.1
OG0001076	WP_229637551.1	WP_012953528.1
OG0001077	WP_229637570.1	WP_012953560.1
OG0001078	WP_229637578.1	WP_012953569.1
OG0001079	WP_040055099.1	WP_012953596.1
OG0001080	WP_229637605.1	WP_012953614.1
OG0001081	WP_229637656.1	WP_012953701.1
OG0001082	WP_229637676.1	WP_012953733.1
OG0001083	WP_229637686.1	WP_012953745.1
OG0001084	WP_229637713.1	WP_012953768.1
OG0001085	WP_229636789.1	WP_012953772.1
OG0001087	WP_229636811.1	WP_012953790.1
OG0001088	WP_229636853.1	WP_012953831.1
OG0001089	WP_229636867.1	WP_012953858.1
OG0001091	WP_229637716.1	WP_012953871.1
OG0001092	WP_229636906.1	WP_012953914.1
OG0001094	WP_040055021.1	WP_012953941.1
OG0001095	WP_229636927.1	WP_012953947.1
OG0001096	WP_229636933.1	WP_012953957.1
OG0001097	WP_040055036.1	WP_012953958.1
OG0001098	WP_229636936.1	WP_012953962.1
OG0001100	WP_229636947.1	WP_012953979.1
OG0001101	WP_229637006.1	WP_012954069.1
OG0001102	WP_229637007.1	WP_012954070.1
OG0001103	WP_229637042.1	WP_012954086.1
OG0001104	WP_229637046.1	WP_012954090.1
OG0001105	WP_229637094.1	WP_012954127.1
OG0001106	WP_040054704.1	WP_012954138.1
OG0001107	WP_229637114.1	WP_012954147.1
OG0001108	WP_040055055.1	WP_012954156.1
OG0001109	WP_040055060.1	WP_012954161.1
OG0001110	WP_229637140.1	WP_012954162.1
OG0001111	WP_229637160.1	WP_012954165.1
OG0001112	WP_229637743.1	WP_012954170.1
OG0001113	WP_229637174.1	WP_012954179.1
OG0001115	WP_040054365.1	WP_012954231.1
OG0001116	WP_229637226.1	WP_012954241.1
OG0001117	WP_229637234.1	WP_012954250.1
OG0001119	WP_229637276.1	WP_012954312.1
OG0001120	WP_229637302.1	WP_012954355.1
OG0001121	WP_229637320.1	WP_012954374.1
OG0001122	WP_229637324.1	WP_012954378.1
OG0001123	WP_229637330.1	WP_012954386.1
OG0001124	WP_229637344.1	WP_012954417.1
OG0001125	WP_229637352.1	WP_012954425.1
OG0001126	WP_229637740.1	WP_012954445.1
OG0001127	WP_040054533.1	WP_012954475.1
OG0001128	WP_229637392.1	WP_012954486.1
OG0001129	WP_229637394.1	WP_012954489.1
OG0001130	WP_229637399.1	WP_012954495.1
OG0001131	WP_229637402.1	WP_012954499.1
OG0001132	WP_229637408.1	WP_012954505.1
OG0001133	WP_229637442.1	WP_012954559.1
OG0001134	WP_229637443.1	WP_012954560.1
OG0001135	WP_040054492.1	WP_012954561.1
OG0001136	WP_229637449.1	WP_012954569.1
OG0001137	WP_229637451.1	WP_012954574.1
OG0001138	WP_229637466.1	WP_012954594.1
OG0001139	WP_229637476.1	WP_012954611.1
OG0001140	WP_229637484.1	WP_012954621.1
OG0001141	WP_229637485.1	WP_012954622.1
OG0001142	WP_040054926.1	WP_040054926.1
OG0001143	WP_229637153.1	WP_041487753.1
OG0001144	WP_229637661.1	WP_041487817.1
OG0001145	WP_229637245.1	WP_041487867.1
OG0001147	WP_229637342.1	WP_071813730.1
OG0001148	WP_229637362.1	WP_148207772.1
OG0001149	WP_229637370.1	WP_201763756.1
OG0001270	WP_229637492.1	WP_012953431.1
OG0001271	WP_040054647.1	WP_012953519.1
OG0001272	WP_040054648.1	WP_012953520.1
OG0001273	WP_229637582.1	WP_012953586.1
OG0001274	WP_229637591.1	WP_012953590.1
OG0001275	WP_040055109.1	WP_012953606.1
OG0001276	WP_229637601.1	WP_012953609.1
OG0001278	WP_040054753.1	WP_012953669.1
OG0001280	WP_040054973.1	WP_012953705.1
OG0001281	WP_040054970.1	WP_012953708.1
OG0001282	WP_229637675.1	WP_012953731.1
OG0001284	WP_040054134.1	WP_012953757.1
OG0001285	WP_229636773.1	WP_012953762.1
OG0001286	WP_229636820.1	WP_012953795.1
OG0001287	WP_229636848.1	WP_012953821.1
OG0001288	WP_229636865.1	WP_012953855.1
OG0001289	WP_040054270.1	WP_012953917.1
OG0001290	WP_229636909.1	WP_012953918.1
OG0001291	WP_229636971.1	WP_012954013.1
OG0001292	WP_040054927.1	WP_012954020.1
OG0001293	WP_040055219.1	WP_012954053.1
OG0001294	WP_229637000.1	WP_012954060.1
OG0001295	WP_040055136.1	WP_012954066.1
OG0001296	WP_229637062.1	WP_012954096.1
OG0001297	WP_261345099.1	WP_012954146.1
OG0001298	WP_229637180.1	WP_012954183.1
OG0001299	WP_229637220.1	WP_012954229.1
OG0001301	WP_229637283.1	WP_012954324.1
OG0001302	WP_229637286.1	WP_012954328.1
OG0001303	WP_040054846.1	WP_012954329.1
OG0001304	WP_229637321.1	WP_012954375.1
OG0001305	WP_229637322.1	WP_012954376.1
OG0001306	WP_229637365.1	WP_012954446.1
OG0001307	WP_229637406.1	WP_012954503.1
OG0001308	WP_229637418.1	WP_012954521.1
OG0001310	WP_040054502.1	WP_012954551.1
OG0001311	WP_040054475.1	WP_012954582.1
OG0001312	WP_229637460.1	WP_012954586.1
OG0001313	WP_229637467.1	WP_012954595.1
OG0001314	WP_229637473.1	WP_012954604.1
OG0001315	WP_040054756.1	WP_041487715.1
OG0001316	WP_040054558.1	WP_041487780.1
OG0001317	WP_229637512.1	WP_041487793.1
OG0001318	WP_229637564.1	WP_041487803.1
OG0001319	WP_040054708.1	WP_071813733.1
OG0001832	WP_229637543.1	WP_012953514.1
OG0001833	WP_229637647.1	WP_012953685.1
OG0001834	WP_040054231.1	WP_012953869.1
OG0001836	WP_229637282.1	WP_012954321.1, WP_012954323.1
OG0001837	WP_229637329.1	WP_012954385.1
OG0001838	WP_040054563.1	WP_012954442.1
OG0001839	WP_229637432.1	WP_012954537.1
OG0001840	WP_229637486.1	WP_012954623.1
OG0001841	WP_040054612.1	WP_261330633.1
OG0002176	WP_229636934.1	WP_012953959.1
OG0002177	WP_229637063.1	WP_012954097.1
OG0002178	WP_040054569.1	WP_041487778.1
OG0002179	WP_229637003.1	WP_167884951.1
OG0002180	WP_229637725.1	WP_236608149.1
OG0002181	WP_261345097.1	WP_261330634.1
